{
	"credit": "Made with Blockbench",
	"texture_size": [256, 256],
	"textures": {
		"1": "modelengine:entity/bear_black",
		"particle": "modelengine:entity/bear_black"
	},
	"elements": [
		{
			"from": [0, 14, 8],
			"to": [6, 20, 10],
			"rotation": {"angle": 0, "axis": "y", "origin": [-4, 17, 2]},
			"faces": {
				"north": {"uv": [7.6875, 4.6875, 8.0625, 5.0625], "texture": "#1"},
				"east": {"uv": [5.125, 1.75, 5.25, 2.125], "texture": "#1"},
				"south": {"uv": [7.6875, 7.5, 8.0625, 7.875], "texture": "#1"},
				"west": {"uv": [5.25, 1.75, 5.375, 2.125], "texture": "#1"},
				"up": {"uv": [6.1875, 5.25, 5.8125, 5.125], "texture": "#1"},
				"down": {"uv": [4.25, 6.1875, 3.875, 6.3125], "texture": "#1"}
			}
		},
		{
			"from": [2, 8, 3],
			"to": [14, 17, 15],
			"rotation": {"angle": 0, "axis": "y", "origin": [0, -6, 2]},
			"faces": {
				"north": {"uv": [5.375, 2.875, 6.125, 3.4375], "texture": "#1"},
				"east": {"uv": [7.4375, 0, 6.8125, 0.5625], "texture": "#1"},
				"south": {"uv": [3.875, 6.3125, 4.625, 6.875], "texture": "#1"},
				"west": {"uv": [6.8125, 0, 7.4375, 0.5625], "texture": "#1"},
				"up": {"uv": [5.25, 4.0625, 4.5, 3.4375], "texture": "#1"},
				"down": {"uv": [1.3125, 5.9375, 0.5625, 6.5625], "texture": "#1"}
			}
		},
		{
			"from": [5, 8, -3],
			"to": [11, 13, 3],
			"rotation": {"angle": 0, "axis": "y", "origin": [0, -6, 2]},
			"faces": {
				"north": {"uv": [7.8125, 6.6875, 8.1875, 7], "texture": "#1"},
				"east": {"uv": [6.5, 7.875, 6.125, 8.1875], "texture": "#1"},
				"south": {"uv": [7.875, 0, 8.25, 0.3125], "texture": "#1"},
				"west": {"uv": [6.125, 7.875, 6.5, 8.1875], "texture": "#1"},
				"up": {"uv": [3, 8.125, 2.625, 7.75], "texture": "#1"},
				"down": {"uv": [3.375, 7.75, 3, 8.125], "texture": "#1"}
			}
		},
		{
			"from": [10, 6, -2],
			"to": [10, 8, 0],
			"rotation": {"angle": 0, "axis": "y", "origin": [0, -6, 2]},
			"faces": {
				"north": {"uv": [8.1875, 9.3125, 8.1875, 9.4375], "texture": "#1"},
				"east": {"uv": [6.625, 10.5, 6.5, 10.625], "texture": "#1"},
				"south": {"uv": [7.875, 0, 8.25, 0.3125], "texture": "#1"},
				"west": {"uv": [6.5, 10.5, 6.625, 10.625], "texture": "#1"},
				"up": {"uv": [3, 10.5, 3, 10.375], "texture": "#1"},
				"down": {"uv": [3.375, 10.375, 3.375, 10.5], "texture": "#1"}
			}
		},
		{
			"from": [6, 6, -2],
			"to": [6, 8, 0],
			"rotation": {"angle": 0, "axis": "y", "origin": [0, -6, 2]},
			"faces": {
				"north": {"uv": [8.1875, 9.3125, 8.1875, 9.4375], "texture": "#1"},
				"east": {"uv": [6.625, 10.5, 6.5, 10.625], "texture": "#1"},
				"south": {"uv": [7.875, 0, 8.25, 0.3125], "texture": "#1"},
				"west": {"uv": [6.5, 10.5, 6.625, 10.625], "texture": "#1"},
				"up": {"uv": [3, 10.5, 3, 10.375], "texture": "#1"},
				"down": {"uv": [3.375, 10.375, 3.375, 10.5], "texture": "#1"}
			}
		},
		{
			"from": [-1.41421, 5, 8.41421],
			"to": [4.58579, 17, 8.41421],
			"rotation": {"angle": 0, "axis": "y", "origin": [-6.41421, 12.5, 1.41421]},
			"faces": {
				"north": {"uv": [3.25, 7, 3.625, 7.75], "texture": "#1"},
				"east": {"uv": [0, 0, 0, 0.75], "texture": "#1"},
				"south": {"uv": [3.625, 7, 3.25, 7.75], "texture": "#1"},
				"west": {"uv": [0, 0, 0, 0.75], "texture": "#1"},
				"up": {"uv": [0.375, 0, 0, 0], "texture": "#1"},
				"down": {"uv": [0.375, 0, 0, 0], "texture": "#1"}
			}
		},
		{
			"from": [10, 14, 8],
			"to": [16, 20, 10],
			"rotation": {"angle": 0, "axis": "y", "origin": [6, 17, 2]},
			"faces": {
				"north": {"uv": [8.0625, 4.6875, 7.6875, 5.0625], "texture": "#1"},
				"east": {"uv": [5.375, 1.75, 5.25, 2.125], "texture": "#1"},
				"south": {"uv": [8.0625, 7.5, 7.6875, 7.875], "texture": "#1"},
				"west": {"uv": [5.25, 1.75, 5.125, 2.125], "texture": "#1"},
				"up": {"uv": [5.8125, 5.25, 6.1875, 5.125], "texture": "#1"},
				"down": {"uv": [3.875, 6.1875, 4.25, 6.3125], "texture": "#1"}
			}
		},
		{
			"from": [11.41421, 5, 8.41421],
			"to": [17.41421, 17, 8.41421],
			"rotation": {"angle": 0, "axis": "y", "origin": [8.41421, 12.5, 1.41421]},
			"faces": {
				"north": {"uv": [3.625, 7, 3.25, 7.75], "texture": "#1"},
				"east": {"uv": [0, 0, 0, 0.75], "texture": "#1"},
				"south": {"uv": [3.25, 7, 3.625, 7.75], "texture": "#1"},
				"west": {"uv": [0, 0, 0, 0.75], "texture": "#1"},
				"up": {"uv": [0, 0, 0.375, 0], "texture": "#1"},
				"down": {"uv": [0, 0, 0.375, 0], "texture": "#1"}
			}
		}
	],
	"gui_light": "front",
	"display": {
		"thirdperson_righthand": {
			"rotation": [28, 17, 0],
			"scale": [0.6, 0.6, 0.6]
		},
		"thirdperson_lefthand": {
			"rotation": [28, 17, 0],
			"scale": [0.6, 0.6, 0.6]
		},
		"firstperson_righthand": {
			"rotation": [-14, 110, 0],
			"scale": [0.6, 0.6, 0.6]
		},
		"firstperson_lefthand": {
			"rotation": [-14, 110, 0],
			"scale": [0.6, 0.6, 0.6]
		},
		"ground": {
			"rotation": [31, 0, 0],
			"scale": [0.6, 0.6, 0.6]
		},
		"gui": {
			"rotation": [21, 163, 0],
			"translation": [0, -3, 0],
			"scale": [0.8, 0.8, 0.8]
		},
		"head": {
			"translation": [0, -2.25, -1.5],
			"scale": [1.2, 1.2, 1.2]
		},
		"fixed": {
			"translation": [0, -4.25, -2.75]
		}
	},
	"groups": [
		{
			"name": "h_head",
			"origin": [1.54882, 10.1857, 5.04686],
			"color": 0,
			"children": [0, 1, 2, 3, 4, 5, 6, 7]
		}
	]
}