{
	"credit": "Made with Blockbench",
	"parent": "cosmetics/wumpus_backpack",
	"texture_size": [48, 48],
	"textures": {
		"0": "cosmetics/wumpus_backpack",
		"particle": "cosmetics/wumpus_backpack"
	},
	"elements": [
		{
			"from": [5, 12.25, 10],
			"to": [11, 19, 14],
			"faces": {
				"north": {"uv": [0, 4, 2, 6.33333], "texture": "#0"},
				"east": {"uv": [6, 2, 7.33333, 4.33333], "texture": "#0"},
				"south": {"uv": [2, 4, 4, 6.33333], "texture": "#0"},
				"west": {"uv": [4, 6, 5.33333, 8.33333], "texture": "#0"},
				"up": {"uv": [2, 7.66667, 0, 6.33333], "texture": "#0"},
				"down": {"uv": [4, 6.33333, 2, 7.66667], "texture": "#0"}
			}
		},
		{
			"from": [-6, 17, 11],
			"to": [-1, 19, 13],
			"rotation": {"angle": -22.5, "axis": "z", "origin": [0, 0, 0]},
			"faces": {
				"north": {"uv": [8, 5.33333, 9.66667, 6], "texture": "#0"},
				"east": {"uv": [10.33333, 6, 11, 6.66667], "texture": "#0"},
				"south": {"uv": [6.33333, 8, 8, 8.66667], "texture": "#0"},
				"west": {"uv": [10.33333, 6.66667, 11, 7.33333], "texture": "#0"},
				"up": {"uv": [9.66667, 8.66667, 8, 8], "texture": "#0"},
				"down": {"uv": [10.33333, 6, 8.66667, 6.66667], "texture": "#0"}
			}
		},
		{
			"from": [17, 17, 11],
			"to": [22, 19, 13],
			"rotation": {"angle": 22.5, "axis": "z", "origin": [16, 0, 0]},
			"faces": {
				"north": {"uv": [6.33333, 8.66667, 8, 9.33333], "texture": "#0"},
				"east": {"uv": [10.33333, 7.33333, 11, 8], "texture": "#0"},
				"south": {"uv": [8.66667, 6.66667, 10.33333, 7.33333], "texture": "#0"},
				"west": {"uv": [10.33333, 8, 11, 8.66667], "texture": "#0"},
				"up": {"uv": [10.33333, 8, 8.66667, 7.33333], "texture": "#0"},
				"down": {"uv": [9.66667, 8.66667, 8, 9.33333], "texture": "#0"}
			}
		},
		{
			"from": [3.5, 19, 9],
			"to": [12.5, 25, 14.5],
			"faces": {
				"north": {"uv": [0, 0, 3, 2], "texture": "#0"},
				"east": {"uv": [4, 4, 6, 6], "texture": "#0"},
				"south": {"uv": [0, 2, 3, 4], "texture": "#0"},
				"west": {"uv": [6, 0, 8, 2], "texture": "#0"},
				"up": {"uv": [6, 2, 3, 0], "texture": "#0"},
				"down": {"uv": [6, 2, 3, 4], "texture": "#0"}
			}
		},
		{
			"from": [6.5, 6, 28],
			"to": [11.5, 11, 28],
			"rotation": {"angle": -45, "axis": "x", "origin": [0, 0, 0]},
			"faces": {
				"north": {"uv": [6, 4.33333, 7.66667, 6], "texture": "#0"},
				"east": {"uv": [0, 0, 0, 1.66667], "texture": "#0"},
				"south": {"uv": [5.33333, 6, 7, 7.66667], "texture": "#0"},
				"west": {"uv": [0, 0, 0, 1.66667], "texture": "#0"},
				"up": {"uv": [1.66667, 0, 0, 0], "texture": "#0"},
				"down": {"uv": [1.66667, 0, 0, 0], "texture": "#0"}
			}
		},
		{
			"from": [5.5, 19, 14.5],
			"to": [10.5, 22, 15.5],
			"faces": {
				"north": {"uv": [7, 6, 8.66667, 7], "texture": "#0"},
				"east": {"uv": [10.66667, 1.66667, 11, 2.66667], "texture": "#0"},
				"south": {"uv": [7, 7, 8.66667, 8], "texture": "#0"},
				"west": {"uv": [10.66667, 2.66667, 11, 3.66667], "texture": "#0"},
				"up": {"uv": [12, 4, 10.33333, 3.66667], "texture": "#0"},
				"down": {"uv": [12, 4, 10.33333, 4.33333], "texture": "#0"}
			}
		},
		{
			"from": [5.25, -3, 17],
			"to": [7, 1, 19],
			"rotation": {"angle": -45, "axis": "x", "origin": [0, 0, 0]},
			"faces": {
				"north": {"uv": [9, 2.66667, 9.66667, 4], "texture": "#0"},
				"east": {"uv": [9, 4, 9.66667, 5.33333], "texture": "#0"},
				"south": {"uv": [6.33333, 9.33333, 7, 10.66667], "texture": "#0"},
				"west": {"uv": [7, 9.33333, 7.66667, 10.66667], "texture": "#0"},
				"up": {"uv": [11, 9.33333, 10.33333, 8.66667], "texture": "#0"},
				"down": {"uv": [10.66667, 10.33333, 10, 11], "texture": "#0"}
			}
		},
		{
			"from": [9, -3, 17],
			"to": [10.75, 1, 19],
			"rotation": {"angle": -45, "axis": "x", "origin": [16, 0, 0]},
			"faces": {
				"north": {"uv": [7.66667, 9.33333, 8.33333, 10.66667], "texture": "#0"},
				"east": {"uv": [8.33333, 9.33333, 9, 10.66667], "texture": "#0"},
				"south": {"uv": [9, 9.33333, 9.66667, 10.66667], "texture": "#0"},
				"west": {"uv": [9.66667, 0, 10.33333, 1.33333], "texture": "#0"},
				"up": {"uv": [11.33333, 1, 10.66667, 0.33333], "texture": "#0"},
				"down": {"uv": [11.33333, 1, 10.66667, 1.66667], "texture": "#0"}
			}
		}
	],
	"display": {
		"thirdperson_righthand": {
			"rotation": [87, -180, 0],
			"translation": [0, -3, -3.5],
			"scale": [0.7, 0.7, 0.7]
		},
		"thirdperson_lefthand": {
			"rotation": [87, -180, 0],
			"translation": [0, -3, -3.5],
			"scale": [0.7, 0.7, 0.7]
		},
		"firstperson_righthand": {
			"rotation": [-12, -20, 18],
			"translation": [5.5, -2, 0],
			"scale": [0.7, 0.7, 0.7]
		},
		"firstperson_lefthand": {
			"rotation": [-12, -20, 18],
			"translation": [5.5, -2, 0],
			"scale": [0.7, 0.7, 0.7]
		},
		"ground": {
			"translation": [0, -7.5, 0]
		},
		"gui": {
			"rotation": [26, -42, 0],
			"translation": [1.75, -6.25, 0],
			"scale": [0.8, 0.8, 0.8]
		},
		"head": {
			"translation": [0, -63, 1],
			"scale": [1.4, 1.4, 1.4]
		},
		"fixed": {
			"rotation": [-73, -180, 0],
			"translation": [0, 7, 9.25],
			"scale": [2, 2, 2]
		}
	},
	"groups": [
		{
			"name": "Hibiscus_WumpusBackpack",
			"origin": [8, 8, 8],
			"color": 0,
			"children": [0, 1, 2, 3, 4, 5, 6, 7]
		}
	]
}