{"credit":"MadewithBlockbench","textures":{"0":"furnituresplus:furnituresplus/amethyst_block","1":"furnituresplus:furnituresplus/amethystefabric","2":"furnituresplus:furnituresplus/quartz_pillar","particle":"furnituresplus:furnituresplus/amethyst_block"},"elements":[{"from":[15,16.5,0],"to":[16,23,16],"faces":{"north":{"uv":[0,0,1,6.5],"texture":"#2"},"east":{"uv":[0,0,16,6.5],"texture":"#2"},"south":{"uv":[0,0,1,6.5],"texture":"#2"},"west":{"uv":[0,0,16,6.5],"texture":"#2"},"up":{"uv":[0,0,1,16],"texture":"#2"},"down":{"uv":[0,0,1,16],"texture":"#2"}}},{"from":[7.4,16.5,0],"to":[8.4,23,16],"faces":{"north":{"uv":[0,0,1,6.5],"texture":"#2"},"east":{"uv":[0,0,16,6.5],"texture":"#2"},"south":{"uv":[0,0,1,6.5],"texture":"#2"},"west":{"uv":[0,0,16,6.5],"texture":"#2"},"up":{"uv":[0,0,1,16],"texture":"#2"},"down":{"uv":[0,0,1,16],"texture":"#2"}}},{"from":[0,16.5,0],"to":[1,23,16],"faces":{"north":{"uv":[0,0,1,6.5],"texture":"#2"},"east":{"uv":[0,0,16,6.5],"texture":"#2"},"south":{"uv":[0,0,1,6.5],"texture":"#2"},"west":{"uv":[0,0,16,6.5],"texture":"#2"},"up":{"uv":[0,0,1,16],"texture":"#2"},"down":{"uv":[0,0,1,16],"texture":"#2"}}},{"from":[15,24,0],"to":[16,31,16],"faces":{"north":{"uv":[0,0,1,7],"texture":"#2"},"east":{"uv":[0,0,16,7],"texture":"#2"},"south":{"uv":[0,0,1,7],"texture":"#2"},"west":{"uv":[0,0,16,7],"texture":"#2"},"up":{"uv":[0,0,1,16],"texture":"#2"},"down":{"uv":[0,0,1,16],"texture":"#2"}}},{"from":[7.4,24,0],"to":[8.4,31,16],"faces":{"north":{"uv":[0,0,1,7],"texture":"#2"},"east":{"uv":[0,0,16,7],"texture":"#2"},"south":{"uv":[0,0,1,7],"texture":"#2"},"west":{"uv":[0,0,16,7],"texture":"#2"},"up":{"uv":[0,0,1,16],"texture":"#2"},"down":{"uv":[0,0,1,16],"texture":"#2"}}},{"from":[0,24,0],"to":[1,31,16],"faces":{"north":{"uv":[0,0,1,7],"texture":"#2"},"east":{"uv":[0,0,16,7],"texture":"#2"},"south":{"uv":[0,0,1,7],"texture":"#2"},"west":{"uv":[0,0,16,7],"texture":"#2"},"up":{"uv":[0,0,1,16],"texture":"#2"},"down":{"uv":[0,0,1,16],"texture":"#2"}}},{"from":[0,0.4,14],"to":[1,8.6,15],"rotation":{"angle":-22.5,"axis":"z","origin":[0,0,0]},"faces":{"north":{"uv":[0,0,1,8.2],"texture":"#2"},"east":{"uv":[0,0,1,8.2],"texture":"#2"},"south":{"uv":[0,0,1,8.2],"texture":"#2"},"west":{"uv":[0,0,1,8.2],"texture":"#2"},"up":{"uv":[0,0,1,1],"texture":"#2"},"down":{"uv":[0,0,1,1],"texture":"#2"}}},{"from":[0,0.4,1],"to":[1,8.6,2],"rotation":{"angle":-22.5,"axis":"z","origin":[0,0,0]},"faces":{"north":{"uv":[0,0,1,8.2],"texture":"#2"},"east":{"uv":[0,0,1,8.2],"texture":"#2"},"south":{"uv":[0,0,1,8.2],"texture":"#2"},"west":{"uv":[0,0,1,8.2],"texture":"#2"},"up":{"uv":[0,0,1,1],"texture":"#2"},"down":{"uv":[0,0,1,1],"texture":"#2"}}},{"from":[15,0.4,1],"to":[16,8.6,2],"rotation":{"angle":22.5,"axis":"z","origin":[16,0,0]},"faces":{"north":{"uv":[1,0,0,8.2],"texture":"#2"},"east":{"uv":[1,0,0,8.2],"texture":"#2"},"south":{"uv":[1,0,0,8.2],"texture":"#2"},"west":{"uv":[1,0,0,8.2],"texture":"#2"},"up":{"uv":[1,0,0,1],"texture":"#2"},"down":{"uv":[1,0,0,1],"texture":"#2"}}},{"from":[15,0.4,14],"to":[16,8.6,15],"rotation":{"angle":22.5,"axis":"z","origin":[16,0,0]},"faces":{"north":{"uv":[1,0,0,8.2],"texture":"#2"},"east":{"uv":[1,0,0,8.2],"texture":"#2"},"south":{"uv":[1,0,0,8.2],"texture":"#2"},"west":{"uv":[1,0,0,8.2],"texture":"#2"},"up":{"uv":[1,0,0,1],"texture":"#2"},"down":{"uv":[1,0,0,1],"texture":"#2"}}},{"from":[0,8.4,0],"to":[1,15.5,16],"faces":{"north":{"uv":[0,0,1,7.1],"texture":"#2"},"east":{"uv":[0,0,16,7.1],"texture":"#2"},"south":{"uv":[0,0,1,7.1],"texture":"#2"},"west":{"uv":[0,0,16,7.1],"texture":"#2"},"up":{"uv":[0,0,1,16],"texture":"#2"},"down":{"uv":[0,0,1,16],"texture":"#2"}}},{"from":[15,8.4,0],"to":[16,15.5,16],"faces":{"north":{"uv":[0,0,1,7.1],"texture":"#2"},"east":{"uv":[0,0,16,7.1],"texture":"#2"},"south":{"uv":[0,0,1,7.1],"texture":"#2"},"west":{"uv":[0,0,16,7.1],"texture":"#2"},"up":{"uv":[0,0,1,16],"texture":"#2"},"down":{"uv":[0,0,1,16],"texture":"#2"}}},{"from":[7.4,8.4,0],"to":[8.4,15.5,16],"faces":{"north":{"uv":[0,0,1,7.1],"texture":"#2"},"east":{"uv":[0,0,16,7.1],"texture":"#2"},"south":{"uv":[0,0,1,7.1],"texture":"#2"},"west":{"uv":[0,0,16,7.1],"texture":"#2"},"up":{"uv":[0,0,1,16],"texture":"#2"},"down":{"uv":[0,0,1,16],"texture":"#2"}}},{"from":[0,15.5,0],"to":[16,16.5,16],"faces":{"north":{"uv":[0,0,16,1],"texture":"#2"},"east":{"uv":[0,0,16,1],"texture":"#2"},"south":{"uv":[0,0,16,1],"texture":"#2"},"west":{"uv":[0,0,16,1],"texture":"#2"},"up":{"uv":[0,0,16,16],"texture":"#2"},"down":{"uv":[0,0,16,16],"texture":"#2"}}},{"from":[8.5,16.6,0],"to":[14.9,22.9,15.3],"faces":{"north":{"uv":[0,0,6.4,6.3],"texture":"#2"},"east":{"uv":[0,0,15.3,6.3],"texture":"#2"},"south":{"uv":[0,0,16,16],"texture":"#1"},"west":{"uv":[0,0,15.3,6.3],"texture":"#2"},"up":{"uv":[0,0,6.4,15.3],"texture":"#2"},"down":{"uv":[0,0,6.4,15.3],"texture":"#2"}}},{"from":[8.5,8.6,0],"to":[14.9,15.4,15.3],"faces":{"north":{"uv":[0,0,6.4,6.8],"texture":"#2"},"east":{"uv":[0,0,15.3,6.8],"texture":"#2"},"south":{"uv":[0,0,16,16],"texture":"#0"},"west":{"uv":[0,0,15.3,6.8],"texture":"#2"},"up":{"uv":[0,0,6.4,15.3],"texture":"#2"},"down":{"uv":[0,0,6.4,15.3],"texture":"#2"}}},{"from":[1.1,24.1,0],"to":[7.3,30.9,15.3],"faces":{"north":{"uv":[0,0,6.2,6.8],"texture":"#2"},"east":{"uv":[0,0,15.3,6.8],"texture":"#2"},"south":{"uv":[0,0,16,16],"texture":"#0"},"west":{"uv":[0,0,15.3,6.8],"texture":"#2"},"up":{"uv":[0,0,6.2,15.3],"texture":"#2"},"down":{"uv":[0,0,6.2,15.3],"texture":"#2"}}},{"from":[1.1,8.6,0],"to":[7.3,15.4,15.3],"faces":{"north":{"uv":[0,0,6.2,6.8],"texture":"#2"},"east":{"uv":[0,0,15.3,6.8],"texture":"#2"},"south":{"uv":[0,0,16,16],"texture":"#1"},"west":{"uv":[0,0,15.3,6.8],"texture":"#2"},"up":{"uv":[0,0,6.2,15.3],"texture":"#2"},"down":{"uv":[0,0,6.2,15.3],"texture":"#2"}}},{"from":[0,7.5,0],"to":[16,8.5,16],"faces":{"north":{"uv":[0,0,16,1],"texture":"#2"},"east":{"uv":[0,0,16,1],"texture":"#2"},"south":{"uv":[0,0,16,1],"texture":"#2"},"west":{"uv":[0,0,16,1],"texture":"#2"},"up":{"uv":[0,0,16,16],"texture":"#2"},"down":{"uv":[0,0,16,16],"texture":"#2"}}},{"from":[0,31,0],"to":[16,32,16],"faces":{"north":{"uv":[0,0,16,1],"texture":"#2"},"east":{"uv":[0,0,16,1],"texture":"#2"},"south":{"uv":[0,0,16,1],"texture":"#2"},"west":{"uv":[0,0,16,1],"texture":"#2"},"up":{"uv":[0,0,16,16],"texture":"#2"},"down":{"uv":[0,0,16,16],"texture":"#2"}}},{"from":[0,23,0],"to":[16,24,16],"faces":{"north":{"uv":[0,0,16,1],"texture":"#2"},"east":{"uv":[0,0,16,1],"texture":"#2"},"south":{"uv":[0,0,16,1],"texture":"#2"},"west":{"uv":[0,0,16,1],"texture":"#2"},"up":{"uv":[0,0,16,16],"texture":"#2"},"down":{"uv":[0,0,16,16],"texture":"#2"}}},{"from":[3.8,11.6,15],"to":[4.8,12.6,16],"faces":{"north":{"uv":[0,0,1,1],"texture":"#2"},"east":{"uv":[0,0,1,1],"texture":"#2"},"south":{"uv":[0,0,1,1],"texture":"#2"},"west":{"uv":[0,0,1,1],"texture":"#2"},"up":{"uv":[0,0,1,1],"texture":"#2"},"down":{"uv":[0,0,1,1],"texture":"#2"}}},{"from":[3.8,27.4,15],"to":[4.8,28.4,16],"faces":{"north":{"uv":[0,0,1,1],"texture":"#2"},"east":{"uv":[0,0,1,1],"texture":"#2"},"south":{"uv":[0,0,1,1],"texture":"#2"},"west":{"uv":[0,0,1,1],"texture":"#2"},"up":{"uv":[0,0,1,1],"texture":"#2"},"down":{"uv":[0,0,1,1],"texture":"#2"}}},{"from":[11.3,11.6,15],"to":[12.3,12.6,16],"faces":{"north":{"uv":[0,0,1,1],"texture":"#2"},"east":{"uv":[0,0,1,1],"texture":"#2"},"south":{"uv":[0,0,1,1],"texture":"#2"},"west":{"uv":[0,0,1,1],"texture":"#2"},"up":{"uv":[0,0,1,1],"texture":"#2"},"down":{"uv":[0,0,1,1],"texture":"#2"}}},{"from":[11.3,19.6,15],"to":[12.3,20.6,16],"faces":{"north":{"uv":[0,0,1,1],"texture":"#2"},"east":{"uv":[0,0,1,1],"texture":"#2"},"south":{"uv":[0,0,1,1],"texture":"#2"},"west":{"uv":[0,0,1,1],"texture":"#2"},"up":{"uv":[0,0,1,1],"texture":"#2"},"down":{"uv":[0,0,1,1],"texture":"#2"}}}],"display":{"thirdperson_righthand":{"rotation":[75,45,0],"translation":[0,2.5,0],"scale":[0.19922,0.19922,0.19922]},"thirdperson_lefthand":{"rotation":[75,45,0],"translation":[0,2.5,0],"scale":[0.375,0.375,0.375]},"firstperson_righthand":{"rotation":[0,45,0],"scale":[0.4,0.4,0.4]},"firstperson_lefthand":{"rotation":[0,45,0],"scale":[0.4,0.4,0.4]},"ground":{"translation":[0,2,0],"scale":[0.5,0.5,0.5]},"gui":{"rotation":[30,45,0],"translation":[0,-2.85,0],"scale":[0.39258,0.39258,0.39258]},"head":{"translation":[0,-30.4,0],"scale":[1.6,1.6,1.6]},"fixed":{"rotation":[-90,180,0],"translation":[0,0,-14],"scale":[2.01,2.01,2.01]}}}