{"credit":"MadewithBlockbench","textures":{"1":"furnituresplus:furnituresplus/quartz_pillar","2":"furnituresplus:furnituresplus/amethystepainta","3":"furnituresplus:furnituresplus/amethystpaintb","4":"furnituresplus:furnituresplus/amethystefabric","particle":"furnituresplus:furnituresplus/quartz_pillar"},"elements":[{"from":[0,1,0],"to":[16,2,2],"faces":{"north":{"uv":[0,0,16,1],"texture":"#1"},"east":{"uv":[0,0,2,1],"texture":"#1"},"south":{"uv":[0,0,16,1],"texture":"#1"},"west":{"uv":[0,0,2,1],"texture":"#1"},"up":{"uv":[0,0,16,2],"texture":"#1"},"down":{"uv":[0,0,16,2],"texture":"#1"}}},{"from":[0,14,0],"to":[16,15,2],"faces":{"north":{"uv":[0,0,16,1],"texture":"#1"},"east":{"uv":[0,0,2,1],"texture":"#1"},"south":{"uv":[0,0,16,1],"texture":"#1"},"west":{"uv":[0,0,2,1],"texture":"#1"},"up":{"uv":[0,0,16,2],"texture":"#1"},"down":{"uv":[0,0,16,2],"texture":"#1"}}},{"from":[14,0,0],"to":[15,16,1.9],"faces":{"north":{"uv":[0,0,1,16],"texture":"#1"},"east":{"uv":[0,0,2,16],"texture":"#1"},"south":{"uv":[0,0,1,16],"texture":"#1"},"west":{"uv":[0,0,2,16],"texture":"#1"},"up":{"uv":[0,0,1,2],"texture":"#1"},"down":{"uv":[0,0,1,2],"texture":"#1"}}},{"from":[1,0,0],"to":[2,16,1.9],"faces":{"north":{"uv":[0,0,1,16],"texture":"#1"},"east":{"uv":[0,0,2,16],"texture":"#1"},"south":{"uv":[0,0,1,16],"texture":"#1"},"west":{"uv":[0,0,2,16],"texture":"#1"},"up":{"uv":[0,0,1,2],"texture":"#1"},"down":{"uv":[0,0,1,2],"texture":"#1"}}},{"from":[2,2,0],"to":[14,14,1],"faces":{"north":{"uv":[0,0,14,16],"texture":"#missing"},"east":{"uv":[0,0,1,16],"texture":"#missing"},"south":{"uv":[1,14,2,16],"texture":"#4"},"west":{"uv":[0,0,1,16],"texture":"#missing"},"up":{"uv":[0,0,14,1],"texture":"#missing"},"down":{"uv":[0,0,14,1],"texture":"#missing"}}},{"from":[4,4,1],"to":[12,12,1.1],"faces":{"north":{"uv":[0,0,14,16],"texture":"#3"},"east":{"uv":[0,0,1,16],"texture":"#3"},"south":{"uv":[0,0,16,16],"texture":"#3"},"west":{"uv":[0,0,1,16],"texture":"#3"},"up":{"uv":[0,0,14,1],"texture":"#3"},"down":{"uv":[0,0,14,1],"texture":"#3"}}},{"from":[4,20,1],"to":[12,28,1.1],"faces":{"north":{"uv":[0,0,14,16],"texture":"#2"},"east":{"uv":[0,0,1,16],"texture":"#2"},"south":{"uv":[0,0,16,16],"texture":"#2"},"west":{"uv":[0,0,1,16],"texture":"#2"},"up":{"uv":[0,0,14,1],"texture":"#2"},"down":{"uv":[0,0,14,1],"texture":"#2"}}},{"from":[2,18,0],"to":[14,30,1],"faces":{"north":{"uv":[0,0,14,16],"texture":"#missing"},"east":{"uv":[0,0,1,16],"texture":"#missing"},"south":{"uv":[1,14,2,16],"texture":"#4"},"west":{"uv":[0,0,1,16],"texture":"#missing"},"up":{"uv":[0,0,14,1],"texture":"#missing"},"down":{"uv":[0,0,14,1],"texture":"#missing"}}},{"from":[0,17,0],"to":[16,18,2],"faces":{"north":{"uv":[0,0,16,1],"texture":"#1"},"east":{"uv":[0,0,2,1],"texture":"#1"},"south":{"uv":[0,0,16,1],"texture":"#1"},"west":{"uv":[0,0,2,1],"texture":"#1"},"up":{"uv":[0,0,16,2],"texture":"#1"},"down":{"uv":[0,0,16,2],"texture":"#1"}}},{"from":[0,30,0],"to":[16,31,2],"faces":{"north":{"uv":[0,0,16,1],"texture":"#1"},"east":{"uv":[0,0,2,1],"texture":"#1"},"south":{"uv":[0,0,16,1],"texture":"#1"},"west":{"uv":[0,0,2,1],"texture":"#1"},"up":{"uv":[0,0,16,2],"texture":"#1"},"down":{"uv":[0,0,16,2],"texture":"#1"}}},{"from":[14,16,0],"to":[15,32,1.9],"faces":{"north":{"uv":[0,0,1,16],"texture":"#1"},"east":{"uv":[0,0,2,16],"texture":"#1"},"south":{"uv":[0,0,1,16],"texture":"#1"},"west":{"uv":[0,0,2,16],"texture":"#1"},"up":{"uv":[0,0,1,2],"texture":"#1"},"down":{"uv":[0,0,1,2],"texture":"#1"}}},{"from":[1,16,0],"to":[2,32,1.9],"faces":{"north":{"uv":[0,0,1,16],"texture":"#1"},"east":{"uv":[0,0,2,16],"texture":"#1"},"south":{"uv":[0,0,1,16],"texture":"#1"},"west":{"uv":[0,0,2,16],"texture":"#1"},"up":{"uv":[0,0,1,2],"texture":"#1"},"down":{"uv":[0,0,1,2],"texture":"#1"}}}],"display":{"thirdperson_righthand":{"rotation":[55.75,45,0],"translation":[0,0.25,0.5],"scale":[0.26172,0.26172,0.26172]},"thirdperson_lefthand":{"rotation":[75,45,0],"translation":[0,2.5,0],"scale":[0.375,0.375,0.375]},"firstperson_righthand":{"rotation":[0,45,0],"scale":[0.4,0.4,0.4]},"firstperson_lefthand":{"rotation":[0,45,0],"scale":[0.4,0.4,0.4]},"ground":{"translation":[0,2,0],"scale":[0.5,0.5,0.5]},"gui":{"rotation":[30,45,0],"translation":[2,-4.6,0],"scale":[0.4375,0.4375,0.4375]},"head":{"translation":[0,-30.4,0],"scale":[1.6,1.6,1.6]},"fixed":{"rotation":[-90,180,0],"translation":[0,0,-14],"scale":[2.01,2.01,2.01]}}}