{"credit":"MadewithBlockbench","textures":{"1":"furnituresplus:furnituresplus/light_gray_wool","2":"furnituresplus:furnituresplus/acacia_planks","3":"furnituresplus:furnituresplus/acaciagrayfabric","particle":"furnituresplus:furnituresplus/light_gray_wool"},"elements":[{"from":[0,3,1],"to":[13,9,16],"faces":{"north":{"uv":[0,0,15,6],"texture":"#1"},"east":{"uv":[0,0,15,6],"texture":"#1"},"south":{"uv":[0,0,15,6],"texture":"#1"},"west":{"uv":[0,0,15,6],"texture":"#1"},"up":{"uv":[0,0,15,15],"texture":"#1"},"down":{"uv":[0,0,15,15],"texture":"#1"}}},{"from":[0,2,1],"to":[13,3,16],"faces":{"north":{"uv":[0,0,13,1],"texture":"#2"},"east":{"uv":[0,0,14,1],"texture":"#2"},"south":{"uv":[0,0,13,1],"texture":"#2"},"west":{"uv":[0,0,14,1],"texture":"#2"},"up":{"uv":[0,0,13,14],"texture":"#2"},"down":{"uv":[0,0,13,14],"texture":"#2"}}},{"from":[0,9,1],"to":[13,16,6],"faces":{"north":{"uv":[0,0,15,10],"texture":"#1"},"east":{"uv":[0,0,8,10],"texture":"#1"},"south":{"uv":[0,0,15,10],"texture":"#1"},"west":{"uv":[0,0,3,10],"texture":"#1"},"up":{"uv":[0,0,15,5],"texture":"#1"},"down":{"uv":[0,0,15,3],"texture":"#1"}}},{"from":[2.4,5.4,9.4],"to":[10.4,11.9,12.5],"rotation":{"angle":-22.5,"axis":"x","origin":[0,0,0]},"faces":{"north":{"uv":[0,0,15,10],"texture":"#3"},"east":{"uv":[0,0,8,10],"texture":"#3"},"south":{"uv":[0,0,15,10],"texture":"#3"},"west":{"uv":[0,0,3,10],"texture":"#3"},"up":{"uv":[0,0,15,5],"texture":"#3"},"down":{"uv":[0,0,15,3],"texture":"#3"}}},{"from":[13,10,0],"to":[16,13,13],"faces":{"north":{"uv":[0,0,3,1],"texture":"#2"},"east":{"uv":[0,0,13,3],"texture":"#2"},"south":{"uv":[1,5,0,2],"rotation":90,"texture":"#2"},"west":{"uv":[0,0,13,1],"texture":"#2"},"up":{"uv":[14,5,0,2],"rotation":90,"texture":"#2"},"down":{"uv":[0,0,3,13],"texture":"#2"}}},{"from":[13,0,1],"to":[16,1,12],"faces":{"north":{"uv":[0,0,3,1],"texture":"#2"},"east":{"uv":[0,0,11,1],"texture":"#2"},"south":{"uv":[0,0,3,1],"texture":"#2"},"west":{"uv":[0,0,11,1],"texture":"#2"},"up":{"uv":[0,0,11,1],"texture":"#2"},"down":{"uv":[0,0,3,11],"texture":"#2"}}},{"from":[13,1,1],"to":[15.2,5,12],"faces":{"north":{"uv":[0,0,2.9,1],"texture":"#2"},"east":{"uv":[0,0,11,4],"texture":"#2"},"south":{"uv":[0,0,2.9,1],"texture":"#2"},"west":{"uv":[0,0,11,1],"texture":"#2"},"up":{"uv":[0,0,3,13],"texture":"#2"},"down":{"uv":[0,0,2.9,11],"texture":"#2"}}},{"from":[13,0,12],"to":[16,10,13],"faces":{"north":{"uv":[14,5,0,2],"rotation":90,"texture":"#2"},"east":{"uv":[15,1,0,0],"rotation":90,"texture":"#2"},"south":{"uv":[14,5,0,2],"rotation":90,"texture":"#2"},"west":{"uv":[0,0,1,12],"texture":"#2"},"up":{"uv":[0,0,3,1],"texture":"#2"},"down":{"uv":[0,0,3,1],"texture":"#2"}}},{"from":[13,0,0],"to":[16,10,1],"faces":{"north":{"uv":[14,5,0,2],"rotation":90,"texture":"#2"},"east":{"uv":[15,1,0,0],"rotation":90,"texture":"#2"},"south":{"uv":[14,5,0,2],"rotation":90,"texture":"#2"},"west":{"uv":[0,0,1,12],"texture":"#2"},"up":{"uv":[0,0,3,1],"texture":"#2"},"down":{"uv":[0,0,3,1],"texture":"#2"}}},{"from":[0,10,0],"to":[13,13,1],"faces":{"north":{"uv":[0,3,14,7],"texture":"#2"},"east":{"uv":[0,0,1,3],"texture":"#2"},"south":{"uv":[0,0,14,3],"texture":"#2"},"west":{"uv":[0,0,1,3],"texture":"#2"},"up":{"uv":[0,0,14,1],"texture":"#2"},"down":{"uv":[0,0,14,1],"texture":"#2"}}},{"from":[0,2,0],"to":[13,5,1],"faces":{"north":{"uv":[0,1,14,4],"texture":"#2"},"east":{"uv":[0,0,1,1],"texture":"#2"},"south":{"uv":[0,0,14,1],"texture":"#2"},"west":{"uv":[0,0,1,1],"texture":"#2"},"up":{"uv":[0,0,14,1],"texture":"#2"},"down":{"uv":[0,0,14,1],"texture":"#2"}}}],"display":{"thirdperson_righthand":{"rotation":[75,45,0],"translation":[0,2.5,0],"scale":[0.375,0.375,0.375]},"thirdperson_lefthand":{"rotation":[75,45,0],"translation":[0,2.5,0],"scale":[0.375,0.375,0.375]},"firstperson_righthand":{"rotation":[0,45,0],"scale":[0.4,0.4,0.4]},"firstperson_lefthand":{"rotation":[0,45,0],"scale":[0.4,0.4,0.4]},"ground":{"translation":[0,2,0],"scale":[0.5,0.5,0.5]},"gui":{"rotation":[30,45,0],"translation":[0,-0.6,0],"scale":[0.5,0.5,0.5]},"head":{"translation":[0,-30.4,0],"scale":[1.6,1.6,1.6]},"fixed":{"rotation":[-90,180,0],"translation":[0,0,-14],"scale":[2.01,2.01,2.01]}}}