{"credit":"MadewithBlockbench","textures":{"2":"furnituresplus:furnituresplus/acacia_planks","3":"furnituresplus:furnituresplus/acaciagrayfabric"},"elements":[{"from":[7,25,7],"to":[9,30,9],"faces":{"north":{"uv":[10,4,11,5],"texture":"#3"},"east":{"uv":[10,4,11,5],"texture":"#3"},"south":{"uv":[10,4,11,5],"texture":"#3"},"west":{"uv":[10,4,11,5],"texture":"#3"},"up":{"uv":[10,4,11,5],"texture":"#3"},"down":{"uv":[10,4,11,5],"texture":"#3"}}},{"from":[7.8,24,4],"to":[8.2,25,12],"faces":{"north":{"uv":[0,0,0.4,1],"texture":"#2"},"east":{"uv":[0,0,8,1],"texture":"#2"},"south":{"uv":[0,0,0.4,1],"texture":"#2"},"west":{"uv":[0,0,8,1],"texture":"#2"},"up":{"uv":[0,0,0.4,8],"texture":"#2"},"down":{"uv":[0,0,0.4,8],"texture":"#2"}}},{"from":[4,24,7.8],"to":[12,25,8.2],"faces":{"north":{"uv":[0,0,8,1],"texture":"#2"},"east":{"uv":[0,0,0.4,1],"texture":"#2"},"south":{"uv":[0,0,8,1],"texture":"#2"},"west":{"uv":[0,0,0.4,1],"texture":"#2"},"up":{"uv":[0,0,0.4,8],"rotation":270,"texture":"#2"},"down":{"uv":[0,0,0.4,8],"rotation":90,"texture":"#2"}}},{"from":[4,24,12],"to":[12,32,13],"faces":{"north":{"uv":[0,0,16,16],"texture":"#3"},"east":{"uv":[0,0,1,7],"texture":"#3"},"south":{"uv":[0,0,16,16],"texture":"#3"},"west":{"uv":[0,0,1,7],"texture":"#3"},"up":{"uv":[0,0,8,1],"texture":"#3"},"down":{"uv":[0,0,8,1],"texture":"#3"}}},{"from":[4,24,3],"to":[12,32,4],"faces":{"north":{"uv":[0,0,16,16],"texture":"#3"},"east":{"uv":[0,0,1,7],"texture":"#3"},"south":{"uv":[0,0,16,16],"texture":"#3"},"west":{"uv":[0,0,1,7],"texture":"#3"},"up":{"uv":[0,0,8,1],"texture":"#3"},"down":{"uv":[0,0,8,1],"texture":"#3"}}},{"from":[3,24,4],"to":[4,32,12],"faces":{"north":{"uv":[0,0,1,7],"texture":"#3"},"east":{"uv":[0,0,16,16],"texture":"#3"},"south":{"uv":[0,0,1,7],"texture":"#3"},"west":{"uv":[0,0,16,16],"texture":"#3"},"up":{"uv":[0,0,8,1],"rotation":270,"texture":"#3"},"down":{"uv":[0,0,8,1],"rotation":90,"texture":"#3"}}},{"from":[12,24,4],"to":[13,32,12],"faces":{"north":{"uv":[0,0,1,7],"texture":"#3"},"east":{"uv":[0,0,16,16],"texture":"#3"},"south":{"uv":[0,0,1,7],"texture":"#3"},"west":{"uv":[0,0,16,16],"texture":"#3"},"up":{"uv":[0,0,8,1],"rotation":270,"texture":"#3"},"down":{"uv":[0,0,8,1],"rotation":90,"texture":"#3"}}},{"from":[6.7,7.2,5.3],"to":[9.3,20,6.3],"faces":{"north":{"uv":[2,0,4.6,12.8],"texture":"#2"},"east":{"uv":[0,0,1,12.8],"texture":"#2"},"south":{"uv":[0,0,2.6,12.8],"texture":"#2"},"west":{"uv":[0,0,1,12.8],"texture":"#2"},"up":{"uv":[0,0,2.6,1],"texture":"#2"},"down":{"uv":[0,0,2.6,1],"texture":"#2"}}},{"from":[6.7,6.3,5.3],"to":[9.3,7.3,10.7],"faces":{"north":{"uv":[0,0,2.6,1],"texture":"#2"},"east":{"uv":[0,0,5.4,1],"texture":"#2"},"south":{"uv":[0,0,2.6,1],"texture":"#2"},"west":{"uv":[0,0,5.4,1],"texture":"#2"},"up":{"uv":[0,0,2.6,5.4],"texture":"#2"},"down":{"uv":[0,0,2.6,5.4],"texture":"#2"}}},{"from":[6.7,19.8,5.3],"to":[9.3,20.8,10.7],"faces":{"north":{"uv":[0,0,2.6,1],"texture":"#2"},"east":{"uv":[0,0,5.4,1],"texture":"#2"},"south":{"uv":[0,0,2.6,1],"texture":"#2"},"west":{"uv":[0,0,5.4,1],"texture":"#2"},"up":{"uv":[0,0,2.6,5.4],"texture":"#2"},"down":{"uv":[0,0,2.6,5.4],"texture":"#2"}}},{"from":[6.7,1.7,6.8],"to":[9.3,6.3,9.2],"faces":{"north":{"uv":[0,0,2.6,4.6],"texture":"#2"},"east":{"uv":[0,0,2.4,4.6],"texture":"#2"},"south":{"uv":[0,0,2.6,4.6],"texture":"#2"},"west":{"uv":[0,0,2.4,4.6],"texture":"#2"},"up":{"uv":[0,0,2.6,2.4],"texture":"#2"},"down":{"uv":[0,0,2.6,2.4],"texture":"#2"}}},{"from":[6.7,20.7,6.8],"to":[9.3,25.3,9.2],"faces":{"north":{"uv":[0,0,2.6,4.6],"texture":"#2"},"east":{"uv":[0,0,2.4,4.6],"texture":"#2"},"south":{"uv":[0,0,2.6,4.6],"texture":"#2"},"west":{"uv":[0,0,2.4,4.6],"texture":"#2"},"up":{"uv":[0,0,2.6,2.4],"texture":"#2"},"down":{"uv":[0,0,2.6,2.4],"texture":"#2"}}},{"from":[4.1,0,4.8],"to":[11.9,1.8,11.2],"faces":{"north":{"uv":[0,0,7.8,2.4],"texture":"#2"},"east":{"uv":[0,0,6.4,2.4],"texture":"#2"},"south":{"uv":[0,0,7.8,2.4],"texture":"#2"},"west":{"uv":[0,0,6.4,2.4],"texture":"#2"},"up":{"uv":[0,0,16,16],"texture":"#2"},"down":{"uv":[0,0,7.8,6.4],"texture":"#2"}}},{"from":[6.7,7.2,9.7],"to":[9.3,20,10.7],"faces":{"north":{"uv":[0,0,2.6,12.8],"texture":"#2"},"east":{"uv":[0,0,1,12.8],"texture":"#2"},"south":{"uv":[4,0,6.6,12.8],"texture":"#2"},"west":{"uv":[0,0,1,12.8],"texture":"#2"},"up":{"uv":[0,0,2.6,1],"texture":"#2"},"down":{"uv":[0,0,2.6,1],"texture":"#2"}}}],"display":{"thirdperson_righthand":{"rotation":[55.75,45,0],"translation":[0,0.25,0.5],"scale":[0.26172,0.26172,0.26172]},"thirdperson_lefthand":{"rotation":[75,45,0],"translation":[0,2.5,0],"scale":[0.375,0.375,0.375]},"firstperson_righthand":{"rotation":[0,45,0],"scale":[0.4,0.4,0.4]},"firstperson_lefthand":{"rotation":[0,45,0],"scale":[0.4,0.4,0.4]},"ground":{"translation":[0,2,0],"scale":[0.5,0.5,0.5]},"gui":{"rotation":[30,45,0],"translation":[0,-3.1,0],"scale":[0.4375,0.4375,0.4375]},"head":{"translation":[0,-30.4,0],"scale":[1.6,1.6,1.6]},"fixed":{"rotation":[-90,180,0],"translation":[0,0,-14],"scale":[2.01,2.01,2.01]}}}