{"credit":"MadewithBlockbench","textures":{"2":"furnituresplus:furnituresplus/junglechisela","3":"furnituresplus:furnituresplus/cyanfabric","particle":"furnituresplus:furnituresplus/cyan_wool"},"elements":[{"from":[5,0,5],"to":[11,1,11],"faces":{"north":{"uv":[0,0,8,1],"texture":"#2"},"east":{"uv":[0,0,8,1],"texture":"#2"},"south":{"uv":[0,0,8,1],"texture":"#2"},"west":{"uv":[0,0,8,1],"texture":"#2"},"up":{"uv":[8,3,16,11],"texture":"#2"},"down":{"uv":[0,0,8,8],"texture":"#2"}}},{"from":[7,6,7],"to":[9,7,9],"faces":{"north":{"uv":[0,0,2,1],"texture":"#2"},"east":{"uv":[0,0,2,1],"texture":"#2"},"south":{"uv":[0,0,2,1],"texture":"#2"},"west":{"uv":[0,0,2,1],"texture":"#2"},"up":{"uv":[0,0,2,2],"texture":"#2"},"down":{"uv":[0,0,2,2],"texture":"#2"}}},{"from":[7,10,7],"to":[9,13,9],"faces":{"north":{"uv":[8,9,9,10],"texture":"#3"},"east":{"uv":[8,9,9,10],"texture":"#3"},"south":{"uv":[8,9,9,10],"texture":"#3"},"west":{"uv":[8,9,9,10],"texture":"#3"},"up":{"uv":[8,9,9,10],"texture":"#3"},"down":{"uv":[8,9,9,10],"texture":"#3"}}},{"from":[7.8,9,4],"to":[8.2,10,12],"faces":{"north":{"uv":[0,0,0.4,1],"texture":"#2"},"east":{"uv":[0,0,8,1],"texture":"#2"},"south":{"uv":[0,0,0.4,1],"texture":"#2"},"west":{"uv":[0,0,8,1],"texture":"#2"},"up":{"uv":[0,0,0.4,8],"texture":"#2"},"down":{"uv":[0,0,0.4,8],"texture":"#2"}}},{"from":[4,9,7.8],"to":[12,10,8.2],"faces":{"north":{"uv":[0,0,8,1],"texture":"#2"},"east":{"uv":[0,0,0.4,1],"texture":"#2"},"south":{"uv":[0,0,8,1],"texture":"#2"},"west":{"uv":[0,0,0.4,1],"texture":"#2"},"up":{"uv":[0,0,0.4,8],"rotation":270,"texture":"#2"},"down":{"uv":[0,0,0.4,8],"rotation":90,"texture":"#2"}}},{"from":[7.4,1,7.4],"to":[8.6,10,8.6],"faces":{"north":{"uv":[2,0,3.2,16],"texture":"#2"},"east":{"uv":[2,0,3.2,16],"texture":"#2"},"south":{"uv":[2,0,3.2,16],"texture":"#2"},"west":{"uv":[2,0,3.2,16],"texture":"#2"},"up":{"uv":[0,0,1.2,1.2],"texture":"#2"},"down":{"uv":[0,0,1.2,1.2],"texture":"#2"}}},{"from":[5,9,12],"to":[11,15,13],"faces":{"north":{"uv":[0,0,16,16],"texture":"#3"},"east":{"uv":[0,0,1,7],"texture":"#3"},"south":{"uv":[0,0,16,16],"texture":"#3"},"west":{"uv":[0,0,1,7],"texture":"#3"},"up":{"uv":[0,0,8,1],"texture":"#3"},"down":{"uv":[0,0,8,1],"texture":"#3"}}},{"from":[11,9,11],"to":[12,15,12],"faces":{"north":{"uv":[0,0,1,7],"texture":"#3"},"east":{"uv":[0,0,1,7],"texture":"#3"},"south":{"uv":[0,0,1,7],"texture":"#3"},"west":{"uv":[0,0,1,7],"texture":"#3"},"up":{"uv":[0,0,8,1],"texture":"#3"},"down":{"uv":[0,0,8,1],"texture":"#3"}}},{"from":[11,9,4],"to":[12,15,5],"faces":{"north":{"uv":[0,0,1,7],"texture":"#3"},"east":{"uv":[0,0,1,7],"texture":"#3"},"south":{"uv":[0,0,1,7],"texture":"#3"},"west":{"uv":[0,0,1,7],"texture":"#3"},"up":{"uv":[0,0,8,1],"texture":"#3"},"down":{"uv":[0,0,8,1],"texture":"#3"}}},{"from":[4,9,4],"to":[5,15,5],"faces":{"north":{"uv":[0,0,1,7],"texture":"#3"},"east":{"uv":[0,0,1,7],"texture":"#3"},"south":{"uv":[0,0,1,7],"texture":"#3"},"west":{"uv":[0,0,1,7],"texture":"#3"},"up":{"uv":[0,0,8,1],"texture":"#3"},"down":{"uv":[0,0,8,1],"texture":"#3"}}},{"from":[4,9,11],"to":[5,15,12],"faces":{"north":{"uv":[0,0,1,7],"texture":"#3"},"east":{"uv":[0,0,1,7],"texture":"#3"},"south":{"uv":[0,0,1,7],"texture":"#3"},"west":{"uv":[0,0,1,7],"texture":"#3"},"up":{"uv":[0,0,8,1],"texture":"#3"},"down":{"uv":[0,0,8,1],"texture":"#3"}}},{"from":[5,9,3],"to":[11,15,4],"faces":{"north":{"uv":[0,0,16,16],"texture":"#3"},"east":{"uv":[0,0,1,7],"texture":"#3"},"south":{"uv":[0,0,16,16],"texture":"#3"},"west":{"uv":[0,0,1,7],"texture":"#3"},"up":{"uv":[0,0,8,1],"texture":"#3"},"down":{"uv":[0,0,8,1],"texture":"#3"}}},{"from":[3,9,5],"to":[4,15,11],"faces":{"north":{"uv":[0,0,1,7],"texture":"#3"},"east":{"uv":[0,0,16,16],"texture":"#3"},"south":{"uv":[0,0,1,7],"texture":"#3"},"west":{"uv":[0,0,16,16],"texture":"#3"},"up":{"uv":[0,0,8,1],"rotation":270,"texture":"#3"},"down":{"uv":[0,0,8,1],"rotation":90,"texture":"#3"}}},{"from":[12,9,5],"to":[13,15,11],"faces":{"north":{"uv":[0,0,1,7],"texture":"#3"},"east":{"uv":[0,0,16,16],"texture":"#3"},"south":{"uv":[0,0,1,7],"texture":"#3"},"west":{"uv":[0,0,16,16],"texture":"#3"},"up":{"uv":[0,0,8,1],"rotation":270,"texture":"#3"},"down":{"uv":[0,0,8,1],"rotation":90,"texture":"#3"}}}],"display":{"thirdperson_righthand":{"rotation":[75,45,0],"translation":[0,2.5,0],"scale":[0.375,0.375,0.375]},"thirdperson_lefthand":{"rotation":[75,45,0],"translation":[0,2.5,0],"scale":[0.375,0.375,0.375]},"firstperson_righthand":{"rotation":[0,45,0],"scale":[0.4,0.4,0.4]},"firstperson_lefthand":{"rotation":[0,45,0],"scale":[0.4,0.4,0.4]},"ground":{"translation":[0,2,0],"scale":[0.5,0.5,0.5]},"gui":{"rotation":[30,45,0],"translation":[0,-0.6,0],"scale":[0.5,0.5,0.5]},"head":{"translation":[0,-30.4,0],"scale":[1.6,1.6,1.6]},"fixed":{"rotation":[-90,180,0],"translation":[0,0,-14],"scale":[2.01,2.01,2.01]}}}