{"credit":"MadewithBlockbench","textures":{"1":"furnituresplus:furnituresplus/summerpaint","2":"furnituresplus:furnituresplus/junglechisela","particle":"furnituresplus:furnituresplus/summerpaint"},"elements":[{"from":[0,0,0],"to":[16,1,2],"faces":{"north":{"uv":[0,0,16,1],"texture":"#2"},"east":{"uv":[0,0,2,1],"texture":"#2"},"south":{"uv":[0,0,16,1],"texture":"#2"},"west":{"uv":[0,0,2,1],"texture":"#2"},"up":{"uv":[0,0,16,2],"texture":"#2"},"down":{"uv":[0,0,16,2],"texture":"#2"}}},{"from":[0,31,0],"to":[16,32,2],"faces":{"north":{"uv":[0,0,16,1],"texture":"#2"},"east":{"uv":[0,0,2,1],"texture":"#2"},"south":{"uv":[0,0,16,1],"texture":"#2"},"west":{"uv":[0,0,2,1],"texture":"#2"},"up":{"uv":[0,0,16,2],"texture":"#2"},"down":{"uv":[0,0,16,2],"texture":"#2"}}},{"from":[15,1,0],"to":[16,31,2],"faces":{"north":{"uv":[0,0,1,16],"texture":"#2"},"east":{"uv":[0,0,2,16],"texture":"#2"},"south":{"uv":[0,0,1,16],"texture":"#2"},"west":{"uv":[0,0,2,16],"texture":"#2"},"up":{"uv":[0,0,1,2],"texture":"#2"},"down":{"uv":[0,0,1,2],"texture":"#2"}}},{"from":[0,1,0],"to":[1,31,2],"faces":{"north":{"uv":[0,0,1,16],"texture":"#2"},"east":{"uv":[0,0,2,16],"texture":"#2"},"south":{"uv":[0,0,1,16],"texture":"#2"},"west":{"uv":[0,0,2,16],"texture":"#2"},"up":{"uv":[0,0,1,2],"texture":"#2"},"down":{"uv":[0,0,1,2],"texture":"#2"}}},{"from":[1,1,0],"to":[15,31,1],"faces":{"north":{"uv":[0,0,14,16],"texture":"#2"},"east":{"uv":[0,0,1,16],"texture":"#missing"},"south":{"uv":[0,0,16,16],"texture":"#1"},"west":{"uv":[0,0,1,16],"texture":"#missing"},"up":{"uv":[0,0,14,1],"texture":"#missing"},"down":{"uv":[0,0,14,1],"texture":"#missing"}}}],"display":{"thirdperson_righthand":{"rotation":[55.75,45,0],"translation":[0,0.25,0.5],"scale":[0.26172,0.26172,0.26172]},"thirdperson_lefthand":{"rotation":[75,45,0],"translation":[0,2.5,0],"scale":[0.375,0.375,0.375]},"firstperson_righthand":{"rotation":[0,45,0],"scale":[0.4,0.4,0.4]},"firstperson_lefthand":{"rotation":[0,45,0],"scale":[0.4,0.4,0.4]},"ground":{"translation":[0,2,0],"scale":[0.5,0.5,0.5]},"gui":{"rotation":[30,45,0],"translation":[2,-4.6,0],"scale":[0.4375,0.4375,0.4375]},"head":{"translation":[0,-30.4,0],"scale":[1.6,1.6,1.6]},"fixed":{"rotation":[-90,180,0],"translation":[0,0,-14],"scale":[2.01,2.01,2.01]}}}