{"credit":"MadewithBlockbench","textures":{"2":"furnituresplus:furnituresplus/junglechisela","3":"furnituresplus:furnituresplus/cyanfabric","4":"furnituresplus:furnituresplus/crossjungletr","particle":"furnituresplus:furnituresplus/cyan_wool"},"elements":[{"from":[13,7,2],"to":[14,8,13],"faces":{"north":{"uv":[0,0,1,1],"texture":"#2"},"east":{"uv":[0,0,11,1],"texture":"#2"},"south":{"uv":[0,0,1,1],"texture":"#2"},"west":{"uv":[0,0,11,1],"texture":"#2"},"up":{"uv":[0,0,1,11],"texture":"#2"},"down":{"uv":[0,0,1,11],"texture":"#2"}}},{"from":[13,0.7,12],"to":[14,7,13],"faces":{"north":{"uv":[0,0,1,6.3],"texture":"#2"},"east":{"uv":[0,0,1,6.3],"texture":"#2"},"south":{"uv":[0,0,1,6.3],"texture":"#2"},"west":{"uv":[0,0,1,6.3],"texture":"#2"},"up":{"uv":[0,0,1,1],"texture":"#2"},"down":{"uv":[0,0,1,1],"texture":"#2"}}},{"from":[13,0.7,1],"to":[14,23.1,2],"faces":{"north":{"uv":[0,0,1,16],"texture":"#2"},"east":{"uv":[0,0,1,16],"texture":"#2"},"south":{"uv":[0,0,1,16],"texture":"#2"},"west":{"uv":[0,0,1,16],"texture":"#2"},"up":{"uv":[0,0,1,1],"texture":"#2"},"down":{"uv":[0,0,1,1],"texture":"#2"}}},{"from":[2,1,12],"to":[3,7,13],"faces":{"north":{"uv":[0,0,1,6],"texture":"#2"},"east":{"uv":[0,0,1,6],"texture":"#2"},"south":{"uv":[0,0,1,6],"texture":"#2"},"west":{"uv":[0,0,1,6],"texture":"#2"},"up":{"uv":[0,0,1,1],"texture":"#2"},"down":{"uv":[0,0,1,1],"texture":"#2"}}},{"from":[1.7,0,11.6],"to":[3.3,1,13.4],"faces":{"north":{"uv":[0,0,1.6,1],"texture":"#2"},"east":{"uv":[0,0,1.8,1],"texture":"#2"},"south":{"uv":[0,0,1.6,1],"texture":"#2"},"west":{"uv":[0,0,1.8,1],"texture":"#2"},"up":{"uv":[0,0,1.6,1.8],"texture":"#2"},"down":{"uv":[0,0,1.6,1.8],"texture":"#2"}}},{"from":[12.7,0,11.6],"to":[14.3,1,13.4],"faces":{"north":{"uv":[0,0,1.6,1],"texture":"#2"},"east":{"uv":[0,0,1.8,1],"texture":"#2"},"south":{"uv":[0,0,1.6,1],"texture":"#2"},"west":{"uv":[0,0,1.8,1],"texture":"#2"},"up":{"uv":[0,0,1.6,1.8],"texture":"#2"},"down":{"uv":[0,0,1.6,1.8],"texture":"#2"}}},{"from":[12.7,0,0.6],"to":[14.3,1,2.4],"faces":{"north":{"uv":[0,0,1.6,1],"texture":"#2"},"east":{"uv":[0,0,1.8,1],"texture":"#2"},"south":{"uv":[0,0,1.6,1],"texture":"#2"},"west":{"uv":[0,0,1.8,1],"texture":"#2"},"up":{"uv":[0,0,1.6,1.8],"texture":"#2"},"down":{"uv":[0,0,1.6,1.8],"texture":"#2"}}},{"from":[1.7,0,0.6],"to":[3.3,1,2.4],"faces":{"north":{"uv":[0,0,1.6,1],"texture":"#2"},"east":{"uv":[0,0,1.8,1],"texture":"#2"},"south":{"uv":[0,0,1.6,1],"texture":"#2"},"west":{"uv":[0,0,1.8,1],"texture":"#2"},"up":{"uv":[0,0,1.6,1.8],"texture":"#2"},"down":{"uv":[0,0,1.6,1.8],"texture":"#2"}}},{"from":[12.7,22.5,0.6],"to":[14.3,23.5,2.4],"faces":{"north":{"uv":[0,0,1.6,1],"texture":"#2"},"east":{"uv":[0,0,1.8,1],"texture":"#2"},"south":{"uv":[0,0,1.6,1],"texture":"#2"},"west":{"uv":[0,0,1.8,1],"texture":"#2"},"up":{"uv":[0,0,1.6,1.8],"texture":"#2"},"down":{"uv":[0,0,1.6,1.8],"texture":"#2"}}},{"from":[1.7,22.5,0.6],"to":[3.3,23.5,2.4],"faces":{"north":{"uv":[0,0,1.6,1],"texture":"#2"},"east":{"uv":[0,0,1.8,1],"texture":"#2"},"south":{"uv":[0,0,1.6,1],"texture":"#2"},"west":{"uv":[0,0,1.8,1],"texture":"#2"},"up":{"uv":[0,0,1.6,1.8],"texture":"#2"},"down":{"uv":[0,0,1.6,1.8],"texture":"#2"}}},{"from":[2,7,2],"to":[3,8,13],"faces":{"north":{"uv":[0,0,1,1],"texture":"#2"},"east":{"uv":[0,0,11,1],"texture":"#2"},"south":{"uv":[0,0,1,1],"texture":"#2"},"west":{"uv":[0,0,11,1],"texture":"#2"},"up":{"uv":[0,0,1,11],"texture":"#2"},"down":{"uv":[0,0,1,11],"texture":"#2"}}},{"from":[2,0.7,1],"to":[3,23.4,2],"faces":{"north":{"uv":[0,0,1,16],"texture":"#2"},"east":{"uv":[0,0,1,16],"texture":"#2"},"south":{"uv":[0,0,1,16],"texture":"#2"},"west":{"uv":[0,0,1,16],"texture":"#2"},"up":{"uv":[0,0,1,1],"texture":"#2"},"down":{"uv":[0,0,1,1],"texture":"#2"}}},{"from":[3,7,1],"to":[13,9,2],"faces":{"north":{"uv":[0,0,10,2],"texture":"#2"},"east":{"uv":[0,0,1,2],"texture":"#2"},"south":{"uv":[0,0,10,2],"texture":"#2"},"west":{"uv":[0,0,1,2],"texture":"#2"},"up":{"uv":[0,0,10,1],"texture":"#2"},"down":{"uv":[0,0,10,1],"texture":"#2"}}},{"from":[3,10.6,1],"to":[13,11.5,2],"rotation":{"angle":0,"axis":"y","origin":[0,-0.5,0]},"faces":{"north":{"uv":[0,0,10,0.9],"texture":"#2"},"east":{"uv":[0,0,1,0.9],"texture":"#2"},"south":{"uv":[0,0,10,0.9],"texture":"#2"},"west":{"uv":[0,0,1,0.9],"texture":"#2"},"up":{"uv":[0,0,10,1],"texture":"#2"},"down":{"uv":[0,0,10,1],"texture":"#2"}}},{"from":[3,20.5,1],"to":[13,21.5,2],"rotation":{"angle":0,"axis":"y","origin":[0,1.5,0]},"faces":{"north":{"uv":[0,0,10,1],"texture":"#2"},"east":{"uv":[0,0,1,1],"texture":"#2"},"south":{"uv":[0,0,10,1],"texture":"#2"},"west":{"uv":[0,0,1,1],"texture":"#2"},"up":{"uv":[0,0,10,1],"texture":"#2"},"down":{"uv":[0,0,10,1],"texture":"#2"}}},{"from":[1.3,17.3,1.2],"to":[16,18.3,1.9],"rotation":{"angle":-45,"axis":"z","origin":[6,17.3,0]},"faces":{"north":{"uv":[0,0,14.7,1],"texture":"#2"},"east":{"uv":[0,0,0.7,1],"texture":"#2"},"south":{"uv":[0,0,14.7,1],"texture":"#2"},"west":{"uv":[0,0,0.7,1],"texture":"#2"},"up":{"uv":[0,0,14.7,0.7],"texture":"#2"},"down":{"uv":[0,0,14.7,0.7],"texture":"#2"}}},{"from":[0,17.3,1.3],"to":[14.8,18.3,1.8],"rotation":{"angle":45,"axis":"z","origin":[10,17.3,0]},"faces":{"north":{"uv":[1,0,15.8,1],"texture":"#2"},"east":{"uv":[1,0,1.5,1],"texture":"#2"},"south":{"uv":[1,0,15.8,1],"texture":"#2"},"west":{"uv":[1,0,1.5,1],"texture":"#2"},"up":{"uv":[1,0,15.8,0.5],"texture":"#2"},"down":{"uv":[1,0,15.8,0.5],"texture":"#2"}}},{"from":[3,7,12],"to":[13,8,13],"faces":{"north":{"uv":[0,0,10,1],"texture":"#2"},"east":{"uv":[0,0,1,1],"texture":"#2"},"south":{"uv":[0,0,10,1],"texture":"#2"},"west":{"uv":[0,0,1,1],"texture":"#2"},"up":{"uv":[0,0,10,1],"texture":"#2"},"down":{"uv":[0,0,10,1],"texture":"#2"}}},{"from":[3,4.3,12],"to":[6.3,7,12.5],"faces":{"north":{"uv":[0,0,16,16],"texture":"#4"},"east":{"uv":[0,0,1,1],"texture":"#4"},"south":{"uv":[0,0,16,16],"texture":"#4"},"west":{"uv":[0,0,1,1],"texture":"#4"},"up":{"uv":[0,0,10,1],"texture":"#4"},"down":{"uv":[0,0,10,1],"texture":"#4"}}},{"from":[6.3,4.3,12],"to":[9.7,7,12.5],"faces":{"north":{"uv":[0,0,16,16],"texture":"#4"},"east":{"uv":[0,0,1,1],"texture":"#4"},"south":{"uv":[0,0,16,16],"texture":"#4"},"west":{"uv":[0,0,1,1],"texture":"#4"},"up":{"uv":[0,0,10,1],"texture":"#4"},"down":{"uv":[0,0,10,1],"texture":"#4"}}},{"from":[9.7,4.3,12],"to":[13,7,12.5],"faces":{"north":{"uv":[0,0,16,16],"texture":"#4"},"east":{"uv":[0,0,1,1],"texture":"#4"},"south":{"uv":[0,0,16,16],"texture":"#4"},"west":{"uv":[0,0,1,1],"texture":"#4"},"up":{"uv":[0,0,10,1],"texture":"#4"},"down":{"uv":[0,0,10,1],"texture":"#4"}}},{"from":[3,4.3,1.1],"to":[6.3,7,1.6],"faces":{"north":{"uv":[0,0,16,16],"texture":"#4"},"east":{"uv":[0,0,1,1],"texture":"#4"},"south":{"uv":[0,0,16,16],"texture":"#4"},"west":{"uv":[0,0,1,1],"texture":"#4"},"up":{"uv":[0,0,10,1],"texture":"#4"},"down":{"uv":[0,0,10,1],"texture":"#4"}}},{"from":[6.3,4.3,1.1],"to":[9.7,7,1.6],"faces":{"north":{"uv":[0,0,16,16],"texture":"#4"},"east":{"uv":[0,0,1,1],"texture":"#4"},"south":{"uv":[0,0,16,16],"texture":"#4"},"west":{"uv":[0,0,1,1],"texture":"#4"},"up":{"uv":[0,0,10,1],"texture":"#4"},"down":{"uv":[0,0,10,1],"texture":"#4"}}},{"from":[9.7,4.3,1.1],"to":[13,7,1.6],"faces":{"north":{"uv":[0,0,16,16],"texture":"#4"},"east":{"uv":[0,0,1,1],"texture":"#4"},"south":{"uv":[0,0,16,16],"texture":"#4"},"west":{"uv":[0,0,1,1],"texture":"#4"},"up":{"uv":[0,0,10,1],"texture":"#4"},"down":{"uv":[0,0,10,1],"texture":"#4"}}},{"from":[1.7,8,2],"to":[14.4,9,13.6],"faces":{"north":{"uv":[0,0,12.5,1],"texture":"#3"},"east":{"uv":[0,0,11.6,1],"texture":"#3"},"south":{"uv":[0,0,12.5,1],"texture":"#3"},"west":{"uv":[0,0,11.6,1],"texture":"#3"},"up":{"uv":[0,0,16,16],"texture":"#3"},"down":{"uv":[0,0,12.5,11.6],"texture":"#3"}}},{"from":[2.4,10.8,2],"to":[13.6,21.1,2.5],"rotation":{"angle":0,"axis":"y","origin":[0,-0.5,0]},"faces":{"north":{"uv":[0,0,12.5,1],"texture":"#3"},"east":{"uv":[0,0,11.6,1],"texture":"#3"},"south":{"uv":[0,0,16,16],"texture":"#3"},"west":{"uv":[0,0,11.6,1],"texture":"#3"},"up":{"uv":[0,0,16,16],"texture":"#3"},"down":{"uv":[0,0,12.5,11.6],"texture":"#3"}}}],"display":{"thirdperson_righthand":{"rotation":[75,45,0],"translation":[0,2.5,0],"scale":[0.375,0.375,0.375]},"thirdperson_lefthand":{"rotation":[75,45,0],"translation":[0,2.5,0],"scale":[0.375,0.375,0.375]},"firstperson_righthand":{"rotation":[0,45,0],"scale":[0.4,0.4,0.4]},"firstperson_lefthand":{"rotation":[0,45,0],"scale":[0.4,0.4,0.4]},"ground":{"translation":[0,2,0],"scale":[0.5,0.5,0.5]},"gui":{"rotation":[30,45,0],"translation":[0,-0.6,0],"scale":[0.5,0.5,0.5]},"head":{"translation":[0,-30.4,0],"scale":[1.6,1.6,1.6]},"fixed":{"rotation":[-90,180,0],"translation":[0,0,-14],"scale":[2.01,2.01,2.01]}}}