{"credit":"MadewithBlockbench","textures":{"2":"furnituresplus:furnituresplus/oak_planks","3":"furnituresplus:furnituresplus/redfabricmotif","4":"furnituresplus:furnituresplus/oakchisledr","particle":"furnituresplus:furnituresplus/oakchisledr"},"elements":[{"from":[3,11,14.9],"to":[13,12,15.9],"faces":{"north":{"uv":[0,0,10,1],"texture":"#2"},"east":{"uv":[0,0,1,1],"texture":"#2"},"south":{"uv":[0,0,10,1],"texture":"#2"},"west":{"uv":[0,0,1,1],"texture":"#2"},"up":{"uv":[0,0,1,10],"rotation":90,"texture":"#2"},"down":{"uv":[0,0,1,10],"rotation":270,"texture":"#2"}}},{"from":[2,0.7,13.9],"to":[3,15,15.9],"faces":{"north":{"uv":[0,0,1,14.3],"texture":"#2"},"east":{"uv":[0,0,6,14.3],"texture":"#2"},"south":{"uv":[0,0,1,14.3],"texture":"#2"},"west":{"uv":[0,0,1,14.3],"texture":"#2"},"up":{"uv":[0,0,1,1],"rotation":90,"texture":"#2"},"down":{"uv":[0,0,1,1],"rotation":270,"texture":"#2"}}},{"from":[2,1,0.1],"to":[3,15,2.1],"rotation":{"angle":0,"axis":"y","origin":[0,0,-1]},"faces":{"north":{"uv":[0,0,1,14],"texture":"#2"},"east":{"uv":[0,0,6,14],"texture":"#2"},"south":{"uv":[0,0,1,14],"texture":"#2"},"west":{"uv":[0,0,1,14],"texture":"#2"},"up":{"uv":[0,0,1,1],"rotation":90,"texture":"#2"},"down":{"uv":[0,0,1,1],"rotation":270,"texture":"#2"}}},{"from":[13,0.7,13.9],"to":[14,15,15.9],"faces":{"north":{"uv":[0,0,1,14.3],"texture":"#2"},"east":{"uv":[0,0,6,14.3],"texture":"#2"},"south":{"uv":[0,0,1,14.3],"texture":"#2"},"west":{"uv":[0,0,1,14.3],"texture":"#2"},"up":{"uv":[0,0,1,1],"rotation":90,"texture":"#2"},"down":{"uv":[0,0,1,1],"rotation":270,"texture":"#2"}}},{"from":[13,1,0.1],"to":[14,15,2.1],"rotation":{"angle":0,"axis":"y","origin":[0,0,-1]},"faces":{"north":{"uv":[0,0,1,14],"texture":"#2"},"east":{"uv":[0,0,6,14],"texture":"#2"},"south":{"uv":[0,0,1,14],"texture":"#2"},"west":{"uv":[0,0,1,14],"texture":"#2"},"up":{"uv":[0,0,1,1],"rotation":90,"texture":"#2"},"down":{"uv":[0,0,1,1],"rotation":270,"texture":"#2"}}},{"from":[3,11,0.1],"to":[13,12,1.1],"rotation":{"angle":0,"axis":"y","origin":[0,0,-1]},"faces":{"north":{"uv":[0,0,10,1],"texture":"#2"},"east":{"uv":[0,0,1,1],"texture":"#2"},"south":{"uv":[0,0,10,1],"texture":"#2"},"west":{"uv":[0,0,1,1],"texture":"#2"},"up":{"uv":[0,0,1,10],"rotation":90,"texture":"#2"},"down":{"uv":[0,0,1,10],"rotation":270,"texture":"#2"}}},{"from":[0,14,-1],"to":[16,16,17],"faces":{"north":{"uv":[0,0,16,1],"texture":"#4"},"east":{"uv":[0,0,16,1],"texture":"#4"},"south":{"uv":[0,0,16,1],"texture":"#4"},"west":{"uv":[0,0,16,1],"texture":"#4"},"up":{"uv":[0,0,16,16],"rotation":90,"texture":"#4"},"down":{"uv":[0,0,16,16],"rotation":270,"texture":"#4"}}},{"from":[2.2,16,0.6],"to":[13.8,16.2,15.3],"faces":{"north":{"uv":[0,0,11.6,1],"texture":"#3"},"east":{"uv":[0,0,12.5,1],"texture":"#3"},"south":{"uv":[0,0,11.6,1],"texture":"#3"},"west":{"uv":[0,0,12.5,1],"texture":"#3"},"up":{"uv":[0,0,16,16],"rotation":90,"texture":"#3"},"down":{"uv":[0,0,12.5,11.6],"rotation":270,"texture":"#3"}}}],"display":{"thirdperson_righthand":{"rotation":[75,45,0],"translation":[0,2.5,0],"scale":[0.375,0.375,0.375]},"thirdperson_lefthand":{"rotation":[75,45,0],"translation":[0,2.5,0],"scale":[0.375,0.375,0.375]},"firstperson_righthand":{"rotation":[0,45,0],"scale":[0.4,0.4,0.4]},"firstperson_lefthand":{"rotation":[0,45,0],"scale":[0.4,0.4,0.4]},"ground":{"translation":[0,2,0],"scale":[0.5,0.5,0.5]},"gui":{"rotation":[30,45,0],"translation":[0,-0.6,0],"scale":[0.5,0.5,0.5]},"head":{"translation":[0,-30.4,0],"scale":[1.6,1.6,1.6]},"fixed":{"rotation":[-90,180,0],"translation":[0,0,-14],"scale":[2.01,2.01,2.01]}}}