{"credit":"Madebyspike5032","ambientocclusion":false,"textures":{"2":"mctown:item/advancedshield/base"},"elements":[{"name":"sheild","from":[2.9,0,0],"to":[2.9625,16,16],"rotation":{"angle":0,"axis":"y","origin":[7.9,8,8]},"faces":{"east":{"uv":[0.5,0.5,6.5,11.5],"texture":"#2"},"west":{"uv":[7,0.5,13,11.5],"texture":"#2"}}},{"name":"sheild","from":[2,0,0],"to":[2.0625,16,16],"faces":{"east":{"uv":[7,0.5,13,11.5],"texture":"#2"},"west":{"uv":[7,0.5,13,11.5],"rotation":90,"texture":"#2"}}},{"from":[2,0,0],"to":[3,16,16],"rotation":{"angle":0,"axis":"y","origin":[10,23,17]},"faces":{"north":{"uv":[0,0.5,0.5,11.5],"rotation":180,"texture":"#2"},"south":{"uv":[0,0.5,0.5,11.5],"rotation":180,"texture":"#2"},"up":{"uv":[0.5,0,6.5,0.5],"rotation":90,"texture":"#2"},"down":{"uv":[0.5,0,6.5,0.5],"rotation":90,"texture":"#2"}}},{"from":[-2,10,7.5],"to":[2.1,11,8.5],"rotation":{"angle":0,"axis":"y","origin":[8,14,14.5]},"faces":{"north":{"uv":[12,13,13,16],"rotation":90,"texture":"#2"},"east":{"uv":[12,13,13,16],"rotation":180,"texture":"#2"},"south":{"uv":[12,13,13,16],"rotation":90,"texture":"#2"},"west":{"uv":[12,13,13,16],"rotation":180,"texture":"#2"},"up":{"uv":[12,13,13,16],"rotation":90,"texture":"#2"},"down":{"uv":[12,13,13,16],"rotation":90,"texture":"#2"}}},{"from":[-3,5,7.5],"to":[-2,11,8.5],"rotation":{"angle":0,"axis":"y","origin":[5,14,14.5]},"faces":{"north":{"uv":[12,13,13,16],"rotation":180,"texture":"#2"},"east":{"uv":[12,13,13,16],"rotation":180,"texture":"#2"},"south":{"uv":[12,13,13,16],"rotation":180,"texture":"#2"},"west":{"uv":[12,13,13,16],"rotation":180,"texture":"#2"},"up":{"uv":[12.5,15.5,13,16],"rotation":180,"texture":"#2"},"down":{"uv":[12.5,15.5,13,16],"rotation":180,"texture":"#2"}}},{"from":[-2,5,7.5],"to":[2.1,6,8.5],"rotation":{"angle":0,"axis":"y","origin":[8,10,14.5]},"faces":{"north":{"uv":[12,13,13,16],"rotation":90,"texture":"#2"},"east":{"uv":[12,13,13,16],"rotation":180,"texture":"#2"},"south":{"uv":[12,13,13,16],"rotation":90,"texture":"#2"},"west":{"uv":[12,13,13,16],"rotation":180,"texture":"#2"},"up":{"uv":[12,13,13,16],"rotation":90,"texture":"#2"},"down":{"uv":[12,13,13,16],"rotation":90,"texture":"#2"}}}],"gui_light":"front","display":{"thirdperson_righthand":{"translation":[8,-2,1]},"thirdperson_lefthand":{"rotation":[0,-180,0],"translation":[8,-2,2]},"firstperson_righthand":{"rotation":[0,90,0],"translation":[-0.19,-1.51,-2.27]},"firstperson_lefthand":{"rotation":[0,-90,0],"translation":[0.32,-1.77,-2.52]},"ground":{"translation":[1,4,0],"scale":[0.38,0.38,0.38]},"gui":{"rotation":[0,-90,0],"scale":[0.86,0.86,0.86]},"fixed":{"rotation":[0,90,0],"translation":[0,0,-6]}},"groups":[{"name":"group","origin":[8,8,8],"children":[0,1]},2,3,4,5]}