{"credit":"Madebyspike5032","ambientocclusion":false,"textures":{"1":"mctown:item/amazonite_shield/base","particle":"mctown:item/amazonite_shield/base"},"elements":[{"name":"sheild","from":[2,0,0],"to":[2.0625,19.2,16],"rotation":{"angle":0,"axis":"y","origin":[8,9.6,8]},"faces":{"east":{"uv":[4,0,0,5],"texture":"#1"},"west":{"uv":[0,0,4,5],"texture":"#1"}}},{"name":"sheild","from":[2.9,0,0],"to":[2.9625,19.2,16],"rotation":{"angle":0,"axis":"y","origin":[8.9,9.6,8]},"faces":{"east":{"uv":[4,0,0,5],"texture":"#1"},"west":{"uv":[0,0,4,5],"texture":"#1"}}},{"from":[-3,10.32,8],"to":[2,11.76,9],"rotation":{"angle":0,"axis":"y","origin":[9,16.32,9]},"faces":{"north":{"uv":[1.75,2,2,2.25],"texture":"#1"},"east":{"uv":[0,0,1,1.2],"texture":"#1"},"south":{"uv":[1.75,2,2,2.25],"texture":"#1"},"west":{"uv":[1.75,2,2,2.25],"texture":"#1"},"up":{"uv":[1.75,2,2,2.25],"texture":"#1"},"down":{"uv":[1.75,2,2,2.25],"texture":"#1"}}},{"from":[-3,4.82,8],"to":[2,6.01,9],"rotation":{"angle":0,"axis":"y","origin":[9,10.32,9]},"faces":{"north":{"uv":[1.75,2,2,2.25],"texture":"#1"},"east":{"uv":[0,0,1,1.2],"texture":"#1"},"south":{"uv":[1.75,2,2,2.25],"texture":"#1"},"west":{"uv":[1.75,2,2,2.25],"texture":"#1"},"up":{"uv":[1.75,2,2,2.25],"texture":"#1"},"down":{"uv":[1.75,2,2,2.25],"texture":"#1"}}},{"from":[-3,5.96,8],"to":[-2,10.32,9],"rotation":{"angle":0,"axis":"y","origin":[10,10.32,9]},"faces":{"north":{"uv":[1.75,2,2,2.25],"texture":"#1"},"east":{"uv":[0,0,1,3.8],"texture":"#1"},"south":{"uv":[1.75,2,2,2.25],"texture":"#1"},"west":{"uv":[1.75,2,2,2.25],"texture":"#1"},"up":{"uv":[1.75,2,2,2.25],"texture":"#1"},"down":{"uv":[1.75,2,2,2.25],"texture":"#1"}}},{"from":[2,3.9,4],"to":[3,4.8,6],"rotation":{"angle":0,"axis":"y","origin":[10,13,13]},"faces":{"north":{"uv":[1.75,2,2,2.25],"texture":"#1"},"south":{"uv":[1.75,2,2,2.25],"texture":"#1"},"up":{"uv":[1.75,2,2,2.25],"texture":"#1"},"down":{"uv":[1.75,2,2,2.25],"texture":"#1"}}},{"from":[2,4.8,3],"to":[3,5.8,4],"rotation":{"angle":0,"axis":"y","origin":[10,13.9,12]},"faces":{"north":{"uv":[1.75,2,2,2.25],"texture":"#1"},"south":{"uv":[1.75,2,2,2.25],"texture":"#1"},"up":{"uv":[1.75,2,2,2.25],"texture":"#1"},"down":{"uv":[1.75,2,2,2.25],"texture":"#1"}}},{"from":[2,5.8,2],"to":[3,6.7,3],"rotation":{"angle":0,"axis":"y","origin":[10,14.9,11]},"faces":{"north":{"uv":[1.75,2,2,2.25],"texture":"#1"},"south":{"uv":[1.75,2,2,2.25],"texture":"#1"},"up":{"uv":[1.75,2,2,2.25],"texture":"#1"},"down":{"uv":[1.75,2,2,2.25],"texture":"#1"}}},{"from":[2,6.7,1],"to":[3,11.5,2],"rotation":{"angle":0,"axis":"y","origin":[10,15.8,10]},"faces":{"north":{"uv":[1.75,2,2,2.25],"texture":"#1"},"south":{"uv":[1.75,2,2,2.25],"texture":"#1"},"up":{"uv":[1.75,2,2,2.25],"texture":"#1"},"down":{"uv":[1.75,2,2,2.25],"texture":"#1"}}},{"from":[2,11.5,2],"to":[3,14.4,3],"rotation":{"angle":0,"axis":"y","origin":[10,20.6,11]},"faces":{"north":{"uv":[1.75,2,2,2.25],"texture":"#1"},"south":{"uv":[1.75,2,2,2.25],"texture":"#1"},"up":{"uv":[1.75,2,2,2.25],"texture":"#1"},"down":{"uv":[1.75,2,2,2.25],"texture":"#1"}}},{"from":[2,15.3,4],"to":[3,16.3,5],"rotation":{"angle":0,"axis":"y","origin":[10,22.5,12]},"faces":{"north":{"uv":[1.75,2,2,2.25],"texture":"#1"},"south":{"uv":[1.75,2,2,2.25],"texture":"#1"},"up":{"uv":[1.75,2,2,2.25],"texture":"#1"},"down":{"uv":[1.75,2,2,2.25],"texture":"#1"}}},{"from":[2,16.3,5],"to":[3,17.3,7],"rotation":{"angle":0,"axis":"y","origin":[10,23.5,13]},"faces":{"north":{"uv":[1.75,2,2,2.25],"texture":"#1"},"south":{"uv":[1.75,2,2,2.25],"texture":"#1"},"up":{"uv":[1.75,2,2,2.25],"texture":"#1"},"down":{"uv":[1.75,2,2,2.25],"texture":"#1"}}},{"from":[2,17.3,7],"to":[3,18.2,9],"rotation":{"angle":0,"axis":"y","origin":[10,24.5,15]},"faces":{"north":{"uv":[1.75,2,2,2.25],"texture":"#1"},"south":{"uv":[1.75,2,2,2.25],"texture":"#1"},"up":{"uv":[1.75,2,2,2.25],"texture":"#1"},"down":{"uv":[1.75,2,2,2.25],"texture":"#1"}}},{"from":[2,18.2,9],"to":[3,19.2,12],"rotation":{"angle":0,"axis":"y","origin":[10,25.5,17]},"faces":{"north":{"uv":[1.75,2,2,2.25],"texture":"#1"},"south":{"uv":[1.75,2,2,2.25],"texture":"#1"},"up":{"uv":[1.75,2,2,2.25],"texture":"#1"},"down":{"uv":[1.75,2,2,2.25],"texture":"#1"}}},{"from":[2,17.3,11],"to":[3,18.2,12],"rotation":{"angle":0,"axis":"y","origin":[10,25.5,17]},"faces":{"north":{"uv":[1.75,2,2,2.25],"texture":"#1"},"south":{"uv":[1.75,2,2,2.25],"texture":"#1"},"up":{"uv":[1.75,2,2,2.25],"texture":"#1"},"down":{"uv":[1.75,2,2,2.25],"texture":"#1"}}},{"from":[2,14.4,10],"to":[3,17.3,11],"rotation":{"angle":0,"axis":"y","origin":[10,24.6,16]},"faces":{"north":{"uv":[1.75,2,2,2.25],"texture":"#1"},"south":{"uv":[1.75,2,2,2.25],"texture":"#1"},"up":{"uv":[1.75,2,2,2.25],"texture":"#1"},"down":{"uv":[1.75,2,2,2.25],"texture":"#1"}}},{"from":[2,12.5,11],"to":[3,14.4,12],"rotation":{"angle":0,"axis":"y","origin":[10,21.6,17]},"faces":{"north":{"uv":[1.75,2,2,2.25],"texture":"#1"},"south":{"uv":[1.75,2,2,2.25],"texture":"#1"},"up":{"uv":[1.75,2,2,2.25],"texture":"#1"},"down":{"uv":[1.75,2,2,2.25],"texture":"#1"}}},{"from":[2,11.5,12],"to":[3,12.5,13],"rotation":{"angle":0,"axis":"y","origin":[10,19.7,18]},"faces":{"north":{"uv":[1.75,2,2,2.25],"texture":"#1"},"south":{"uv":[1.75,2,2,2.25],"texture":"#1"},"up":{"uv":[1.75,2,2,2.25],"texture":"#1"},"down":{"uv":[1.75,2,2,2.25],"texture":"#1"}}},{"from":[2,10.5,13],"to":[3,11.5,14],"rotation":{"angle":0,"axis":"y","origin":[10,18.7,19]},"faces":{"north":{"uv":[1.75,2,2,2.25],"texture":"#1"},"south":{"uv":[1.75,2,2,2.25],"texture":"#1"},"up":{"uv":[1.75,2,2,2.25],"texture":"#1"},"down":{"uv":[1.75,2,2,2.25],"texture":"#1"}}},{"from":[2,3.9,13],"to":[3,4.9,14],"rotation":{"angle":0,"axis":"y","origin":[10,12.1,19]},"faces":{"north":{"uv":[1.75,2,2,2.25],"texture":"#1"},"south":{"uv":[1.75,2,2,2.25],"texture":"#1"},"up":{"uv":[1.75,2,2,2.25],"texture":"#1"},"down":{"uv":[1.75,2,2,2.25],"texture":"#1"}}},{"from":[2,2.9,11],"to":[3,3.9,13],"rotation":{"angle":0,"axis":"y","origin":[10,11.1,18]},"faces":{"north":{"uv":[1.75,2,2,2.25],"texture":"#1"},"south":{"uv":[1.75,2,2,2.25],"texture":"#1"},"up":{"uv":[1.75,2,2,2.25],"texture":"#1"},"down":{"uv":[1.75,2,2,2.25],"texture":"#1"}}},{"from":[2,3.9,9],"to":[3,4.9,11],"rotation":{"angle":0,"axis":"y","origin":[10,12.1,16]},"faces":{"north":{"uv":[1.75,2,2,2.25],"texture":"#1"},"south":{"uv":[1.75,2,2,2.25],"texture":"#1"},"up":{"uv":[1.75,2,2,2.25],"texture":"#1"},"down":{"uv":[1.75,2,2,2.25],"texture":"#1"}}},{"from":[2,1.9,7],"to":[3,3.9,9],"rotation":{"angle":0,"axis":"y","origin":[10,11.1,14]},"faces":{"north":{"uv":[1.75,2,2,2.25],"texture":"#1"},"south":{"uv":[1.75,2,2,2.25],"texture":"#1"},"up":{"uv":[1.75,2,2,2.25],"texture":"#1"},"down":{"uv":[1.75,2,2,2.25],"texture":"#1"}}},{"from":[2,3.9,7],"to":[3,4.9,8],"rotation":{"angle":0,"axis":"y","origin":[10,11.1,14]},"faces":{"north":{"uv":[1.75,2,2,2.25],"texture":"#1"},"south":{"uv":[1.75,2,2,2.25],"texture":"#1"},"up":{"uv":[1.75,2,2,2.25],"texture":"#1"},"down":{"uv":[1.75,2,2,2.25],"texture":"#1"}}},{"from":[2,4.9,8],"to":[3,5.9,9],"rotation":{"angle":0,"axis":"y","origin":[10,12.1,15]},"faces":{"north":{"uv":[1.75,2,2,2.25],"texture":"#1"},"south":{"uv":[1.75,2,2,2.25],"texture":"#1"},"up":{"uv":[1.75,2,2,2.25],"texture":"#1"},"down":{"uv":[1.75,2,2,2.25],"texture":"#1"}}},{"from":[2,2.9,6],"to":[3,3.9,7],"rotation":{"angle":0,"axis":"y","origin":[10,11.1,13]},"faces":{"north":{"uv":[1.75,2,2,2.25],"texture":"#1"},"south":{"uv":[1.75,2,2,2.25],"texture":"#1"},"up":{"uv":[1.75,2,2,2.25],"texture":"#1"},"down":{"uv":[1.75,2,2,2.25],"texture":"#1"}}},{"from":[2,4.8,14],"to":[3,10.5,15],"rotation":{"angle":0,"axis":"y","origin":[10,17.7,20]},"faces":{"north":{"uv":[1.75,2,2,2.25],"texture":"#1"},"south":{"uv":[1.75,2,2,2.25],"texture":"#1"},"up":{"uv":[1.75,2,2,2.25],"texture":"#1"},"down":{"uv":[1.75,2,2,2.25],"texture":"#1"}}},{"from":[2,14.4,3],"to":[3,15.4,4],"rotation":{"angle":0,"axis":"y","origin":[10,21.6,11]},"faces":{"north":{"uv":[1.75,2,2,2.25],"texture":"#1"},"south":{"uv":[1.75,2,2,2.25],"texture":"#1"},"up":{"uv":[1.75,2,2,2.25],"texture":"#1"},"down":{"uv":[1.75,2,2,2.25],"texture":"#1"}}}],"gui_light":"front","display":{"thirdperson_righthand":{"translation":[8,-2,1]},"thirdperson_lefthand":{"rotation":[0,-180,0],"translation":[8,-2,2]},"firstperson_righthand":{"rotation":[0,90,0],"translation":[0.31,-2.01,-2.27],"scale":[0.77,0.77,0.77]},"firstperson_lefthand":{"rotation":[0,90,0],"translation":[0.31,-2.01,7.18],"scale":[0.77,0.77,0.77]},"ground":{"translation":[1,4,0],"scale":[0.64,0.64,0.64]},"gui":{"rotation":[0,-90,0],"translation":[0,-1.25,0],"scale":[0.77,0.77,0.77]},"fixed":{"rotation":[0,90,0],"translation":[0,-1.5,-6],"scale":[0.77,0.77,0.77]}},"groups":[{"name":"group","origin":[8,8,8],"children":[0,1]},{"name":"handle","origin":[10,8.6,9],"children":[2,3,4]},{"name":"group","origin":[8,8,8],"children":[5,6,7,8,9,10,11,12,13,14,15,16,17,18,19,20,21,22,23,24,25,26,27]}]}