{"credit":"Madebyspike5032","ambientocclusion":false,"textures":{"base":"mctown:item/amethyst_shield/base"},"elements":[{"name":"sheild","from":[2.9,0,0],"to":[2.9625,16,16],"rotation":{"angle":0,"axis":"y","origin":[7.9,8,8]},"faces":{"east":{"uv":[0,0.5,4,4.5],"texture":"#base"},"west":{"uv":[0,0.5,4,4.5],"texture":"#base"}}},{"name":"sheild","from":[2,0,0],"to":[2.0625,16,16],"faces":{"east":{"uv":[0,0.5,4,4.5],"texture":"#base"},"west":{"uv":[0,0.5,4,4.5],"texture":"#base"}}},{"from":[2,0,7],"to":[3,1,9],"rotation":{"angle":0,"axis":"y","origin":[10,8,15]},"faces":{"north":{"uv":[0.5,0.75,0.75,1],"texture":"#base"},"south":{"uv":[0.5,0.75,0.75,1],"texture":"#base"},"down":{"uv":[0.5,0.75,0.75,1],"texture":"#base"}}},{"from":[2,1,9],"to":[3,3,10],"rotation":{"angle":0,"axis":"y","origin":[10,9,16]},"faces":{"south":{"uv":[0.5,0.75,0.75,1],"texture":"#base"},"down":{"uv":[0.5,0.75,0.75,1],"texture":"#base"}}},{"from":[2,3,10],"to":[3,5,11],"rotation":{"angle":0,"axis":"y","origin":[10,11,17]},"faces":{"south":{"uv":[0.5,0.75,0.75,1],"texture":"#base"},"down":{"uv":[0.5,0.75,0.75,1],"texture":"#base"}}},{"from":[2,5,11],"to":[3,6,12],"rotation":{"angle":0,"axis":"y","origin":[10,13,18]},"faces":{"south":{"uv":[0.5,0.75,0.75,1],"texture":"#base"},"down":{"uv":[0.5,0.75,0.75,1],"texture":"#base"}}},{"from":[2,5,4],"to":[3,6,5],"rotation":{"angle":0,"axis":"y","origin":[10,13,11]},"faces":{"north":{"uv":[0.5,0.75,0.75,1],"texture":"#base"},"down":{"uv":[0.5,0.75,0.75,1],"texture":"#base"}}},{"from":[2,6,12],"to":[3,7,13],"rotation":{"angle":0,"axis":"y","origin":[10,14,19]},"faces":{"south":{"uv":[0.5,0.75,0.75,1],"texture":"#base"},"down":{"uv":[0.5,0.75,0.75,1],"texture":"#base"}}},{"from":[2,6,3],"to":[3,7,4],"rotation":{"angle":0,"axis":"y","origin":[10,14,10]},"faces":{"north":{"uv":[0.5,0.75,0.75,1],"texture":"#base"},"down":{"uv":[0.5,0.75,0.75,1],"texture":"#base"}}},{"from":[2,7,13],"to":[3,8,14],"rotation":{"angle":0,"axis":"y","origin":[10,15,20]},"faces":{"south":{"uv":[0.5,0.75,0.75,1],"texture":"#base"},"down":{"uv":[0.5,0.75,0.75,1],"texture":"#base"}}},{"from":[2,7,2],"to":[3,8,3],"rotation":{"angle":0,"axis":"y","origin":[10,15,9]},"faces":{"north":{"uv":[0.5,0.75,0.75,1],"texture":"#base"},"down":{"uv":[0.5,0.75,0.75,1],"texture":"#base"}}},{"from":[2,13,13],"to":[3,15,14],"rotation":{"angle":0,"axis":"y","origin":[10,21,20]},"faces":{"south":{"uv":[0.5,0.75,0.75,1],"texture":"#base"},"up":{"uv":[0.5,0.75,0.75,1],"texture":"#base"}}},{"from":[2,13,2],"to":[3,15,3],"rotation":{"angle":0,"axis":"y","origin":[10,21,9]},"faces":{"north":{"uv":[0.5,0.75,0.75,1],"texture":"#base"},"up":{"uv":[0.5,0.75,0.75,1],"texture":"#base"}}},{"from":[2,15,11],"to":[3,16,13],"rotation":{"angle":0,"axis":"y","origin":[10,23,20]},"faces":{"north":{"uv":[0.5,0.75,0.75,1],"texture":"#base"},"south":{"uv":[0.5,0.75,0.75,1],"texture":"#base"},"up":{"uv":[0.5,0.75,0.75,1],"texture":"#base"}}},{"from":[2,15,6],"to":[3,16,10],"rotation":{"angle":0,"axis":"y","origin":[10,23,17]},"faces":{"north":{"uv":[0.5,0.75,0.75,1],"texture":"#base"},"south":{"uv":[0.5,0.75,0.75,1],"texture":"#base"},"up":{"uv":[0.5,0.75,0.75,1],"texture":"#base"}}},{"from":[2,15,3],"to":[3,16,5],"rotation":{"angle":0,"axis":"y","origin":[10,23,12]},"faces":{"north":{"uv":[0.5,0.75,0.75,1],"texture":"#base"},"south":{"uv":[0.5,0.75,0.75,1],"texture":"#base"},"up":{"uv":[0.5,0.75,0.75,1],"texture":"#base"}}},{"from":[2,14,10],"to":[3,15,11],"rotation":{"angle":0,"axis":"y","origin":[10,23,19]},"faces":{"up":{"uv":[0.5,0.75,0.75,1],"texture":"#base"}}},{"from":[2,14,5],"to":[3,15,6],"rotation":{"angle":0,"axis":"y","origin":[10,23,14]},"faces":{"up":{"uv":[0.5,0.75,0.75,1],"texture":"#base"}}},{"from":[2,8,14],"to":[3,13,15],"rotation":{"angle":0,"axis":"y","origin":[10,16,21]},"faces":{"south":{"uv":[0.5,0.75,0.75,1],"texture":"#base"},"up":{"uv":[0.5,0.75,0.75,1],"texture":"#base"},"down":{"uv":[0.5,0.75,0.75,1],"texture":"#base"}}},{"from":[2,8,1],"to":[3,13,2],"rotation":{"angle":0,"axis":"y","origin":[10,16,8]},"faces":{"north":{"uv":[0.5,0.75,0.75,1],"texture":"#base"},"up":{"uv":[0.5,0.75,0.75,1],"texture":"#base"},"down":{"uv":[0.5,0.75,0.75,1],"texture":"#base"}}},{"from":[-3,5,8],"to":[-2,11,9],"rotation":{"angle":0,"axis":"y","origin":[5,14,15]},"faces":{"north":{"uv":[0.5,0.75,0.75,1],"texture":"#base"},"east":{"uv":[0.5,0.75,0.75,1],"texture":"#base"},"south":{"uv":[0.5,0.75,0.75,1],"texture":"#base"},"west":{"uv":[0.5,0.75,0.75,1],"texture":"#base"},"up":{"uv":[0.5,0.75,0.75,1],"texture":"#base"},"down":{"uv":[0.5,0.75,0.75,1],"texture":"#base"}}},{"from":[-2,10,8],"to":[2.1,11,9],"rotation":{"angle":0,"axis":"y","origin":[8,14,15]},"faces":{"north":{"uv":[0.5,0.75,0.75,1],"texture":"#base"},"east":{"uv":[0.5,0.75,0.75,1],"texture":"#base"},"south":{"uv":[0.5,0.75,0.75,1],"texture":"#base"},"west":{"uv":[0.5,0.75,0.75,1],"texture":"#base"},"up":{"uv":[0.5,0.75,0.75,1],"texture":"#base"},"down":{"uv":[0.5,0.75,0.75,1],"texture":"#base"}}},{"from":[-2,5,8],"to":[2.1,6,9],"rotation":{"angle":0,"axis":"y","origin":[8,10,15]},"faces":{"north":{"uv":[0.5,0.75,0.75,1],"texture":"#base"},"east":{"uv":[0.5,0.75,0.75,1],"texture":"#base"},"south":{"uv":[0.5,0.75,0.75,1],"texture":"#base"},"west":{"uv":[0.5,0.75,0.75,1],"texture":"#base"},"up":{"uv":[0.5,0.75,0.75,1],"texture":"#base"},"down":{"uv":[0.5,0.75,0.75,1],"texture":"#base"}}},{"from":[2,1,6],"to":[3,3,7],"rotation":{"angle":0,"axis":"y","origin":[10,9,13]},"faces":{"north":{"uv":[0.5,0.75,0.75,1],"texture":"#base"},"down":{"uv":[0.5,0.75,0.75,1],"texture":"#base"}}},{"from":[2,3,5],"to":[3,5,6],"rotation":{"angle":0,"axis":"y","origin":[10,11,12]},"faces":{"north":{"uv":[0.5,0.75,0.75,1],"texture":"#base"},"down":{"uv":[0.5,0.75,0.75,1],"texture":"#base"}}}],"gui_light":"front","display":{"thirdperson_righthand":{"translation":[8,-2,1]},"thirdperson_lefthand":{"rotation":[0,-180,0],"translation":[8,-2,2]},"firstperson_righthand":{"rotation":[0,90,0],"translation":[-0.19,-1.51,-2.27]},"firstperson_lefthand":{"rotation":[0,90,0],"translation":[0.57,-2.27,7.18]},"ground":{"translation":[1,4,0],"scale":[0.3,0.3,0.3]},"gui":{"rotation":[0,-90,0]},"fixed":{"rotation":[0,90,0],"translation":[0,0,-6]}},"groups":[{"name":"group","origin":[8,8,8],"children":[0,1]},2,3,4,5,6,7,8,9,10,11,12,13,14,15,16,17,18,19,20,21,22,23,24]}