{
   "littleroom.woodland.bear_attack1":{
		 "sounds": [
			"littleroom/woodland/bear_attack1"
		 ]
	},
   "littleroom.woodland.bear_attack2":{
		 "sounds": [
			"littleroom/woodland/bear_attack2"
		 ]
	},
   "littleroom.woodland.bear_attack3":{
		 "sounds": [
			"littleroom/woodland/bear_attack3"
		 ]
	},
   "littleroom.woodland.bear_death":{
		 "sounds": [
			"littleroom/woodland/bear_death"
		 ]
	},
   "littleroom.woodland.bear_idle1":{
		 "sounds": [
			"littleroom/woodland/bear_idle1"
		 ]
	},
   "littleroom.woodland.bear_idle2":{
		 "sounds": [
			"littleroom/woodland/bear_idle2"
		 ]
	},
   "littleroom.woodland.bear_idle3":{
		 "sounds": [
			"littleroom/woodland/bear_idle3"
		 ]
	},
   "littleroom.woodland.bear_sleep":{
		 "sounds": [
			"littleroom/woodland/bear_sleep"
		 ]
	},
   "littleroom.woodland.bird_fly":{
		 "sounds": [
			"littleroom/woodland/bird_fly"
		 ]
	},
   "littleroom.woodland.bird_song":{
		 "sounds": [
			"littleroom/woodland/bird_song"
		 ]
	},
   "littleroom.woodland.bird_song2":{
		 "sounds": [
			"littleroom/woodland/bird_song2"
		 ]
	},
   "littleroom.woodland.bird_song3":{
		 "sounds": [
			"littleroom/woodland/bird_song3"
		 ]
	},
   "littleroom.woodland.bird_song4":{
		 "sounds": [
			"littleroom/woodland/bird_song4"
		 ]
	},
   "littleroom.woodland.elk_call1":{
		 "sounds": [
			"littleroom/woodland/elk_call1"
		 ]
	},
   "littleroom.woodland.elk_call2":{
		 "sounds": [
			"littleroom/woodland/elk_call2"
		 ]
	},
   "littleroom.woodland.frog_idle1":{
		 "sounds": [
			"littleroom/woodland/frog_idle1"
		 ]
	},
   "littleroom.woodland.frog_idle2":{
		 "sounds": [
			"littleroom/woodland/frog_idle2"
		 ]
	},
   "littleroom.woodland.owl_attack":{
		 "sounds": [
			"littleroom/woodland/owl_attack"
		 ]
	},
   "littleroom.woodland.owl_fly":{
		 "sounds": [
			"littleroom/woodland/owl_fly"
		 ]
	},
   "littleroom.woodland.owl_idle":{
		 "sounds": [
			"littleroom/woodland/owl_idle"
		 ]
	},
   "littleroom.woodland.raccoon_idle1":{
		 "sounds": [
			"littleroom/woodland/raccoon_idle1"
		 ]
	},
   "littleroom.woodland.raccoon_idle2":{
		 "sounds": [
			"littleroom/woodland/raccoon_idle2"
		 ]
	},
   "littleroom.woodland.skunk_spray":{
		 "sounds": [
			"littleroom/woodland/skunk_spray"
		 ]
	},
   "littleroom.woodland.squirrel_death":{
		 "sounds": [
			"littleroom/woodland/squirrel_death"
		 ]
	},
   "littleroom.woodland.squirrel_hurt":{
		 "sounds": [
			"littleroom/woodland/squirrel_hurt"
		 ]
	},
   "littleroom.woodland.squirrel_idle":{
		 "sounds": [
			"littleroom/woodland/squirrel_idle"
		 ]
	}
}
