{"credit":"MadewithBlockbench","texture_size":[32,32],"textures":{"0":"cosmetics/angel_wings","particle":"cosmetics/angel_wings"},"elements":[{"from":[6,-2,0],"to":[6,12,19],"rotation":{"angle":-45,"axis":"y","origin":[6,0,0]},"faces":{"north":{"uv":[0,0,0,7],"texture":"#0"},"east":{"uv":[0,0,9.5,7],"texture":"#0"},"south":{"uv":[0,0,0,7],"texture":"#0"},"west":{"uv":[0,7,9.5,14],"texture":"#0"},"up":{"uv":[0,9.5,0,0],"texture":"#0"},"down":{"uv":[0,0,0,9.5],"texture":"#0"}}},{"from":[10,-2,0],"to":[10,12,19],"rotation":{"angle":45,"axis":"y","origin":[10,0,0]},"faces":{"north":{"uv":[0,0,0,7],"texture":"#0"},"east":{"uv":[9.5,7,0,14],"texture":"#0"},"south":{"uv":[0,0,0,7],"texture":"#0"},"west":{"uv":[9.5,0,0,7],"texture":"#0"},"up":{"uv":[0,9.5,0,0],"texture":"#0"},"down":{"uv":[0,0,0,9.5],"texture":"#0"}}}],"display":{"thirdperson_righthand":{"rotation":[67,0,0],"translation":[4.5,-0.75,1.75],"scale":[0.4,0.4,0.4]},"thirdperson_lefthand":{"rotation":[67,0,0],"translation":[4.5,-0.75,1.75],"scale":[0.4,0.4,0.4]},"firstperson_righthand":{"translation":[0,3.25,0.5],"scale":[0.6,0.6,0.6]},"firstperson_lefthand":{"translation":[0,3.25,0.5],"scale":[0.6,0.6,0.6]},"ground":{"scale":[0.6,0.6,0.6]},"gui":{"rotation":[40,115,0],"translation":[0,0.75,0],"scale":[0.5,0.5,0.5]},"head":{"translation":[0,-40,14],"scale":[1.5,1.5,1.5]},"fixed":{"rotation":[-90,0,0],"translation":[0,1.5,-15],"scale":[2,2,2]}},"groups":[{"name":"angel_wings","origin":[8,8,8],"color":0,"children":[0,1]}]}