{"credit":"MadewithBlockbench","textures":{"1":"cosmetics/back_tombstone","2":"cosmetics/back_tombstone_colors","particle":"cosmetics/back_tombstone_colors"},"elements":[{"from":[0,2,7],"to":[16,16,12],"faces":{"north":{"uv":[0,0,4,3.5],"texture":"#1"},"east":{"uv":[4,6,5.25,9.5],"texture":"#1"},"south":{"uv":[0,3.5,4,7],"texture":"#1"},"west":{"uv":[5.25,6,6.5,9.5],"texture":"#1"},"up":{"uv":[8,4.75,4,3.5],"texture":"#1"},"down":{"uv":[8,4.75,4,6],"texture":"#1"}}},{"from":[-1,-1,6],"to":[17,2,13],"faces":{"north":{"uv":[6.5,6,11,6.75],"texture":"#1"},"east":{"uv":[0,8.25,1.75,9],"texture":"#1"},"south":{"uv":[6.5,6.75,11,7.5],"texture":"#1"},"west":{"uv":[1.75,8.25,3.5,9],"texture":"#1"},"up":{"uv":[8.5,1.75,4,0],"texture":"#1"},"down":{"uv":[8.5,1.75,4,3.5],"texture":"#1"}}},{"from":[3,16,7],"to":[13,20,12],"faces":{"north":{"uv":[8,3.5,10.5,4.5],"texture":"#1"},"east":{"uv":[2.5,7,3.75,8],"texture":"#1"},"south":{"uv":[8,4.5,10.5,5.5],"texture":"#1"},"west":{"uv":[8.5,0,9.75,1],"texture":"#1"},"up":{"uv":[2.5,8.25,0,7],"texture":"#1"},"down":{"uv":[9,7.5,6.5,8.75],"texture":"#1"}}},{"from":[7,20,9],"to":[9,30,10],"faces":{"north":{"uv":[3.5,8,4,10.5],"texture":"#1"},"east":{"uv":[2.5,9,2.75,11.5],"texture":"#1"},"south":{"uv":[8.5,1,9,3.5],"texture":"#1"},"west":{"uv":[2.75,9,3,11.5],"texture":"#1"},"up":{"uv":[6.5,9.75,6,9.5],"texture":"#1"},"down":{"uv":[10,8.25,9.5,8.5],"texture":"#1"}}},{"from":[4,26,9],"to":[7,28,10],"faces":{"north":{"uv":[8,5.5,8.75,6],"texture":"#1"},"east":{"uv":[3.75,7,4,7.5],"texture":"#1"},"south":{"uv":[8.75,5.5,9.5,6],"texture":"#1"},"west":{"uv":[3.75,7.5,4,8],"texture":"#1"},"up":{"uv":[3.25,8.25,2.5,8],"texture":"#1"},"down":{"uv":[10.25,7.5,9.5,7.75],"texture":"#1"}}},{"from":[9,26,9],"to":[12,28,10],"faces":{"north":{"uv":[9.5,1,10.25,1.5],"texture":"#1"},"east":{"uv":[9.5,8.5,9.75,9],"texture":"#1"},"south":{"uv":[9.5,1.5,10.25,2],"texture":"#1"},"west":{"uv":[9.5,9,9.75,9.5],"texture":"#1"},"up":{"uv":[10.25,8,9.5,7.75],"texture":"#1"},"down":{"uv":[10.25,8,9.5,8.25],"texture":"#1"}}},{"from":[13,16,7],"to":[15,22,9],"faces":{"north":{"uv":[0,8,2,14],"texture":"#2","tintindex":0},"east":{"uv":[8,0,10,6],"texture":"#2","tintindex":0},"south":{"uv":[2,8,4,14],"texture":"#2","tintindex":0},"west":{"uv":[4,8,6,14],"texture":"#2","tintindex":0},"up":{"uv":[14,12,12,10],"texture":"#2","tintindex":0},"down":{"uv":[14,12,12,14],"texture":"#2","tintindex":0}}},{"from":[1,16,7],"to":[3,24,9],"faces":{"north":{"uv":[0,0,2,8],"texture":"#2","tintindex":0},"east":{"uv":[2,0,4,8],"texture":"#2","tintindex":0},"south":{"uv":[4,0,6,8],"texture":"#2","tintindex":0},"west":{"uv":[6,0,8,8],"texture":"#2","tintindex":0},"up":{"uv":[2,16,0,14],"texture":"#2","tintindex":0},"down":{"uv":[16,0,14,2],"texture":"#2","tintindex":0}}},{"from":[14,16,9],"to":[16,19,11],"faces":{"north":{"uv":[10,10,12,13],"texture":"#2","tintindex":0},"east":{"uv":[8,11,10,14],"texture":"#2","tintindex":0},"south":{"uv":[12,0,14,3],"texture":"#2","tintindex":0},"west":{"uv":[12,3,14,6],"texture":"#2","tintindex":0},"up":{"uv":[14,8,12,6],"texture":"#2","tintindex":0},"down":{"uv":[14,8,12,10],"texture":"#2","tintindex":0}}},{"from":[13.5,22,8],"to":[14.5,23,8],"rotation":{"angle":0,"axis":"y","origin":[13,23,10]},"faces":{"north":{"uv":[3.25,8,3.5,8.25],"texture":"#1"},"east":{"uv":[0,0,0,0.25],"texture":"#1"},"south":{"uv":[9.5,9.5,9.75,9.75],"texture":"#1"},"west":{"uv":[0,0,0,0.25],"texture":"#1"},"up":{"uv":[0.25,0,0,0],"texture":"#1"},"down":{"uv":[0.25,0,0,0],"texture":"#1"}}},{"from":[14,22,7.5],"to":[14,23,8.5],"rotation":{"angle":0,"axis":"y","origin":[13,23,10]},"faces":{"north":{"uv":[0,0,0,0.25],"texture":"#1"},"east":{"uv":[9.75,0,10,0.25],"texture":"#1"},"south":{"uv":[0,0,0,0.25],"texture":"#1"},"west":{"uv":[9.75,0.25,10,0.5],"texture":"#1"},"up":{"uv":[0,0.25,0,0],"texture":"#1"},"down":{"uv":[0,0,0,0.25],"texture":"#1"}}},{"from":[1.5,24,8],"to":[2.5,25,8],"rotation":{"angle":0,"axis":"y","origin":[13,23,10]},"faces":{"north":{"uv":[9.75,8.5,10,8.75],"texture":"#1"},"east":{"uv":[0,0,0,0.25],"texture":"#1"},"south":{"uv":[9.75,8.75,10,9],"texture":"#1"},"west":{"uv":[0,0,0,0.25],"texture":"#1"},"up":{"uv":[0.25,0,0,0],"texture":"#1"},"down":{"uv":[0.25,0,0,0],"texture":"#1"}}},{"from":[2,24,7.5],"to":[2,25,8.5],"rotation":{"angle":0,"axis":"y","origin":[13,23,10]},"faces":{"north":{"uv":[0,0,0,0.25],"texture":"#1"},"east":{"uv":[6,9.75,6.25,10],"texture":"#1"},"south":{"uv":[0,0,0,0.25],"texture":"#1"},"west":{"uv":[6.25,9.75,6.5,10],"texture":"#1"},"up":{"uv":[0,0.25,0,0],"texture":"#1"},"down":{"uv":[0,0,0,0.25],"texture":"#1"}}},{"from":[15,19,9.5],"to":[15,20,10.5],"rotation":{"angle":0,"axis":"y","origin":[13,23,10]},"faces":{"north":{"uv":[0,0,0,0.25],"texture":"#1"},"east":{"uv":[3,9.75,3.25,10],"texture":"#1"},"south":{"uv":[0,0,0,0.25],"texture":"#1"},"west":{"uv":[3.25,9.75,3.5,10],"texture":"#1"},"up":{"uv":[0,0.25,0,0],"texture":"#1"},"down":{"uv":[0,0,0,0.25],"texture":"#1"}}},{"from":[14.5,19,10],"to":[15.5,20,10],"rotation":{"angle":0,"axis":"y","origin":[13,23,10]},"faces":{"north":{"uv":[9.75,0.5,10,0.75],"texture":"#1"},"east":{"uv":[0,0,0,0.25],"texture":"#1"},"south":{"uv":[9.75,0.75,10,1],"texture":"#1"},"west":{"uv":[0,0,0,0.25],"texture":"#1"},"up":{"uv":[0.25,0,0,0],"texture":"#1"},"down":{"uv":[0.25,0,0,0],"texture":"#1"}}},{"from":[0,16,9],"to":[2,21,11],"faces":{"north":{"uv":[6,8,8,13],"texture":"#2","tintindex":0},"east":{"uv":[8,6,10,11],"texture":"#2","tintindex":0},"south":{"uv":[10,0,12,5],"texture":"#2","tintindex":0},"west":{"uv":[10,5,12,10],"texture":"#2","tintindex":0},"up":{"uv":[8,15,6,13],"texture":"#2","tintindex":0},"down":{"uv":[12,13,10,15],"texture":"#2","tintindex":0}}},{"from":[0.5,21,10],"to":[1.5,22,10],"rotation":{"angle":0,"axis":"y","origin":[13,23,10]},"faces":{"north":{"uv":[9.25,9.75,9.5,10],"texture":"#1"},"east":{"uv":[0,0,0,0.25],"texture":"#1"},"south":{"uv":[9.75,9.25,10,9.5],"texture":"#1"},"west":{"uv":[0,0,0,0.25],"texture":"#1"},"up":{"uv":[0.25,0,0,0],"texture":"#1"},"down":{"uv":[0.25,0,0,0],"texture":"#1"}}},{"from":[1,21,9.5],"to":[1,22,10.5],"rotation":{"angle":0,"axis":"y","origin":[13,23,10]},"faces":{"north":{"uv":[0,0,0,0.25],"texture":"#1"},"east":{"uv":[9,9.75,9.25,10],"texture":"#1"},"south":{"uv":[0,0,0,0.25],"texture":"#1"},"west":{"uv":[9.75,9,10,9.25],"texture":"#1"},"up":{"uv":[0,0.25,0,0],"texture":"#1"},"down":{"uv":[0,0,0,0.25],"texture":"#1"}}}],"display":{"thirdperson_righthand":{"translation":[0,3,1],"scale":[0.55,0.55,0.55]},"thirdperson_lefthand":{"translation":[0,3,1],"scale":[0.55,0.55,0.55]},"ground":{"translation":[0,3,0],"scale":[0.25,0.25,0.25]},"gui":{"rotation":[30,225,0],"translation":[0,-1.5,0],"scale":[0.4,0.4,0.4]},"head":{"translation":[0,-45,4.5],"scale":[1.25,1.25,1.25]},"fixed":{"translation":[0,-1.25,-1],"scale":[0.4,0.4,0.4]}}}