{"credit":"MadewithBlockbench","texture_size":[64,64],"textures":{"2":"cosmetics/basket_cosmetic","particle":"cosmetics/basket_cosmetic"},"elements":[{"from":[4,0,1.5],"to":[5,6,14.5],"faces":{"north":{"uv":[5.5,6.25,5.75,7.75],"texture":"#2"},"east":{"uv":[0,0,3.25,1.5],"texture":"#2"},"south":{"uv":[5.75,6.25,6,7.75],"texture":"#2"},"west":{"uv":[0,1.5,3.25,3],"texture":"#2"},"up":{"uv":[3.25,7.75,3,4.5],"texture":"#2"},"down":{"uv":[5,6.25,4.75,9.5],"texture":"#2"}}},{"from":[11,0,1.5],"to":[12,6,14.5],"faces":{"north":{"uv":[6,6.25,6.25,7.75],"texture":"#2"},"east":{"uv":[0,3,3.25,4.5],"texture":"#2"},"south":{"uv":[6.25,6.25,6.5,7.75],"texture":"#2"},"west":{"uv":[3.25,0,6.5,1.5],"texture":"#2"},"up":{"uv":[5.25,9.5,5,6.25],"texture":"#2"},"down":{"uv":[5.5,6.25,5.25,9.5],"texture":"#2"}}},{"from":[5,0,1.5],"to":[11,6,2.5],"faces":{"north":{"uv":[0,4.5,1.5,6],"texture":"#2"},"east":{"uv":[6.5,0,6.75,1.5],"texture":"#2"},"south":{"uv":[1.5,4.5,3,6],"texture":"#2"},"west":{"uv":[6.5,3.75,6.75,5.25],"texture":"#2"},"up":{"uv":[8,5.5,6.5,5.25],"texture":"#2"},"down":{"uv":[8,5.5,6.5,5.75],"texture":"#2"}}},{"from":[5,0,13.5],"to":[11,6,14.5],"faces":{"north":{"uv":[4.75,1.5,6.25,3],"texture":"#2"},"east":{"uv":[6.5,6.25,6.75,7.75],"texture":"#2"},"south":{"uv":[4.75,3,6.25,4.5],"texture":"#2"},"west":{"uv":[6.75,0,7,1.5],"texture":"#2"},"up":{"uv":[8,6,6.5,5.75],"texture":"#2"},"down":{"uv":[8.25,3.75,6.75,4],"texture":"#2"}}},{"from":[3.5,5,15],"to":[12.5,6,15],"faces":{"north":{"uv":[6.25,2.75,8.5,3],"texture":"#2"},"east":{"uv":[0,0,0,0.25],"texture":"#2"},"south":{"uv":[6.25,3,8.5,3.25],"texture":"#2"},"west":{"uv":[0,0,0,0.25],"texture":"#2"},"up":{"uv":[2.25,0,0,0],"texture":"#2"},"down":{"uv":[2.25,0,0,0],"texture":"#2"}}},{"from":[3.5,5,1],"to":[3.5,6,15],"faces":{"north":{"uv":[0,0,0,0.25],"texture":"#2"},"east":{"uv":[6.25,1.75,9.75,2],"texture":"#2"},"south":{"uv":[0,0,0,0.25],"texture":"#2"},"west":{"uv":[6.25,2,9.75,2.25],"texture":"#2"},"up":{"uv":[0,3.5,0,0],"texture":"#2"},"down":{"uv":[0,0,0,3.5],"texture":"#2"}}},{"from":[12.5,5,1],"to":[12.5,6,15],"faces":{"north":{"uv":[0,0,0,0.25],"texture":"#2"},"east":{"uv":[4.75,6,8.25,6.25],"texture":"#2"},"south":{"uv":[0,0,0,0.25],"texture":"#2"},"west":{"uv":[6.25,1.5,9.75,1.75],"texture":"#2"},"up":{"uv":[0,3.5,0,0],"texture":"#2"},"down":{"uv":[0,0,0,3.5],"texture":"#2"}}},{"from":[3.5,5,1],"to":[12.5,6,1],"faces":{"north":{"uv":[6.25,3.25,8.5,3.5],"texture":"#2"},"east":{"uv":[0,0,0,0.25],"texture":"#2"},"south":{"uv":[6.25,3.5,8.5,3.75],"texture":"#2"},"west":{"uv":[0,0,0,0.25],"texture":"#2"},"up":{"uv":[2.25,0,0,0],"texture":"#2"},"down":{"uv":[2.25,0,0,0],"texture":"#2"}}},{"from":[11.5,6,6.5],"to":[11.5,11,9.5],"faces":{"north":{"uv":[0,0,0,1.25],"texture":"#2"},"east":{"uv":[0,6,0.75,7.25],"texture":"#2"},"south":{"uv":[0,0,0,1.25],"texture":"#2"},"west":{"uv":[0.75,6,1.5,7.25],"texture":"#2"},"up":{"uv":[0,0.75,0,0],"texture":"#2"},"down":{"uv":[0,0,0,0.75],"texture":"#2"}}},{"from":[4.5,6,6.5],"to":[4.5,11,9.5],"faces":{"north":{"uv":[0,0,0,1.25],"texture":"#2"},"east":{"uv":[1.5,6,2.25,7.25],"texture":"#2"},"south":{"uv":[0,0,0,1.25],"texture":"#2"},"west":{"uv":[2.25,6,3,7.25],"texture":"#2"},"up":{"uv":[0,0.75,0,0],"texture":"#2"},"down":{"uv":[0,0,0,0.75],"texture":"#2"}}},{"from":[5,0,2.5],"to":[11,1,13.5],"faces":{"north":{"uv":[6.75,4,8.25,4.25],"texture":"#2"},"east":{"uv":[6.25,2.25,9,2.5],"texture":"#2"},"south":{"uv":[6.75,4.25,8.25,4.5],"texture":"#2"},"west":{"uv":[6.25,2.5,9,2.75],"texture":"#2"},"up":{"uv":[4.75,4.25,3.25,1.5],"texture":"#2"},"down":{"uv":[4.75,4.25,3.25,7],"texture":"#2"}}},{"from":[4.5,11,6.4],"to":[11.5,11,9.4],"faces":{"north":{"uv":[0,0,1.75,0],"texture":"#2"},"east":{"uv":[0,0,0.75,0],"texture":"#2"},"south":{"uv":[0,0,1.75,0],"texture":"#2"},"west":{"uv":[0,0,0.75,0],"texture":"#2"},"up":{"uv":[6.5,5.25,4.75,4.5],"texture":"#2"},"down":{"uv":[6.5,5.25,4.75,6],"texture":"#2"}}}],"gui_light":"front","display":{"thirdperson_righthand":{"rotation":[69,0,0],"translation":[0,-2.5,-1]},"thirdperson_lefthand":{"rotation":[69,0,0],"translation":[0,-2.5,-1]},"firstperson_righthand":{"rotation":[-6,0,0],"translation":[3.75,-2,0]},"firstperson_lefthand":{"rotation":[-6,0,0],"translation":[3.75,-2,0]},"ground":{"translation":[0,6,0]},"gui":{"rotation":[30,225,0],"translation":[0,1.5,0],"scale":[0.7,0.7,0.7]}}}