{"credit":"MadewithBlockbench","texture_size":[64,64],"textures":{"0":"cosmetics/batsy_hat","particle":"cosmetics/batsy_hat"},"elements":[{"from":[13,2,2],"to":[14,10,14],"rotation":{"angle":0,"axis":"y","origin":[0,2,0]},"faces":{"north":{"uv":[4.5,11,4.75,13],"texture":"#0"},"east":{"uv":[3,6,6,8],"texture":"#0"},"south":{"uv":[4.75,11,5,13],"texture":"#0"},"west":{"uv":[6,3,9,5],"texture":"#0"},"up":{"uv":[5.25,13,5,10],"texture":"#0"},"down":{"uv":[5.5,10,5.25,13],"texture":"#0"}}},{"from":[2,2,2],"to":[3,10,14],"rotation":{"angle":0,"axis":"y","origin":[0,2,0]},"faces":{"north":{"uv":[6.25,11.75,6.5,13.75],"texture":"#0"},"east":{"uv":[6,5,9,7],"texture":"#0"},"south":{"uv":[6.5,11.75,6.75,13.75],"texture":"#0"},"west":{"uv":[6,7,9,9],"texture":"#0"},"up":{"uv":[4.25,14,4,11],"texture":"#0"},"down":{"uv":[4.5,11,4.25,14],"texture":"#0"}}},{"from":[3,2,13],"to":[13,10,14],"rotation":{"angle":0,"axis":"y","origin":[0,2,0]},"faces":{"north":{"uv":[3,8,5.5,10],"texture":"#0"},"east":{"uv":[6.75,11.75,7,13.75],"texture":"#0"},"south":{"uv":[0,9,2.5,11],"texture":"#0"},"west":{"uv":[7,11.75,7.25,13.75],"texture":"#0"},"up":{"uv":[14,10.75,11.5,10.5],"texture":"#0"},"down":{"uv":[14,10.75,11.5,11],"texture":"#0"}}},{"from":[2,10,2],"to":[14,16,14],"rotation":{"angle":0,"axis":"y","origin":[0,2,0]},"faces":{"north":{"uv":[9,0,12,1.5],"texture":"#0"},"east":{"uv":[9,1.5,12,3],"texture":"#0"},"south":{"uv":[9,3,12,4.5],"texture":"#0"},"west":{"uv":[9,4.5,12,6],"texture":"#0"},"up":{"uv":[3,3,0,0],"texture":"#0"},"down":{"uv":[3,3,0,6],"texture":"#0"}}},{"from":[1,10,12],"to":[6,14,16],"rotation":{"angle":-22.5,"axis":"x","origin":[0,2,0]},"faces":{"north":{"uv":[2.5,10,3.75,11],"texture":"#0"},"east":{"uv":[0,11,1,12],"texture":"#0"},"south":{"uv":[3.75,10,5,11],"texture":"#0"},"west":{"uv":[1,11,2,12],"texture":"#0"},"up":{"uv":[10.25,11,9,10],"texture":"#0"},"down":{"uv":[11.5,10,10.25,11],"texture":"#0"}}},{"from":[9,10,14],"to":[16,18,14],"rotation":{"angle":-22.5,"axis":"x","origin":[16,2,0]},"faces":{"north":{"uv":[7.25,9,9,11],"texture":"#0"},"east":{"uv":[0,0,0,2],"texture":"#0"},"south":{"uv":[9,9,7.25,11],"texture":"#0"},"west":{"uv":[0,0,0,2],"texture":"#0"},"up":{"uv":[1.75,0,0,0],"texture":"#0"},"down":{"uv":[1.75,0,0,0],"texture":"#0"}}},{"from":[0,10,14],"to":[7,18,14],"rotation":{"angle":-22.5,"axis":"x","origin":[0,2,0]},"faces":{"north":{"uv":[9,9,7.25,11],"texture":"#0"},"east":{"uv":[0,0,0,2],"texture":"#0"},"south":{"uv":[7.25,9,9,11],"texture":"#0"},"west":{"uv":[0,0,0,2],"texture":"#0"},"up":{"uv":[0,0,1.75,0],"texture":"#0"},"down":{"uv":[0,0,1.75,0],"texture":"#0"}}},{"from":[11.75,11.5,-8.5],"to":[14.75,14.5,-8.5],"rotation":{"angle":45,"axis":"x","origin":[16,2,0]},"faces":{"north":{"uv":[11.5,11,12.25,11.75],"texture":"#0"},"east":{"uv":[0,0,0,0.75],"texture":"#0"},"south":{"uv":[5.5,11.75,6.25,12.5],"texture":"#0"},"west":{"uv":[0,0,0,0.75],"texture":"#0"},"up":{"uv":[0.75,0,0,0],"texture":"#0"},"down":{"uv":[0.75,0,0,0],"texture":"#0"}}},{"from":[10,10,12],"to":[15,14,16],"rotation":{"angle":-22.5,"axis":"x","origin":[16,2,0]},"faces":{"north":{"uv":[10.75,6,12,7],"texture":"#0"},"east":{"uv":[2,11,3,12],"texture":"#0"},"south":{"uv":[10.75,7,12,8],"texture":"#0"},"west":{"uv":[3,11,4,12],"texture":"#0"},"up":{"uv":[12,9,10.75,8],"texture":"#0"},"down":{"uv":[12,9,10.75,10],"texture":"#0"}}},{"from":[7,11,1],"to":[9,12,2],"rotation":{"angle":0,"axis":"y","origin":[0,2,0]},"faces":{"north":{"uv":[5.5,8,6,8.25],"texture":"#0"},"east":{"uv":[8.25,11.75,8.5,12],"texture":"#0"},"south":{"uv":[5.5,8.25,6,8.5],"texture":"#0"},"west":{"uv":[8.5,11.75,8.75,12],"texture":"#0"},"up":{"uv":[6,8.75,5.5,8.5],"texture":"#0"},"down":{"uv":[6,8.75,5.5,9],"texture":"#0"}}},{"from":[11,8,2],"to":[12,10,3],"rotation":{"angle":0,"axis":"y","origin":[0,2,0]},"faces":{"north":{"uv":[2.5,9,2.75,9.5],"texture":"#0"},"east":{"uv":[2.75,9,3,9.5],"texture":"#0"},"south":{"uv":[2.5,9.5,2.75,10],"texture":"#0"},"west":{"uv":[2.75,9.5,3,10],"texture":"#0"},"up":{"uv":[9,12,8.75,11.75],"texture":"#0"},"down":{"uv":[9.25,11.75,9,12],"texture":"#0"}}},{"from":[4,8,2],"to":[5,10,3],"rotation":{"angle":0,"axis":"y","origin":[16,2,0]},"faces":{"north":{"uv":[7.25,11.75,7.5,12.25],"texture":"#0"},"east":{"uv":[7.5,11.75,7.75,12.25],"texture":"#0"},"south":{"uv":[7.75,11.75,8,12.25],"texture":"#0"},"west":{"uv":[8,11.75,8.25,12.25],"texture":"#0"},"up":{"uv":[9.5,12,9.25,11.75],"texture":"#0"},"down":{"uv":[9.75,11.75,9.5,12],"texture":"#0"}}},{"from":[2,1,2],"to":[14,2,14],"rotation":{"angle":0,"axis":"y","origin":[0,2,0]},"faces":{"north":{"uv":[5.5,11,8.5,11.25],"texture":"#0"},"east":{"uv":[8.5,11,11.5,11.25],"texture":"#0"},"south":{"uv":[5.5,11.25,8.5,11.5],"texture":"#0"},"west":{"uv":[8.5,11.25,11.5,11.5],"texture":"#0"},"up":{"uv":[6,3,3,0],"texture":"#0"},"down":{"uv":[6,3,3,6],"texture":"#0"}}},{"from":[2,0,2],"to":[14,1,14],"rotation":{"angle":0,"axis":"y","origin":[0,2,0]},"faces":{"north":{"uv":[5.5,11.5,8.5,11.75],"texture":"#0"},"east":{"uv":[8.5,11.5,11.5,11.75],"texture":"#0"},"south":{"uv":[11.5,10,14.5,10.25],"texture":"#0"},"west":{"uv":[11.5,10.25,14.5,10.5],"texture":"#0"},"up":{"uv":[3,9,0,6],"texture":"#0"},"down":{"uv":[9,0,6,3],"texture":"#0"}}}],"display":{"thirdperson_righthand":{"scale":[0.5,0.5,0.5]},"thirdperson_lefthand":{"scale":[0.5,0.5,0.5]},"firstperson_righthand":{"scale":[0.5,0.5,0.5]},"firstperson_lefthand":{"scale":[0.5,0.5,0.5]},"ground":{"scale":[0.5,0.5,0.5]},"gui":{"rotation":[0,159,0],"translation":[0,-1.75,0],"scale":[0.75,0.75,0.75]},"head":{"translation":[0,3,0],"scale":[1.3,1.3,1.3]}},"groups":[{"name":"Hibiscus_BatsyHat","origin":[0,1,0],"color":0,"children":[0,1,2,3,4,5,6,7,8,9,10,11,12,13]}]}