{"credit":"MadewithBlockbench","texture_size":[64,64],"textures":{"0":"cosmetics/beanie_hat","particle":"cosmetics/beanie_hat"},"elements":[{"from":[2,0,2],"to":[14,3,14],"faces":{"north":{"uv":[5.75,4.5,8.75,5.25],"texture":"#0","tintindex":0},"east":{"uv":[5.75,5.25,8.75,6],"texture":"#0","tintindex":0},"south":{"uv":[0,6,3,6.75],"texture":"#0","tintindex":0},"west":{"uv":[5.75,6,8.75,6.75],"texture":"#0","tintindex":0},"up":{"uv":[3,3,0,0],"texture":"#0","tintindex":0},"down":{"uv":[3,3,0,6],"texture":"#0","tintindex":0}}},{"from":[3,3,3],"to":[13,9,13],"faces":{"north":{"uv":[3,5,5.75,6.5],"texture":"#0","tintindex":0},"east":{"uv":[5.75,1.5,8.25,3],"texture":"#0","tintindex":0},"south":{"uv":[5.75,0,8.5,1.5],"texture":"#0","tintindex":0},"west":{"uv":[5.75,3,8.25,4.5],"texture":"#0","tintindex":0},"up":{"uv":[5.75,2.5,3,0],"texture":"#0","tintindex":0},"down":{"uv":[5.75,2.5,3,5],"texture":"#0","tintindex":0}}}],"display":{"thirdperson_righthand":{"scale":[0.6,0.6,0.6]},"thirdperson_lefthand":{"scale":[0.6,0.6,0.6]},"firstperson_righthand":{"translation":[0,8.5,0]},"firstperson_lefthand":{"translation":[0,8.5,0]},"ground":{"scale":[0.6,0.6,0.6]},"gui":{"rotation":[40,129,0],"translation":[0.75,2.5,0],"scale":[0.7,0.7,0.7]},"head":{"rotation":[29,0,0],"translation":[0,11.5,5],"scale":[1.5,1.5,1.5]},"fixed":{"rotation":[-90,0,0],"translation":[0,1.5,-15],"scale":[2,2,2]}},"groups":[{"name":"beanie_hat","origin":[8,8,8],"color":0,"children":[0,1]}]}