{"credit":"MadewithBlockbench","texture_size":[32,32],"textures":{"0":"cosmetics/bindle_cosmetic","particle":"cosmetics/bindle_cosmetic"},"elements":[{"from":[7.5,-4.72643,9.63598],"to":[8.5,13.27357,10.63598],"rotation":{"angle":45,"axis":"x","origin":[8,9.26844,10.5233]},"faces":{"north":{"uv":[4,0,4.5,9],"texture":"#0"},"east":{"uv":[4.5,0,5,9],"texture":"#0"},"south":{"uv":[0,5,0.5,14],"texture":"#0"},"west":{"uv":[5,0,5.5,9],"texture":"#0"},"up":{"uv":[4,5.5,3.5,5],"texture":"#0"},"down":{"uv":[4,5.5,3.5,6],"texture":"#0"}}},{"from":[7.5,13.27357,9.63598],"to":[8.5,23.27357,10.63598],"rotation":{"angle":45,"axis":"x","origin":[8,9.26844,10.5233]},"faces":{"north":{"uv":[4,0,4.5,9],"texture":"#0"},"east":{"uv":[4.5,0,5,9],"texture":"#0"},"south":{"uv":[0,5,0.5,14],"texture":"#0"},"west":{"uv":[5,0,5.5,9],"texture":"#0"},"up":{"uv":[4,5.5,3.5,5],"texture":"#0"},"down":{"uv":[4,5.5,3.5,6],"texture":"#0"}}},{"from":[7.25,16.33423,15.38598],"to":[8.75,17.33423,17.38598],"rotation":{"angle":45,"axis":"x","origin":[8,15.26844,16.5233]},"faces":{"north":{"uv":[2.5,6,3.5,6.5],"texture":"#0","tintindex":0},"east":{"uv":[5.5,6,6.5,6.5],"texture":"#0","tintindex":0},"south":{"uv":[2.5,6.5,3.5,7],"texture":"#0","tintindex":0},"west":{"uv":[6.5,5,7.5,5.5],"texture":"#0","tintindex":0},"up":{"uv":[3.5,6,2.5,5],"texture":"#0","tintindex":0},"down":{"uv":[6.5,5,5.5,6],"texture":"#0","tintindex":0}}},{"from":[6.25,17,17.25],"to":[9.75,20,17.25],"rotation":{"angle":0,"axis":"y","origin":[8,15.26844,16.5233]},"faces":{"north":{"uv":[5.5,2,7.5,3.5],"texture":"#0","tintindex":0},"east":{"uv":[0,0,0,1.5],"texture":"#0"},"south":{"uv":[5.5,3.5,7.5,5],"texture":"#0","tintindex":0},"west":{"uv":[0,0,0,1.5],"texture":"#0"},"up":{"uv":[2,0,0,0],"texture":"#0"},"down":{"uv":[2,0,0,0],"texture":"#0"}}},{"from":[6,11.13851,15.98408],"to":[10,15.63851,19.98408],"rotation":{"angle":-22.5,"axis":"x","origin":[8,15.26844,16.5233]},"faces":{"north":{"uv":[0,0,2,2.5],"texture":"#0","tintindex":0},"east":{"uv":[2,0,4,2.5],"texture":"#0","tintindex":0},"south":{"uv":[0,2.5,2,5],"texture":"#0","tintindex":0},"west":{"uv":[2,2.5,4,5],"texture":"#0","tintindex":0},"up":{"uv":[2.5,7,0.5,5],"texture":"#0","tintindex":0},"down":{"uv":[7.5,0,5.5,2],"texture":"#0","tintindex":0}}}],"display":{"thirdperson_righthand":{"rotation":[80,0,0],"translation":[0,-5.25,9.25]},"thirdperson_lefthand":{"rotation":[80,0,0],"translation":[0,-5.25,9.25]},"firstperson_righthand":{"rotation":[80,0,0],"translation":[0,-5.25,9.25]},"firstperson_lefthand":{"rotation":[80,0,0],"translation":[0,-5.25,9.25]},"gui":{"rotation":[0,-116,0],"translation":[0.75,-1,0],"scale":[0.65,0.65,0.65]}},"groups":[{"name":"Hibiscus_Bindle","origin":[8,8,8],"color":0,"children":[0,1,2,3,4]}]}