{"credit":"MadewithBlockbench","texture_size":[64,64],"textures":{"0":"cosmetics/birthday_hat","particle":"cosmetics/birthday_hat"},"elements":[{"from":[13,6,11],"to":[17,9,15],"rotation":{"angle":22.5,"axis":"x","origin":[0,0,0]},"faces":{"north":{"uv":[4.25,12,5.25,12.75],"texture":"#0"},"east":{"uv":[5.25,12,6.25,12.75],"texture":"#0"},"south":{"uv":[6.25,12,7.25,12.75],"texture":"#0"},"west":{"uv":[10,12,11,12.75],"texture":"#0"},"up":{"uv":[12.25,6,11.25,5],"texture":"#0"},"down":{"uv":[12.25,6,11.25,7],"texture":"#0"}}},{"from":[13.5,9,11.5],"to":[16.5,12,14.5],"rotation":{"angle":22.5,"axis":"x","origin":[0,0,0]},"faces":{"north":{"uv":[12.5,1,13.25,1.75],"texture":"#0"},"east":{"uv":[12.5,1.75,13.25,2.5],"texture":"#0"},"south":{"uv":[2,12.5,2.75,13.25],"texture":"#0"},"west":{"uv":[12.5,2.5,13.25,3.25],"texture":"#0"},"up":{"uv":[3.5,13.25,2.75,12.5],"texture":"#0"},"down":{"uv":[13.25,3.25,12.5,4],"texture":"#0"}}},{"from":[15,12,11],"to":[15,16,15],"rotation":{"angle":22.5,"axis":"x","origin":[0,0,0]},"faces":{"north":{"uv":[0,0,0,1],"texture":"#0"},"east":{"uv":[11.25,7,12.25,8],"texture":"#0"},"south":{"uv":[0,0,0,1],"texture":"#0"},"west":{"uv":[11.25,8,12.25,9],"texture":"#0"},"up":{"uv":[0,1,0,0],"texture":"#0"},"down":{"uv":[0,0,0,1],"texture":"#0"}}},{"from":[13,1,-8],"to":[17,4,-4],"rotation":{"angle":45,"axis":"y","origin":[16,0,16]},"faces":{"north":{"uv":[6.25,12,7.25,12.75],"texture":"#0"},"east":{"uv":[10,12,11,12.75],"texture":"#0"},"south":{"uv":[4.25,12,5.25,12.75],"texture":"#0"},"west":{"uv":[5.25,12,6.25,12.75],"texture":"#0"},"up":{"uv":[11.25,5,12.25,6],"texture":"#0"},"down":{"uv":[11.25,7,12.25,6],"texture":"#0"}}},{"from":[13.5,4,-7.5],"to":[16.5,7,-4.5],"rotation":{"angle":45,"axis":"y","origin":[16,0,16]},"faces":{"north":{"uv":[2,12.5,2.75,13.25],"texture":"#0"},"east":{"uv":[12.5,2.5,13.25,3.25],"texture":"#0"},"south":{"uv":[12.5,1,13.25,1.75],"texture":"#0"},"west":{"uv":[12.5,1.75,13.25,2.5],"texture":"#0"},"up":{"uv":[2.75,12.5,3.5,13.25],"texture":"#0"},"down":{"uv":[12.5,4,13.25,3.25],"texture":"#0"}}},{"from":[15,7,-8],"to":[15,11,-4],"rotation":{"angle":45,"axis":"y","origin":[16,0,16]},"faces":{"north":{"uv":[0,0,0,1],"texture":"#0"},"east":{"uv":[11.25,8,12.25,9],"texture":"#0"},"south":{"uv":[0,0,0,1],"texture":"#0"},"west":{"uv":[11.25,7,12.25,8],"texture":"#0"},"up":{"uv":[0,0,0,1],"texture":"#0"},"down":{"uv":[0,1,0,0],"texture":"#0"}}},{"from":[1,1,-1],"to":[5,4,3],"rotation":{"angle":-22.5,"axis":"y","origin":[3,4,1]},"faces":{"north":{"uv":[11,12,12,12.75],"texture":"#0"},"east":{"uv":[12,12,13,12.75],"texture":"#0"},"south":{"uv":[0,12.25,1,13],"texture":"#0"},"west":{"uv":[1,12.25,2,13],"texture":"#0"},"up":{"uv":[12.25,10,11.25,9],"texture":"#0"},"down":{"uv":[12.5,0,11.5,1],"texture":"#0"}}},{"from":[0.75,3,-1.25],"to":[5.25,4.25,3.25],"rotation":{"angle":-22.5,"axis":"y","origin":[3,4,1]},"faces":{"north":{"uv":[12.5,4.75,13.75,5],"texture":"#0"},"east":{"uv":[12.25,12.75,13.5,13],"texture":"#0"},"south":{"uv":[0,13,1.25,13.25],"texture":"#0"},"west":{"uv":[7.5,13,8.75,13.25],"texture":"#0"},"up":{"uv":[8.75,10.75,7.5,9.5],"texture":"#0"},"down":{"uv":[10,9.5,8.75,10.75],"texture":"#0"}}},{"from":[0.75,4.25,1],"to":[5.25,6.25,1],"rotation":{"angle":22.5,"axis":"y","origin":[3,4,1]},"faces":{"north":{"uv":[12.25,9.5,13.5,10],"texture":"#0"},"east":{"uv":[0,0,0,0.5],"texture":"#0"},"south":{"uv":[2.5,8,3.75,8.5],"texture":"#0"},"west":{"uv":[0,0,0,0.5],"texture":"#0"},"up":{"uv":[0,1.25,0,0],"rotation":90,"texture":"#0"},"down":{"uv":[0,0,0,1.25],"rotation":270,"texture":"#0"}}},{"from":[3,4.25,-1.25],"to":[3,6.25,3.25],"rotation":{"angle":22.5,"axis":"y","origin":[3,4,1]},"faces":{"north":{"uv":[0,0,0,0.5],"texture":"#0"},"east":{"uv":[13.5,9.5,12.25,10],"texture":"#0"},"south":{"uv":[0,0,0,0.5],"texture":"#0"},"west":{"uv":[3.75,8,2.5,8.5],"texture":"#0"},"up":{"uv":[0,1.25,0,0],"texture":"#0"},"down":{"uv":[0,0,0,1.25],"texture":"#0"}}},{"from":[10,1,13],"to":[14,4,17],"rotation":{"angle":-45,"axis":"y","origin":[8,4,2]},"faces":{"north":{"uv":[12.25,5,13.25,5.75],"texture":"#0"},"east":{"uv":[12.25,5.75,13.25,6.5],"texture":"#0"},"south":{"uv":[12.25,6.5,13.25,7.25],"texture":"#0"},"west":{"uv":[12.25,7.25,13.25,8],"texture":"#0"},"up":{"uv":[12.5,2,11.5,1],"texture":"#0"},"down":{"uv":[12.5,2,11.5,3],"texture":"#0"}}},{"from":[9.75,3,12.75],"to":[14.25,4.25,17.25],"rotation":{"angle":-45,"axis":"y","origin":[8,4,2]},"faces":{"north":{"uv":[13,12,14.25,12.25],"texture":"#0"},"east":{"uv":[12.25,13,13.5,13.25],"texture":"#0"},"south":{"uv":[13,12.25,14.25,12.5],"texture":"#0"},"west":{"uv":[13,12.5,14.25,12.75],"texture":"#0"},"up":{"uv":[1.25,11.25,0,10],"texture":"#0"},"down":{"uv":[2.5,10,1.25,11.25],"texture":"#0"}}},{"from":[12,4.25,12.75],"to":[12,6.25,17.25],"rotation":{"angle":-45,"axis":"y","origin":[8,4,2]},"faces":{"north":{"uv":[0,0,0,0.5],"texture":"#0"},"east":{"uv":[12.25,10.5,13.5,11],"texture":"#0"},"south":{"uv":[0,0,0,0.5],"texture":"#0"},"west":{"uv":[12.25,11,13.5,11.5],"texture":"#0"},"up":{"uv":[0,1.25,0,0],"texture":"#0"},"down":{"uv":[0,0,0,1.25],"texture":"#0"}}},{"from":[11,1,-5],"to":[15,4,-1],"rotation":{"angle":-45,"axis":"y","origin":[8,4,2]},"faces":{"north":{"uv":[7.5,12.25,8.5,13],"texture":"#0"},"east":{"uv":[12.25,8,13.25,8.75],"texture":"#0"},"south":{"uv":[8.5,12.25,9.5,13],"texture":"#0"},"west":{"uv":[12.25,8.75,13.25,9.5],"texture":"#0"},"up":{"uv":[12.5,4,11.5,3],"texture":"#0"},"down":{"uv":[12.5,4,11.5,5],"texture":"#0"}}},{"from":[10.75,3,-5.25],"to":[15.25,4.25,-0.75],"rotation":{"angle":-45,"axis":"y","origin":[8,4,2]},"faces":{"north":{"uv":[0,13.25,1.25,13.5],"texture":"#0"},"east":{"uv":[13.25,1,14.5,1.25],"texture":"#0"},"south":{"uv":[1.25,13.25,2.5,13.5],"texture":"#0"},"west":{"uv":[13.25,1.25,14.5,1.5],"texture":"#0"},"up":{"uv":[11.25,9.25,10,8],"texture":"#0"},"down":{"uv":[11.25,9.25,10,10.5],"texture":"#0"}}},{"from":[13,4.25,-5.25],"to":[13,6.25,-0.75],"rotation":{"angle":-45,"axis":"y","origin":[8,4,2]},"faces":{"north":{"uv":[0,0,0,0.5],"texture":"#0"},"east":{"uv":[12.5,0,13.75,0.5],"texture":"#0"},"south":{"uv":[0,0,0,0.5],"texture":"#0"},"west":{"uv":[12.5,0.5,13.75,1],"texture":"#0"},"up":{"uv":[0,1.25,0,0],"texture":"#0"},"down":{"uv":[0,0,0,1.25],"texture":"#0"}}},{"from":[0.75,1,3],"to":[1.25,14,3],"faces":{"north":{"uv":[9.5,10.75,9.75,14],"texture":"#0"},"east":{"uv":[0,0,0,3.25],"texture":"#0"},"south":{"uv":[9.75,10.75,10,14],"texture":"#0"},"west":{"uv":[0,0,0,3.25],"texture":"#0"},"up":{"uv":[0.25,0,0,0],"texture":"#0"},"down":{"uv":[0.25,0,0,0],"texture":"#0"}}},{"from":[-1.25,14,1],"to":[3.25,20,5],"faces":{"north":{"uv":[9,5,10.25,6.5],"texture":"#0"},"east":{"uv":[10.25,5,11.25,6.5],"texture":"#0"},"south":{"uv":[9,6.5,10.25,8],"texture":"#0"},"west":{"uv":[10.25,6.5,11.25,8],"texture":"#0"},"up":{"uv":[4.75,12,3.5,11],"texture":"#0"},"down":{"uv":[6,11,4.75,12],"texture":"#0"}}},{"from":[21.75,1,4],"to":[22.25,14,4],"rotation":{"angle":-45,"axis":"y","origin":[8,0,0]},"faces":{"north":{"uv":[7.25,11,7.5,14.25],"texture":"#0"},"east":{"uv":[0,0,0,3.25],"texture":"#0"},"south":{"uv":[3.5,12,3.75,15.25],"texture":"#0"},"west":{"uv":[0,0,0,3.25],"texture":"#0"},"up":{"uv":[0.25,0,0,0],"texture":"#0"},"down":{"uv":[0.25,0,0,0],"texture":"#0"}}},{"from":[19.75,14,2],"to":[24.25,20,6],"rotation":{"angle":-45,"axis":"y","origin":[8,0,0]},"faces":{"north":{"uv":[2.5,9.5,3.75,11],"texture":"#0"},"east":{"uv":[10,10.5,11,12],"texture":"#0"},"south":{"uv":[3.75,9.5,5,11],"texture":"#0"},"west":{"uv":[7.5,10.75,8.5,12.25],"texture":"#0"},"up":{"uv":[7.25,12,6,11],"texture":"#0"},"down":{"uv":[12.25,10.5,11,11.5],"texture":"#0"}}},{"from":[7.5,21,4],"to":[8.5,24,5],"faces":{"north":{"uv":[8.75,13,9,13.75],"texture":"#0"},"east":{"uv":[9,13,9.25,13.75],"texture":"#0"},"south":{"uv":[9.25,13,9.5,13.75],"texture":"#0"},"west":{"uv":[13.25,1.5,13.5,2.25],"texture":"#0"},"up":{"uv":[4,8.25,3.75,8],"texture":"#0"},"down":{"uv":[4,8.25,3.75,8.5],"texture":"#0"}}},{"from":[6.75,24,4.5],"to":[9.25,27,4.5],"faces":{"north":{"uv":[12.5,4,13.25,4.75],"texture":"#0"},"east":{"uv":[0,0,0,0.75],"texture":"#0"},"south":{"uv":[4.25,12.75,5,13.5],"texture":"#0"},"west":{"uv":[0,0,0,0.75],"texture":"#0"},"up":{"uv":[0.75,0,0,0],"texture":"#0"},"down":{"uv":[0.75,0,0,0],"texture":"#0"}}},{"from":[6.75,24,11.5],"to":[9.25,27,11.5],"rotation":{"angle":0,"axis":"y","origin":[0,0,16]},"faces":{"north":{"uv":[5,12.75,5.75,13.5],"texture":"#0"},"east":{"uv":[0,0,0,0.75],"texture":"#0"},"south":{"uv":[5.75,12.75,6.5,13.5],"texture":"#0"},"west":{"uv":[0,0,0,0.75],"texture":"#0"},"up":{"uv":[0.75,0,0,0],"texture":"#0"},"down":{"uv":[0.75,0,0,0],"texture":"#0"}}},{"from":[7.5,21,11],"to":[8.5,24,12],"rotation":{"angle":0,"axis":"y","origin":[0,0,16]},"faces":{"north":{"uv":[13.25,2.25,13.5,3],"texture":"#0"},"east":{"uv":[2.5,13.25,2.75,14],"texture":"#0"},"south":{"uv":[2.75,13.25,3,14],"texture":"#0"},"west":{"uv":[3,13.25,3.25,14],"texture":"#0"},"up":{"uv":[9.25,8.25,9,8],"texture":"#0"},"down":{"uv":[9.25,8.25,9,8.5],"texture":"#0"}}},{"from":[4.5,24,6.75],"to":[4.5,27,9.25],"rotation":{"angle":0,"axis":"y","origin":[0,0,16]},"faces":{"north":{"uv":[0,0,0,0.75],"texture":"#0"},"east":{"uv":[6.5,12.75,7.25,13.5],"texture":"#0"},"south":{"uv":[0,0,0,0.75],"texture":"#0"},"west":{"uv":[10,12.75,10.75,13.5],"texture":"#0"},"up":{"uv":[0,0.75,0,0],"texture":"#0"},"down":{"uv":[0,0,0,0.75],"texture":"#0"}}},{"from":[4,21,7.5],"to":[5,24,8.5],"rotation":{"angle":0,"axis":"y","origin":[0,0,16]},"faces":{"north":{"uv":[13.25,3,13.5,3.75],"texture":"#0"},"east":{"uv":[3.25,13.25,3.5,14],"texture":"#0"},"south":{"uv":[13.25,3.75,13.5,4.5],"texture":"#0"},"west":{"uv":[13.25,5,13.5,5.75],"texture":"#0"},"up":{"uv":[9.5,8.25,9.25,8],"texture":"#0"},"down":{"uv":[9.5,8.25,9.25,8.5],"texture":"#0"}}},{"from":[11.5,24,6.75],"to":[11.5,27,9.25],"rotation":{"angle":0,"axis":"y","origin":[16,0,16]},"faces":{"north":{"uv":[0,0,0,0.75],"texture":"#0"},"east":{"uv":[10.75,12.75,11.5,13.5],"texture":"#0"},"south":{"uv":[0,0,0,0.75],"texture":"#0"},"west":{"uv":[11.5,12.75,12.25,13.5],"texture":"#0"},"up":{"uv":[0,0.75,0,0],"texture":"#0"},"down":{"uv":[0,0,0,0.75],"texture":"#0"}}},{"from":[11,21,7.5],"to":[12,24,8.5],"rotation":{"angle":0,"axis":"y","origin":[16,0,16]},"faces":{"north":{"uv":[13.25,5.75,13.5,6.5],"texture":"#0"},"east":{"uv":[13.25,6.5,13.5,7.25],"texture":"#0"},"south":{"uv":[13.25,7.25,13.5,8],"texture":"#0"},"west":{"uv":[7.5,13.25,7.75,14],"texture":"#0"},"up":{"uv":[9.75,8.25,9.5,8],"texture":"#0"},"down":{"uv":[9.75,8.25,9.5,8.5],"texture":"#0"}}},{"from":[0,0,0],"to":[16,1,16],"rotation":{"angle":0,"axis":"y","origin":[8,0,8]},"faces":{"north":{"uv":[11.25,10,15.25,10.25],"texture":"#0"},"east":{"uv":[11.25,10.25,15.25,10.5],"texture":"#0"},"south":{"uv":[11,11.5,15,11.75],"texture":"#0"},"west":{"uv":[11,11.75,15,12],"texture":"#0"},"up":{"uv":[4,4,0,0],"texture":"#0"},"down":{"uv":[4,0,0,4],"texture":"#0"}}},{"from":[3,1,3],"to":[13,5,13],"rotation":{"angle":0,"axis":"y","origin":[8,0,8]},"faces":{"north":{"uv":[4,7.5,6.5,8.5],"texture":"#0"},"east":{"uv":[6.5,7.5,9,8.5],"texture":"#0"},"south":{"uv":[0,8,2.5,9],"texture":"#0"},"west":{"uv":[2.5,8.5,5,9.5],"texture":"#0"},"up":{"uv":[6.5,2.5,4,0],"texture":"#0"},"down":{"uv":[6.5,2.5,4,5],"texture":"#0"}}},{"from":[3,13,3],"to":[13,17,13],"rotation":{"angle":22.5,"axis":"y","origin":[8,0,8]},"faces":{"north":{"uv":[4,7.5,6.5,8.5],"texture":"#0"},"east":{"uv":[6.5,7.5,9,8.5],"texture":"#0"},"south":{"uv":[0,8,2.5,9],"texture":"#0"},"west":{"uv":[2.5,8.5,5,9.5],"texture":"#0"},"up":{"uv":[6.5,2.5,4,0],"texture":"#0"},"down":{"uv":[6.5,2.5,4,5],"texture":"#0"}}},{"from":[3,9,3],"to":[13,13,13],"rotation":{"angle":-22.5,"axis":"y","origin":[8,0,8]},"faces":{"north":{"uv":[5,8.5,7.5,9.5],"texture":"#0"},"east":{"uv":[7.5,8.5,10,9.5],"texture":"#0"},"south":{"uv":[0,9,2.5,10],"texture":"#0"},"west":{"uv":[9,0,11.5,1],"texture":"#0"},"up":{"uv":[6.5,7.5,4,5],"texture":"#0"},"down":{"uv":[9,0,6.5,2.5],"texture":"#0"}}},{"from":[3,17,3],"to":[13,21,13],"rotation":{"angle":-45,"axis":"y","origin":[8,0,8]},"faces":{"north":{"uv":[9,1,11.5,2],"texture":"#0"},"east":{"uv":[9,2,11.5,3],"texture":"#0"},"south":{"uv":[9,3,11.5,4],"texture":"#0"},"west":{"uv":[9,4,11.5,5],"texture":"#0"},"up":{"uv":[9,5,6.5,2.5],"texture":"#0"},"down":{"uv":[9,5,6.5,7.5],"texture":"#0"}}},{"from":[3,5,3],"to":[13,9,13],"rotation":{"angle":45,"axis":"y","origin":[8,0,8]},"faces":{"north":{"uv":[9,4,11.5,5],"texture":"#0"},"east":{"uv":[9,1,11.5,2],"texture":"#0"},"south":{"uv":[9,2,11.5,3],"texture":"#0"},"west":{"uv":[9,3,11.5,4],"texture":"#0"},"up":{"uv":[9,5,6.5,2.5],"rotation":90,"texture":"#0"},"down":{"uv":[9,5,6.5,7.5],"rotation":270,"texture":"#0"}}}],"display":{"thirdperson_righthand":{"rotation":[67,0,0],"translation":[0,4.75,2],"scale":[0.6,0.6,0.6]},"thirdperson_lefthand":{"rotation":[67,0,0],"translation":[0,4.75,2],"scale":[0.6,0.6,0.6]},"firstperson_righthand":{"translation":[0,4.75,0],"scale":[0.6,0.6,0.6]},"firstperson_lefthand":{"translation":[0,4.75,0],"scale":[0.6,0.6,0.6]},"ground":{"translation":[0,1.75,0],"scale":[0.8,0.8,0.8]},"gui":{"rotation":[34,-55,0],"translation":[0,-0.5,0],"scale":[0.45,0.45,0.45]},"head":{"translation":[0,14,0]},"fixed":{"rotation":[-90,0,0],"translation":[0,0,-21.75],"scale":[3,3,3]}},"groups":[{"name":"birthday_hat","origin":[8,8,8],"color":0,"children":[{"name":"PartyHat","origin":[8,8,8],"color":0,"children":[0,1,2]},{"name":"PartyHat","origin":[8,8,8],"color":0,"children":[3,4,5]},{"name":"Gift","origin":[8,8,8],"color":0,"children":[6,7,8,9]},{"name":"Gift","origin":[8,8,8],"color":0,"children":[10,11,12]},{"name":"Gift","origin":[8,8,8],"color":0,"children":[13,14,15]},{"name":"Balloon","origin":[8,8,8],"color":0,"children":[16,17]},{"name":"Balloon","origin":[8,8,8],"color":0,"children":[18,19]},20,21,22,23,24,25,26,27,28,29,30,31,32,33]}]}