{"credit":"MadewithBlockbench","texture_size":[64,64],"textures":{"1":"cosmetics/blood_lanterns_tint","3":"cosmetics/blood_lanterns","particle":"cosmetics/blood_lanterns_tint"},"elements":[{"from":[15,-13,9],"to":[16,-10,10],"rotation":{"angle":0,"axis":"y","origin":[0,-13,0]},"faces":{"north":{"uv":[2.5,5.25,2.75,6],"texture":"#1","tintindex":0},"east":{"uv":[2.75,5.25,3,6],"texture":"#1","tintindex":0},"south":{"uv":[3,5.25,3.25,6],"texture":"#1","tintindex":0},"west":{"uv":[3.25,5.25,3.5,6],"texture":"#1","tintindex":0},"up":{"uv":[6.5,3.25,6.25,3],"texture":"#1","tintindex":0},"down":{"uv":[6.5,3.25,6.25,3.5],"texture":"#1","tintindex":0}}},{"from":[16,-13,8],"to":[17,-10,9],"rotation":{"angle":0,"axis":"y","origin":[0,-13,0]},"faces":{"north":{"uv":[5,5.25,5.25,6],"texture":"#1","tintindex":0},"east":{"uv":[5.25,5.25,5.5,6],"texture":"#1","tintindex":0},"south":{"uv":[5.5,0,5.75,0.75],"texture":"#1","tintindex":0},"west":{"uv":[5.5,0.75,5.75,1.5],"texture":"#1","tintindex":0},"up":{"uv":[6.5,3.75,6.25,3.5],"texture":"#1","tintindex":0},"down":{"uv":[6.5,3.75,6.25,4],"texture":"#1","tintindex":0}}},{"from":[16.5,-10,7.5],"to":[17.5,-7,9.5],"rotation":{"angle":0,"axis":"y","origin":[15.5,-8.5,7]},"faces":{"north":{"uv":[5.5,1.5,5.75,2.25],"texture":"#1","tintindex":0},"east":{"uv":[3,4.5,3.5,5.25],"texture":"#1","tintindex":0},"south":{"uv":[5.5,2.25,5.75,3],"texture":"#1","tintindex":0},"west":{"uv":[5,0,5.5,0.75],"texture":"#1","tintindex":0},"up":{"uv":[3.75,5,3.5,4.5],"texture":"#1","tintindex":0},"down":{"uv":[6.25,4.5,6,5],"texture":"#1","tintindex":0}}},{"from":[14.5,-10,9.5],"to":[16.5,-7,10.5],"rotation":{"angle":0,"axis":"y","origin":[0,-13,0]},"faces":{"north":{"uv":[5,0.75,5.5,1.5],"texture":"#1","tintindex":0},"east":{"uv":[5.5,3,5.75,3.75],"texture":"#1","tintindex":0},"south":{"uv":[5,1.5,5.5,2.25],"texture":"#1","tintindex":0},"west":{"uv":[5.5,3.75,5.75,4.5],"texture":"#1","tintindex":0},"up":{"uv":[5.5,6.25,5,6],"texture":"#1","tintindex":0},"down":{"uv":[6.5,5,6,5.25],"texture":"#1","tintindex":0}}},{"from":[15,-13,7],"to":[16,-10,8],"rotation":{"angle":0,"axis":"y","origin":[0,-13,0]},"faces":{"north":{"uv":[5.5,4.5,5.75,5.25],"texture":"#1","tintindex":0},"east":{"uv":[5.5,5.25,5.75,6],"texture":"#1","tintindex":0},"south":{"uv":[5.75,0,6,0.75],"texture":"#1","tintindex":0},"west":{"uv":[5.75,0.75,6,1.5],"texture":"#1","tintindex":0},"up":{"uv":[6.5,4.25,6.25,4],"texture":"#1","tintindex":0},"down":{"uv":[6.5,4.25,6.25,4.5],"texture":"#1","tintindex":0}}},{"from":[14.5,-10,6.5],"to":[16.5,-7,7.5],"rotation":{"angle":0,"axis":"y","origin":[0,-13,0]},"faces":{"north":{"uv":[5,2.25,5.5,3],"texture":"#1","tintindex":0},"east":{"uv":[5.75,1.5,6,2.25],"texture":"#1","tintindex":0},"south":{"uv":[5,3,5.5,3.75],"texture":"#1","tintindex":0},"west":{"uv":[5.75,2.25,6,3],"texture":"#1","tintindex":0},"up":{"uv":[6.5,5.5,6,5.25],"texture":"#1","tintindex":0},"down":{"uv":[6,6,5.5,6.25],"texture":"#1","tintindex":0}}},{"from":[14,-13,8],"to":[15,-10,9],"rotation":{"angle":0,"axis":"y","origin":[0,-13,0]},"faces":{"north":{"uv":[5.75,3,6,3.75],"texture":"#1","tintindex":0},"east":{"uv":[3.5,5.75,3.75,6.5],"texture":"#1","tintindex":0},"south":{"uv":[3.75,5.75,4,6.5],"texture":"#1","tintindex":0},"west":{"uv":[5.75,3.75,6,4.5],"texture":"#1","tintindex":0},"up":{"uv":[6.5,4.75,6.25,4.5],"texture":"#1","tintindex":0},"down":{"uv":[6.5,4.75,6.25,5],"texture":"#1","tintindex":0}}},{"from":[13.5,-10,7.5],"to":[14.5,-7,9.5],"rotation":{"angle":0,"axis":"y","origin":[15.5,-8.5,7]},"faces":{"north":{"uv":[4,5.75,4.25,6.5],"texture":"#1","tintindex":0},"east":{"uv":[3.5,5,4,5.75],"texture":"#1","tintindex":0},"south":{"uv":[4.25,5.75,4.5,6.5],"texture":"#1","tintindex":0},"west":{"uv":[5,3.75,5.5,4.5],"texture":"#1","tintindex":0},"up":{"uv":[6.25,6,6,5.5],"texture":"#1","tintindex":0},"down":{"uv":[6.25,6,6,6.5],"texture":"#1","tintindex":0}}},{"from":[-0.5,-10,6.5],"to":[1.5,-7,7.5],"rotation":{"angle":0,"axis":"y","origin":[16,-13,0]},"faces":{"north":{"uv":[4,5,4.5,5.75],"texture":"#1","tintindex":0},"east":{"uv":[4.5,5.75,4.75,6.5],"texture":"#1","tintindex":0},"south":{"uv":[4.5,5,5,5.75],"texture":"#1","tintindex":0},"west":{"uv":[5.75,4.5,6,5.25],"texture":"#1","tintindex":0},"up":{"uv":[6.75,0.25,6.25,0],"texture":"#1","tintindex":0},"down":{"uv":[6.75,0.25,6.25,0.5],"texture":"#1","tintindex":0}}},{"from":[0,-13,7],"to":[1,-10,8],"rotation":{"angle":0,"axis":"y","origin":[16,-13,0]},"faces":{"north":{"uv":[4.75,5.75,5,6.5],"texture":"#1","tintindex":0},"east":{"uv":[5.75,5.25,6,6],"texture":"#1","tintindex":0},"south":{"uv":[0,6,0.25,6.75],"texture":"#1","tintindex":0},"west":{"uv":[6,0,6.25,0.75],"texture":"#1","tintindex":0},"up":{"uv":[5.25,6.5,5,6.25],"texture":"#1","tintindex":0},"down":{"uv":[5.5,6.25,5.25,6.5],"texture":"#1","tintindex":0}}},{"from":[-1,-13,8],"to":[0,-10,9],"rotation":{"angle":0,"axis":"y","origin":[16,-13,0]},"faces":{"north":{"uv":[0.25,6,0.5,6.75],"texture":"#1","tintindex":0},"east":{"uv":[0.5,6,0.75,6.75],"texture":"#1","tintindex":0},"south":{"uv":[0.75,6,1,6.75],"texture":"#1","tintindex":0},"west":{"uv":[6,0.75,6.25,1.5],"texture":"#1","tintindex":0},"up":{"uv":[5.75,6.5,5.5,6.25],"texture":"#1","tintindex":0},"down":{"uv":[6.5,5.5,6.25,5.75],"texture":"#1","tintindex":0}}},{"from":[-1.5,-10,7.5],"to":[-0.5,-7,9.5],"rotation":{"angle":0,"axis":"y","origin":[0.5,-8.5,7]},"faces":{"north":{"uv":[1,6,1.25,6.75],"texture":"#1","tintindex":0},"east":{"uv":[5,4.5,5.5,5.25],"texture":"#1","tintindex":0},"south":{"uv":[1.25,6,1.5,6.75],"texture":"#1","tintindex":0},"west":{"uv":[0,5.25,0.5,6],"texture":"#1","tintindex":0},"up":{"uv":[6.5,1,6.25,0.5],"texture":"#1","tintindex":0},"down":{"uv":[6.5,1,6.25,1.5],"texture":"#1","tintindex":0}}},{"from":[0,-13,9],"to":[1,-10,10],"rotation":{"angle":0,"axis":"y","origin":[16,-13,0]},"faces":{"north":{"uv":[1.5,6,1.75,6.75],"texture":"#1","tintindex":0},"east":{"uv":[6,1.5,6.25,2.25],"texture":"#1","tintindex":0},"south":{"uv":[1.75,6,2,6.75],"texture":"#1","tintindex":0},"west":{"uv":[2,6,2.25,6.75],"texture":"#1","tintindex":0},"up":{"uv":[6,6.5,5.75,6.25],"texture":"#1","tintindex":0},"down":{"uv":[6.5,5.75,6.25,6],"texture":"#1","tintindex":0}}},{"from":[-0.5,-10,9.5],"to":[1.5,-7,10.5],"rotation":{"angle":0,"axis":"y","origin":[16,-13,0]},"faces":{"north":{"uv":[0.5,5.25,1,6],"texture":"#1","tintindex":0},"east":{"uv":[2.25,6,2.5,6.75],"texture":"#1","tintindex":0},"south":{"uv":[1,5.25,1.5,6],"texture":"#1","tintindex":0},"west":{"uv":[6,2.25,6.25,3],"texture":"#1","tintindex":0},"up":{"uv":[6.75,1.75,6.25,1.5],"texture":"#1","tintindex":0},"down":{"uv":[6.75,1.75,6.25,2],"texture":"#1","tintindex":0}}},{"from":[13,2.1,7.1],"to":[17.9,4.9,9.9],"rotation":{"angle":0,"axis":"y","origin":[16,0,0]},"faces":{"north":{"uv":[0,3.75,1.25,4.5],"texture":"#1","tintindex":0},"east":{"uv":[0,4.5,0.75,5.25],"texture":"#1","tintindex":0},"south":{"uv":[1.25,3.75,2.5,4.5],"texture":"#1","tintindex":0},"west":{"uv":[0.75,4.5,1.5,5.25],"texture":"#1","tintindex":0},"up":{"uv":[5,2,3.75,1.25],"texture":"#1","tintindex":0},"down":{"uv":[5,2,3.75,2.75],"texture":"#1","tintindex":0}}},{"from":[3.1,1.1,6.1],"to":[12.9,5.9,10.9],"faces":{"north":{"uv":[0,0,2.5,1.25],"texture":"#1","tintindex":0},"east":{"uv":[2.5,1.25,3.75,2.5],"texture":"#1","tintindex":0},"south":{"uv":[0,1.25,2.5,2.5],"texture":"#1","tintindex":0},"west":{"uv":[2.5,2.5,3.75,3.75],"texture":"#1","tintindex":0},"up":{"uv":[2.5,3.75,0,2.5],"texture":"#1","tintindex":0},"down":{"uv":[5,0,2.5,1.25],"texture":"#1","tintindex":0}}},{"from":[-1.9,2.1,7.1],"to":[3,4.9,9.9],"faces":{"north":{"uv":[2.5,3.75,3.75,4.5],"texture":"#1","tintindex":0},"east":{"uv":[1.5,4.5,2.25,5.25],"texture":"#1"},"south":{"uv":[3.75,2.75,5,3.5],"texture":"#1","tintindex":0},"west":{"uv":[2.25,4.5,3,5.25],"texture":"#1","tintindex":0},"up":{"uv":[5,4.25,3.75,3.5],"texture":"#1","tintindex":0},"down":{"uv":[5,4.25,3.75,5],"texture":"#1","tintindex":0}}},{"from":[1.5,-10,7.5],"to":[2.5,-7,9.5],"rotation":{"angle":0,"axis":"y","origin":[0.5,-8.5,7]},"faces":{"north":{"uv":[2.5,6,2.75,6.75],"texture":"#1","tintindex":0},"east":{"uv":[1.5,5.25,2,6],"texture":"#1","tintindex":0},"south":{"uv":[2.75,6,3,6.75],"texture":"#1","tintindex":0},"west":{"uv":[2,5.25,2.5,6],"texture":"#1","tintindex":0},"up":{"uv":[6.5,2.5,6.25,2],"texture":"#1","tintindex":0},"down":{"uv":[6.5,2.5,6.25,3],"texture":"#1","tintindex":0}}},{"from":[1,-13,8],"to":[2,-10,9],"rotation":{"angle":0,"axis":"y","origin":[16,-13,0]},"faces":{"north":{"uv":[3,6,3.25,6.75],"texture":"#1","tintindex":0},"east":{"uv":[6,3,6.25,3.75],"texture":"#1","tintindex":0},"south":{"uv":[3.25,6,3.5,6.75],"texture":"#1","tintindex":0},"west":{"uv":[6,3.75,6.25,4.5],"texture":"#1","tintindex":0},"up":{"uv":[6.5,6.25,6.25,6],"texture":"#1","tintindex":0},"down":{"uv":[6.5,6.25,6.25,6.5],"texture":"#1","tintindex":0}}},{"from":[13,2,10],"to":[18,5,10],"rotation":{"angle":0,"axis":"y","origin":[0,-13,0]},"faces":{"north":{"uv":[6.25,4.25,7.5,5],"texture":"#3"},"east":{"uv":[0,0,0,0.75],"texture":"#3"},"south":{"uv":[6,6.25,7.25,7],"texture":"#3"},"west":{"uv":[0,0,0,0.75],"texture":"#3"},"up":{"uv":[1.25,0,0,0],"texture":"#3"},"down":{"uv":[1.25,0,0,0],"texture":"#3"}}},{"from":[13,5,7],"to":[18,5,10],"rotation":{"angle":0,"axis":"y","origin":[15.5,5,10]},"faces":{"north":{"uv":[0,0,1.25,0],"texture":"#3"},"east":{"uv":[0,0,0.75,0],"texture":"#3"},"south":{"uv":[0,0,1.25,0],"texture":"#3"},"west":{"uv":[0,0,0.75,0],"texture":"#3"},"up":{"uv":[8.25,5.75,7,5],"texture":"#3"},"down":{"uv":[7.25,7,6,7.75],"texture":"#3"}}},{"from":[13,2,7],"to":[18,5,7],"rotation":{"angle":0,"axis":"y","origin":[0,-13,0]},"faces":{"north":{"uv":[7.25,0,8.5,0.75],"texture":"#3"},"east":{"uv":[0,0,0,0.75],"texture":"#3"},"south":{"uv":[7.25,0.75,8.5,1.5],"texture":"#3"},"west":{"uv":[0,0,0,0.75],"texture":"#3"},"up":{"uv":[1.25,0,0,0],"texture":"#3"},"down":{"uv":[1.25,0,0,0],"texture":"#3"}}},{"from":[13,2,7],"to":[18,2,10],"rotation":{"angle":0,"axis":"y","origin":[15.5,5,10]},"faces":{"north":{"uv":[0,0,1.25,0],"texture":"#3"},"east":{"uv":[0,0,0.75,0],"texture":"#3"},"south":{"uv":[0,0,1.25,0],"texture":"#3"},"west":{"uv":[0,0,0.75,0],"texture":"#3"},"up":{"uv":[2.25,8,1,7.25],"texture":"#3"},"down":{"uv":[8.5,1.5,7.25,2.25],"texture":"#3"}}},{"from":[18,2,7],"to":[18,5,10],"rotation":{"angle":0,"axis":"y","origin":[0,-13,0]},"faces":{"north":{"uv":[0,0,0,0.75],"texture":"#3"},"east":{"uv":[7,8,7.75,8.75],"texture":"#3"},"south":{"uv":[0,0,0,0.75],"texture":"#3"},"west":{"uv":[7.75,8,8.5,8.75],"texture":"#3"},"up":{"uv":[0,0.75,0,0],"texture":"#3"},"down":{"uv":[0,0,0,0.75],"texture":"#3"}}},{"from":[14.5,-16,7.5],"to":[16.5,-14,9.5],"rotation":{"angle":0,"axis":"y","origin":[0,-13,0]},"faces":{"north":{"uv":[7.5,4.5,8,5],"texture":"#3"},"east":{"uv":[8.5,1.5,9,2],"texture":"#3"},"south":{"uv":[8.5,2,9,2.5],"texture":"#3"},"west":{"uv":[8.5,2.5,9,3],"texture":"#3"},"up":{"uv":[9,3.5,8.5,3],"texture":"#3"},"down":{"uv":[9,3.5,8.5,4],"texture":"#3"}}},{"from":[13.5,-14,6.5],"to":[17.5,-13,10.5],"rotation":{"angle":0,"axis":"y","origin":[0,-13,0]},"faces":{"north":{"uv":[8.5,4,9.5,4.25],"texture":"#3"},"east":{"uv":[8.5,4.25,9.5,4.5],"texture":"#3"},"south":{"uv":[8.5,5.75,9.5,6],"texture":"#3"},"west":{"uv":[6,8.5,7,8.75],"texture":"#3"},"up":{"uv":[2,7.25,1,6.25],"texture":"#3"},"down":{"uv":[7.25,1.25,6.25,2.25],"texture":"#3"}}},{"from":[14,-13,7],"to":[15,-10,8],"rotation":{"angle":0,"axis":"y","origin":[0,-13,0]},"faces":{"north":{"uv":[7.75,8.75,8,9.5],"texture":"#3"},"east":{"uv":[8,8.75,8.25,9.5],"texture":"#3"},"south":{"uv":[8.25,8.75,8.5,9.5],"texture":"#3"},"west":{"uv":[0,9,0.25,9.75],"texture":"#3"},"up":{"uv":[7.25,6,7,5.75],"texture":"#3"},"down":{"uv":[7.25,6,7,6.25],"texture":"#3"}}},{"from":[16,-13,7],"to":[17,-10,8],"rotation":{"angle":0,"axis":"y","origin":[0,-13,0]},"faces":{"north":{"uv":[0.25,9,0.5,9.75],"texture":"#3"},"east":{"uv":[0.5,9,0.75,9.75],"texture":"#3"},"south":{"uv":[9,1.75,9.25,2.5],"texture":"#3"},"west":{"uv":[9,2.5,9.25,3.25],"texture":"#3"},"up":{"uv":[7.5,4,7.25,3.75],"texture":"#3"},"down":{"uv":[7.5,4,7.25,4.25],"texture":"#3"}}},{"from":[14,-13,9],"to":[15,-10,10],"rotation":{"angle":0,"axis":"y","origin":[0,-13,0]},"faces":{"north":{"uv":[2.75,9,3,9.75],"texture":"#3"},"east":{"uv":[3,9,3.25,9.75],"texture":"#3"},"south":{"uv":[3.25,9,3.5,9.75],"texture":"#3"},"west":{"uv":[9,3.25,9.25,4],"texture":"#3"},"up":{"uv":[7.25,8,7,7.75],"texture":"#3"},"down":{"uv":[8.25,4.5,8,4.75],"texture":"#3"}}},{"from":[16,-13,9],"to":[17,-10,10],"rotation":{"angle":0,"axis":"y","origin":[0,-13,0]},"faces":{"north":{"uv":[3.5,9,3.75,9.75],"texture":"#3"},"east":{"uv":[3.75,9,4,9.75],"texture":"#3"},"south":{"uv":[4,9,4.25,9.75],"texture":"#3"},"west":{"uv":[4.25,9,4.5,9.75],"texture":"#3"},"up":{"uv":[8.25,5,8,4.75],"texture":"#3"},"down":{"uv":[1,8.25,0.75,8.5],"texture":"#3"}}},{"from":[13.5,-10,6.5],"to":[14.5,-7,7.5],"rotation":{"angle":0,"axis":"y","origin":[0,-13,0]},"faces":{"north":{"uv":[4.5,9,4.75,9.75],"texture":"#3"},"east":{"uv":[9,4.5,9.25,5.25],"texture":"#3"},"south":{"uv":[4.75,9,5,9.75],"texture":"#3"},"west":{"uv":[5,9,5.25,9.75],"texture":"#3"},"up":{"uv":[1,8.75,0.75,8.5],"texture":"#3"},"down":{"uv":[9.75,8.5,9.5,8.75],"texture":"#3"}}},{"from":[16.5,-10,9.5],"to":[17.5,-7,10.5],"rotation":{"angle":0,"axis":"y","origin":[0,-13,0]},"faces":{"north":{"uv":[5.25,9,5.5,9.75],"texture":"#3"},"east":{"uv":[5.5,9,5.75,9.75],"texture":"#3"},"south":{"uv":[5.75,9,6,9.75],"texture":"#3"},"west":{"uv":[6,9,6.25,9.75],"texture":"#3"},"up":{"uv":[9.75,9,9.5,8.75],"texture":"#3"},"down":{"uv":[9.75,9,9.5,9.25],"texture":"#3"}}},{"from":[13.5,-10,9.5],"to":[14.5,-7,10.5],"rotation":{"angle":0,"axis":"y","origin":[0,-13,0]},"faces":{"north":{"uv":[6.25,9,6.5,9.75],"texture":"#3"},"east":{"uv":[6.5,9,6.75,9.75],"texture":"#3"},"south":{"uv":[6.75,9,7,9.75],"texture":"#3"},"west":{"uv":[7,9,7.25,9.75],"texture":"#3"},"up":{"uv":[9.75,9.5,9.5,9.25],"texture":"#3"},"down":{"uv":[9.75,9.5,9.5,9.75],"texture":"#3"}}},{"from":[16.5,-10,6.5],"to":[17.5,-7,7.5],"rotation":{"angle":0,"axis":"y","origin":[0,-13,0]},"faces":{"north":{"uv":[9,7,9.25,7.75],"texture":"#3"},"east":{"uv":[7.25,9,7.5,9.75],"texture":"#3"},"south":{"uv":[7.5,9,7.75,9.75],"texture":"#3"},"west":{"uv":[9,7.75,9.25,8.5],"texture":"#3"},"up":{"uv":[0.25,10,0,9.75],"texture":"#3"},"down":{"uv":[10,0,9.75,0.25],"texture":"#3"}}},{"from":[13,-7,6],"to":[18,-6,11],"rotation":{"angle":0,"axis":"y","origin":[0,-13,0]},"faces":{"north":{"uv":[8.25,5.25,9.5,5.5],"texture":"#3"},"east":{"uv":[8.25,5.5,9.5,5.75],"texture":"#3"},"south":{"uv":[8.5,0,9.75,0.25],"texture":"#3"},"west":{"uv":[8.5,0.25,9.75,0.5],"texture":"#3"},"up":{"uv":[1.25,6.25,0,5],"texture":"#3"},"down":{"uv":[6.25,0,5,1.25],"texture":"#3"}}},{"from":[13.5,-6,6.5],"to":[17.5,-5,10.5],"rotation":{"angle":0,"axis":"y","origin":[0,-13,0]},"faces":{"north":{"uv":[8.5,6,9.5,6.25],"texture":"#3"},"east":{"uv":[8.5,6.25,9.5,6.5],"texture":"#3"},"south":{"uv":[8.5,6.5,9.5,6.75],"texture":"#3"},"west":{"uv":[8.5,6.75,9.5,7],"texture":"#3"},"up":{"uv":[3,7.25,2,6.25],"texture":"#3"},"down":{"uv":[7.25,2.25,6.25,3.25],"texture":"#3"}}},{"from":[13.5,-5,8.5],"to":[17.5,-2,8.5],"rotation":{"angle":-45,"axis":"y","origin":[15.5,-3.5,8.5]},"faces":{"north":{"uv":[0,7.5,1,8.25],"texture":"#3"},"east":{"uv":[0,0,0,0.75],"texture":"#3"},"south":{"uv":[7.5,3.75,8.5,4.5],"texture":"#3"},"west":{"uv":[0,0,0,0.75],"texture":"#3"},"up":{"uv":[1,0,0,0],"texture":"#3"},"down":{"uv":[1,0,0,0],"texture":"#3"}}},{"from":[13.5,-4,8.5],"to":[17.5,1,8.5],"rotation":{"angle":45,"axis":"y","origin":[15.5,-3.5,8.5]},"faces":{"north":{"uv":[5,5,6,6.25],"texture":"#3"},"east":{"uv":[0,0,0,1.25],"texture":"#3"},"south":{"uv":[6,5,7,6.25],"texture":"#3"},"west":{"uv":[0,0,0,1.25],"texture":"#3"},"up":{"uv":[1,0,0,0],"texture":"#3"},"down":{"uv":[1,0,0,0],"texture":"#3"}}},{"from":[13.5,-1,8.5],"to":[17.5,2,8.5],"rotation":{"angle":-45,"axis":"y","origin":[15.5,-3.5,8.5]},"faces":{"north":{"uv":[6,7.75,7,8.5],"texture":"#3"},"east":{"uv":[0,0,0,0.75],"texture":"#3"},"south":{"uv":[1,8,2,8.75],"texture":"#3"},"west":{"uv":[0,0,0,0.75],"texture":"#3"},"up":{"uv":[1,0,0,0],"texture":"#3"},"down":{"uv":[1,0,0,0],"texture":"#3"}}},{"from":[-2,2,10],"to":[3,5,10],"rotation":{"angle":0,"axis":"y","origin":[16,-13,0]},"faces":{"north":{"uv":[2.25,7.25,3.5,8],"texture":"#3"},"east":{"uv":[0,0,0,0.75],"texture":"#3"},"south":{"uv":[7.25,2.25,8.5,3],"texture":"#3"},"west":{"uv":[0,0,0,0.75],"texture":"#3"},"up":{"uv":[1.25,0,0,0],"texture":"#3"},"down":{"uv":[1.25,0,0,0],"texture":"#3"}}},{"from":[-2,5,7],"to":[3,5,10],"rotation":{"angle":0,"axis":"y","origin":[0.5,5,10]},"faces":{"north":{"uv":[0,0,1.25,0],"texture":"#3"},"east":{"uv":[0,0,0.75,0],"texture":"#3"},"south":{"uv":[0,0,1.25,0],"texture":"#3"},"west":{"uv":[0,0,0.75,0],"texture":"#3"},"up":{"uv":[8.5,3.75,7.25,3],"texture":"#3"},"down":{"uv":[4.75,7.25,3.5,8],"texture":"#3"}}},{"from":[-2,2,7],"to":[3,2,10],"rotation":{"angle":0,"axis":"y","origin":[0.5,5,10]},"faces":{"north":{"uv":[0,0,1.25,0],"texture":"#3"},"east":{"uv":[0,0,0.75,0],"texture":"#3"},"south":{"uv":[0,0,1.25,0],"texture":"#3"},"west":{"uv":[0,0,0.75,0],"texture":"#3"},"up":{"uv":[6,8,4.75,7.25],"texture":"#3"},"down":{"uv":[8.5,5.75,7.25,6.5],"texture":"#3"}}},{"from":[-2,2,7],"to":[3,5,7],"rotation":{"angle":0,"axis":"y","origin":[16,-13,0]},"faces":{"north":{"uv":[7.25,6.5,8.5,7.25],"texture":"#3"},"east":{"uv":[0,0,0,0.75],"texture":"#3"},"south":{"uv":[7.25,7.25,8.5,8],"texture":"#3"},"west":{"uv":[0,0,0,0.75],"texture":"#3"},"up":{"uv":[1.25,0,0,0],"texture":"#3"},"down":{"uv":[1.25,0,0,0],"texture":"#3"}}},{"from":[-2,2,7],"to":[-2,5,10],"rotation":{"angle":0,"axis":"y","origin":[16,-13,0]},"faces":{"north":{"uv":[0,0,0,0.75],"texture":"#3"},"east":{"uv":[0,8.25,0.75,9],"texture":"#3"},"south":{"uv":[0,0,0,0.75],"texture":"#3"},"west":{"uv":[8.25,4.5,9,5.25],"texture":"#3"},"up":{"uv":[0,0.75,0,0],"texture":"#3"},"down":{"uv":[0,0,0,0.75],"texture":"#3"}}},{"from":[-0.5,-16,7.5],"to":[1.5,-14,9.5],"rotation":{"angle":0,"axis":"y","origin":[16,-13,0]},"faces":{"north":{"uv":[8.5,7,9,7.5],"texture":"#3"},"east":{"uv":[8.5,7.5,9,8],"texture":"#3"},"south":{"uv":[8.5,8,9,8.5],"texture":"#3"},"west":{"uv":[8.5,8.5,9,9],"texture":"#3"},"up":{"uv":[1.25,9.25,0.75,8.75],"texture":"#3"},"down":{"uv":[1.75,8.75,1.25,9.25],"texture":"#3"}}},{"from":[-1.5,-14,6.5],"to":[2.5,-13,10.5],"rotation":{"angle":0,"axis":"y","origin":[16,-13,0]},"faces":{"north":{"uv":[1.75,8.75,2.75,9],"texture":"#3"},"east":{"uv":[2.75,8.75,3.75,9],"texture":"#3"},"south":{"uv":[3.75,8.75,4.75,9],"texture":"#3"},"west":{"uv":[4.75,8.75,5.75,9],"texture":"#3"},"up":{"uv":[4,7.25,3,6.25],"texture":"#3"},"down":{"uv":[7.25,3.25,6.25,4.25],"texture":"#3"}}},{"from":[1,-13,7],"to":[2,-10,8],"rotation":{"angle":0,"axis":"y","origin":[16,-13,0]},"faces":{"north":{"uv":[8.5,9,8.75,9.75],"texture":"#3"},"east":{"uv":[9,8.5,9.25,9.25],"texture":"#3"},"south":{"uv":[8.75,9,9,9.75],"texture":"#3"},"west":{"uv":[0.75,9.25,1,10],"texture":"#3"},"up":{"uv":[0.5,10,0.25,9.75],"texture":"#3"},"down":{"uv":[10,0.25,9.75,0.5],"texture":"#3"}}},{"from":[-1,-13,7],"to":[0,-10,8],"rotation":{"angle":0,"axis":"y","origin":[16,-13,0]},"faces":{"north":{"uv":[1,9.25,1.25,10],"texture":"#3"},"east":{"uv":[1.25,9.25,1.5,10],"texture":"#3"},"south":{"uv":[1.5,9.25,1.75,10],"texture":"#3"},"west":{"uv":[1.75,9.25,2,10],"texture":"#3"},"up":{"uv":[0.75,10,0.5,9.75],"texture":"#3"},"down":{"uv":[10,0.5,9.75,0.75],"texture":"#3"}}},{"from":[1,-13,9],"to":[2,-10,10],"rotation":{"angle":0,"axis":"y","origin":[16,-13,0]},"faces":{"north":{"uv":[9.25,1.75,9.5,2.5],"texture":"#3"},"east":{"uv":[2,9.25,2.25,10],"texture":"#3"},"south":{"uv":[2.25,9.25,2.5,10],"texture":"#3"},"west":{"uv":[2.5,9.25,2.75,10],"texture":"#3"},"up":{"uv":[10,1,9.75,0.75],"texture":"#3"},"down":{"uv":[10,1,9.75,1.25],"texture":"#3"}}},{"from":[-1,-13,9],"to":[0,-10,10],"rotation":{"angle":0,"axis":"y","origin":[16,-13,0]},"faces":{"north":{"uv":[9.25,2.5,9.5,3.25],"texture":"#3"},"east":{"uv":[9.25,3.25,9.5,4],"texture":"#3"},"south":{"uv":[9.25,4.5,9.5,5.25],"texture":"#3"},"west":{"uv":[9.25,7,9.5,7.75],"texture":"#3"},"up":{"uv":[10,1.5,9.75,1.25],"texture":"#3"},"down":{"uv":[10,1.75,9.75,2],"texture":"#3"}}},{"from":[1.5,-10,6.5],"to":[2.5,-7,7.5],"rotation":{"angle":0,"axis":"y","origin":[16,-13,0]},"faces":{"north":{"uv":[9.25,7.75,9.5,8.5],"texture":"#3"},"east":{"uv":[9.25,8.5,9.5,9.25],"texture":"#3"},"south":{"uv":[9,9.25,9.25,10],"texture":"#3"},"west":{"uv":[9.25,9.25,9.5,10],"texture":"#3"},"up":{"uv":[10,2.25,9.75,2],"texture":"#3"},"down":{"uv":[10,2.25,9.75,2.5],"texture":"#3"}}},{"from":[1.5,-10,9.5],"to":[2.5,-7,10.5],"rotation":{"angle":0,"axis":"y","origin":[16,-13,0]},"faces":{"north":{"uv":[9.5,1.75,9.75,2.5],"texture":"#3"},"east":{"uv":[9.5,2.5,9.75,3.25],"texture":"#3"},"south":{"uv":[9.5,3.25,9.75,4],"texture":"#3"},"west":{"uv":[9.5,4,9.75,4.75],"texture":"#3"},"up":{"uv":[10,2.75,9.75,2.5],"texture":"#3"},"down":{"uv":[3,9.75,2.75,10],"texture":"#3"}}},{"from":[-1.5,-10,9.5],"to":[-0.5,-7,10.5],"rotation":{"angle":0,"axis":"y","origin":[16,-13,0]},"faces":{"north":{"uv":[9.5,4.75,9.75,5.5],"texture":"#3"},"east":{"uv":[9.5,5.5,9.75,6.25],"texture":"#3"},"south":{"uv":[9.5,6.25,9.75,7],"texture":"#3"},"west":{"uv":[9.5,7,9.75,7.75],"texture":"#3"},"up":{"uv":[10,3,9.75,2.75],"texture":"#3"},"down":{"uv":[3.25,9.75,3,10],"texture":"#3"}}},{"from":[-1.5,-10,6.5],"to":[-0.5,-7,7.5],"rotation":{"angle":0,"axis":"y","origin":[16,-13,0]},"faces":{"north":{"uv":[7.75,9.5,8,10.25],"texture":"#3"},"east":{"uv":[9.5,7.75,9.75,8.5],"texture":"#3"},"south":{"uv":[8,9.5,8.25,10.25],"texture":"#3"},"west":{"uv":[8.25,9.5,8.5,10.25],"texture":"#3"},"up":{"uv":[10,3.25,9.75,3],"texture":"#3"},"down":{"uv":[3.5,9.75,3.25,10],"texture":"#3"}}},{"from":[-2,-7,6],"to":[3,-6,11],"rotation":{"angle":0,"axis":"y","origin":[16,-13,0]},"faces":{"north":{"uv":[8.5,0.5,9.75,0.75],"texture":"#3"},"east":{"uv":[8.5,0.75,9.75,1],"texture":"#3"},"south":{"uv":[8.5,1,9.75,1.25],"texture":"#3"},"west":{"uv":[8.5,1.25,9.75,1.5],"texture":"#3"},"up":{"uv":[2.5,6.25,1.25,5],"texture":"#3"},"down":{"uv":[6.25,1.25,5,2.5],"texture":"#3"}}},{"from":[-1.5,-6,6.5],"to":[2.5,-5,10.5],"rotation":{"angle":0,"axis":"y","origin":[16,-13,0]},"faces":{"north":{"uv":[5.75,8.75,6.75,9],"texture":"#3"},"east":{"uv":[6.75,8.75,7.75,9],"texture":"#3"},"south":{"uv":[9,1.5,10,1.75],"texture":"#3"},"west":{"uv":[1.75,9,2.75,9.25],"texture":"#3"},"up":{"uv":[5,7.25,4,6.25],"texture":"#3"},"down":{"uv":[6,6.25,5,7.25],"texture":"#3"}}},{"from":[-1.5,-5,8.5],"to":[2.5,-2,8.5],"rotation":{"angle":45,"axis":"y","origin":[0.5,-3.5,8.5]},"faces":{"north":{"uv":[2,8,3,8.75],"texture":"#3"},"east":{"uv":[0,0,0,0.75],"texture":"#3"},"south":{"uv":[3,8,4,8.75],"texture":"#3"},"west":{"uv":[0,0,0,0.75],"texture":"#3"},"up":{"uv":[1,0,0,0],"texture":"#3"},"down":{"uv":[1,0,0,0],"texture":"#3"}}},{"from":[-1.5,-4,8.5],"to":[2.5,1,8.5],"rotation":{"angle":-45,"axis":"y","origin":[0.5,-3.5,8.5]},"faces":{"north":{"uv":[0,6.25,1,7.5],"texture":"#3"},"east":{"uv":[0,0,0,1.25],"texture":"#3"},"south":{"uv":[6.25,0,7.25,1.25],"texture":"#3"},"west":{"uv":[0,0,0,1.25],"texture":"#3"},"up":{"uv":[1,0,0,0],"texture":"#3"},"down":{"uv":[1,0,0,0],"texture":"#3"}}},{"from":[-1.5,-1,8.5],"to":[2.5,2,8.5],"rotation":{"angle":45,"axis":"y","origin":[0.5,-3.5,8.5]},"faces":{"north":{"uv":[4,8,5,8.75],"texture":"#3"},"east":{"uv":[0,0,0,0.75],"texture":"#3"},"south":{"uv":[5,8,6,8.75],"texture":"#3"},"west":{"uv":[0,0,0,0.75],"texture":"#3"},"up":{"uv":[1,0,0,0],"texture":"#3"},"down":{"uv":[1,0,0,0],"texture":"#3"}}},{"from":[3,1,6],"to":[13,6,6],"rotation":{"angle":0,"axis":"y","origin":[0,-13,0]},"faces":{"north":{"uv":[0,0,2.5,1.25],"texture":"#3"},"east":{"uv":[0,0,0,1.25],"texture":"#3"},"south":{"uv":[0,1.25,2.5,2.5],"texture":"#3"},"west":{"uv":[0,0,0,1.25],"texture":"#3"},"up":{"uv":[2.5,0,0,0],"texture":"#3"},"down":{"uv":[2.5,0,0,0],"texture":"#3"}}},{"from":[3,6,6],"to":[13,6,11],"rotation":{"angle":0,"axis":"y","origin":[8,3.5,10]},"faces":{"north":{"uv":[0,0,2.5,0],"texture":"#3"},"east":{"uv":[0,0,1.25,0],"texture":"#3"},"south":{"uv":[0,0,2.5,0],"texture":"#3"},"west":{"uv":[0,0,1.25,0],"texture":"#3"},"up":{"uv":[2.5,3.75,0,2.5],"texture":"#3"},"down":{"uv":[5,0,2.5,1.25],"texture":"#3"}}},{"from":[3,1,6],"to":[13,1,11],"rotation":{"angle":0,"axis":"y","origin":[8,3.5,10]},"faces":{"north":{"uv":[0,0,2.5,0],"texture":"#3"},"east":{"uv":[0,0,1.25,0],"texture":"#3"},"south":{"uv":[0,0,2.5,0],"texture":"#3"},"west":{"uv":[0,0,1.25,0],"texture":"#3"},"up":{"uv":[5,2.5,2.5,1.25],"texture":"#3"},"down":{"uv":[5,2.5,2.5,3.75],"texture":"#3"}}},{"from":[13,1,6],"to":[13,6,11],"rotation":{"angle":0,"axis":"y","origin":[0,-13,0]},"faces":{"north":{"uv":[0,0,0,1.25],"texture":"#3"},"east":{"uv":[2.5,5,3.75,6.25],"texture":"#3"},"south":{"uv":[0,0,0,1.25],"texture":"#3"},"west":{"uv":[5,2.5,6.25,3.75],"texture":"#3"},"up":{"uv":[0,1.25,0,0],"texture":"#3"},"down":{"uv":[0,0,0,1.25],"texture":"#3"}}},{"from":[3,1,6],"to":[3,6,11],"rotation":{"angle":0,"axis":"y","origin":[0,-13,0]},"faces":{"north":{"uv":[0,0,0,1.25],"texture":"#3"},"east":{"uv":[3.75,5,5,6.25],"texture":"#3"},"south":{"uv":[0,0,0,1.25],"texture":"#3"},"west":{"uv":[5,3.75,6.25,5],"texture":"#3"},"up":{"uv":[0,1.25,0,0],"texture":"#3"},"down":{"uv":[0,0,0,1.25],"texture":"#3"}}},{"from":[3,1,11],"to":[13,6,11],"rotation":{"angle":0,"axis":"y","origin":[0,-13,0]},"faces":{"north":{"uv":[0,3.75,2.5,5],"texture":"#3"},"east":{"uv":[0,0,0,1.25],"texture":"#3"},"south":{"uv":[2.5,3.75,5,5],"texture":"#3"},"west":{"uv":[0,0,0,1.25],"texture":"#3"},"up":{"uv":[2.5,0,0,0],"texture":"#3"},"down":{"uv":[2.5,0,0,0],"texture":"#3"}}}],"display":{"thirdperson_righthand":{"translation":[0,3,1],"scale":[0.55,0.55,0.55]},"thirdperson_lefthand":{"translation":[0,3,1],"scale":[0.55,0.55,0.55]},"firstperson_righthand":{"rotation":[0,-90,25],"translation":[1.13,3.2,1.13],"scale":[0.68,0.68,0.68]},"firstperson_lefthand":{"rotation":[0,-90,25],"translation":[1.13,3.2,1.13],"scale":[0.68,0.68,0.68]},"ground":{"translation":[0,7.5,0],"scale":[0.5,0.5,0.5]},"gui":{"rotation":[30,225,0],"translation":[0,5.25,0],"scale":[0.5,0.5,0.5]},"head":{"translation":[0,-35,6.25],"scale":[1.6,1.6,1.6]},"fixed":{"rotation":[0,180,0],"translation":[0,12,0]}},"groups":[{"name":"Tint","origin":[0,0,0],"color":0,"children":[0,1,2,3,4,5,6,7,8,9,10,11,12,13,14,15,16,17,18]},{"name":"noTint","origin":[0,-13,0],"color":0,"children":[19,20,21,22,23,24,25,26,27,28,29,30,31,32,33,34,35,36,37,38,39,40,41,42,43,44,45,46,47,48,49,50,51,52,53,54,55,56,57,58,59,60,61,62,63,64]}]}