{"credit":"MadewithBlockbench","texture_size":[32,32],"textures":{"0":"cosmetics/broom_cosmetic","particle":"cosmetics/broom_cosmetic"},"elements":[{"from":[7.5,10,7.5],"to":[8.5,28,8.5],"rotation":{"angle":0,"axis":"y","origin":[8,0,0]},"faces":{"north":{"uv":[5,5,5.5,14],"texture":"#0"},"east":{"uv":[5.5,5,6,14],"texture":"#0"},"south":{"uv":[6,5,6.5,14],"texture":"#0"},"west":{"uv":[6.5,5,7,14],"texture":"#0"},"up":{"uv":[8,4.5,7.5,4],"texture":"#0"},"down":{"uv":[8,4.5,7.5,5],"texture":"#0"}}},{"from":[6.5,8,6.5],"to":[9.5,10,9.5],"rotation":{"angle":0,"axis":"y","origin":[8,0,0]},"faces":{"north":{"uv":[7.5,0,9,1],"texture":"#0"},"east":{"uv":[7.5,1,9,2],"texture":"#0"},"south":{"uv":[7.5,2,9,3],"texture":"#0"},"west":{"uv":[7.5,3,9,4],"texture":"#0"},"up":{"uv":[8.5,6.5,7,5],"texture":"#0"},"down":{"uv":[8.5,6.5,7,8],"texture":"#0"}}},{"from":[5.5,0,5.5],"to":[10.5,8,10.5],"rotation":{"angle":0,"axis":"y","origin":[8,0,0]},"faces":{"north":{"uv":[0,0,2.5,4],"texture":"#0"},"east":{"uv":[2.5,0,5,4],"texture":"#0"},"south":{"uv":[0,4,2.5,8],"texture":"#0"},"west":{"uv":[2.5,4,5,8],"texture":"#0"},"up":{"uv":[7.5,2.5,5,0],"texture":"#0"},"down":{"uv":[7.5,2.5,5,5],"texture":"#0"}}}],"display":{"thirdperson_righthand":{"rotation":[50,-10,3],"translation":[0.5,-5.5,-3.5]},"thirdperson_lefthand":{"rotation":[50,-10,3],"translation":[0.5,-5.5,-3.5]},"firstperson_righthand":{"rotation":[26,9,0],"translation":[6.5,-7.75,-7]},"firstperson_lefthand":{"rotation":[26,9,0],"translation":[6.5,-7.75,-7]},"gui":{"rotation":[-17.46,-28.44,-33.46],"translation":[-1,-2,0],"scale":[0.45,0.45,0.45]}},"groups":[{"name":"Hibiscus_Broom","origin":[8,8,8],"color":0,"children":[0,1,2]}]}