{"credit":"MadewithBlockbench","texture_size":[48,48],"textures":{"0":"cosmetics/brown_backpack","particle":"cosmetics/brown_backpack"},"elements":[{"from":[2,0,4],"to":[14,17,12],"rotation":{"angle":0,"axis":"y","origin":[0,0,16]},"faces":{"north":{"uv":[0,0,4,5.66667],"texture":"#0"},"east":{"uv":[0,5.66667,2.66667,11.33333],"texture":"#0"},"south":{"uv":[4,0,8,5.66667],"texture":"#0"},"west":{"uv":[2.66667,5.66667,5.33333,11.33333],"texture":"#0"},"up":{"uv":[9.33333,8.33333,5.33333,5.66667],"texture":"#0"},"down":{"uv":[12,0,8,2.66667],"texture":"#0"}}},{"from":[2,0,12],"to":[14,8,15],"rotation":{"angle":0,"axis":"y","origin":[0,0,16]},"faces":{"north":{"uv":[8,2.66667,12,5.33333],"texture":"#0"},"east":{"uv":[11,7.33333,12,10],"texture":"#0"},"south":{"uv":[5.33333,8.33333,9.33333,11],"texture":"#0"},"west":{"uv":[11,10,12,12.66667],"texture":"#0"},"up":{"uv":[13.33333,6.33333,9.33333,5.33333],"texture":"#0"},"down":{"uv":[13.33333,6.33333,9.33333,7.33333],"texture":"#0"}}},{"from":[14,0,4],"to":[16,7,9],"rotation":{"angle":0,"axis":"y","origin":[0,0,16]},"faces":{"north":{"uv":[8.66667,11,9.33333,13.33333],"texture":"#0"},"east":{"uv":[9.33333,7.33333,11,9.66667],"texture":"#0"},"south":{"uv":[0,11.33333,0.66667,13.66667],"texture":"#0"},"west":{"uv":[9.33333,9.66667,11,12],"texture":"#0"},"up":{"uv":[2.66667,13,2,11.33333],"texture":"#0"},"down":{"uv":[3.33333,11.33333,2.66667,13],"texture":"#0"}}},{"from":[0,0,4],"to":[2,7,9],"rotation":{"angle":0,"axis":"y","origin":[16,0,16]},"faces":{"north":{"uv":[0.66667,11.33333,1.33333,13.66667],"texture":"#0"},"east":{"uv":[5.33333,11,7,13.33333],"texture":"#0"},"south":{"uv":[1.33333,11.33333,2,13.66667],"texture":"#0"},"west":{"uv":[7,11,8.66667,13.33333],"texture":"#0"},"up":{"uv":[4,13,3.33333,11.33333],"texture":"#0"},"down":{"uv":[4.66667,11.33333,4,13],"texture":"#0"}}}],"display":{"thirdperson_righthand":{"rotation":[61,0,0],"scale":[0.6,0.6,0.6]},"thirdperson_lefthand":{"rotation":[61,0,0],"scale":[0.6,0.6,0.6]},"ground":{"translation":[0,-0.75,0],"scale":[0.6,0.6,0.6]},"gui":{"rotation":[32,127,0],"scale":[0.6,0.6,0.6]},"head":{"translation":[0,-50,6.5]},"fixed":{"rotation":[-90,0,0],"translation":[0,0,-13],"scale":[2,2,2]}},"groups":[{"name":"brown_backpack","origin":[8,8,8],"color":0,"children":[0,1,2,3]}]}