{"credit":"MadewithBlockbench","texture_size":[64,64],"textures":{"1":"cosmetics/candelabrum_colors","3":"cosmetics/candelabrum"},"elements":[{"from":[9.87013,0,-2.0342],"to":[18.87013,3,0.9658],"rotation":{"angle":0,"axis":"y","origin":[8.00649,10.10606,1.39004]},"faces":{"north":{"uv":[0,0,2.25,0.75],"texture":"#3"},"east":{"uv":[2.25,6.25,3,7],"texture":"#3"},"south":{"uv":[0,0.75,2.25,1.5],"texture":"#3"},"west":{"uv":[3,6.25,3.75,7],"texture":"#3"},"up":{"uv":[2.25,2.25,0,1.5],"texture":"#3"},"down":{"uv":[2.25,2.25,0,3],"texture":"#3"}}},{"from":[15.87013,3,-2.0342],"to":[18.87013,8,0.9658],"rotation":{"angle":0,"axis":"y","origin":[8.00649,10.10606,1.39004]},"faces":{"north":{"uv":[4.5,0,5.25,1.25],"texture":"#3"},"east":{"uv":[4.5,1.25,5.25,2.5],"texture":"#3"},"south":{"uv":[0,5,0.75,6.25],"texture":"#3"},"west":{"uv":[0.75,5,1.5,6.25],"texture":"#3"},"up":{"uv":[1.5,7,0.75,6.25],"texture":"#3"},"down":{"uv":[2.25,6.25,1.5,7],"texture":"#3"}}},{"from":[15.37013,8,-2.5342],"to":[19.37013,9,1.4658],"rotation":{"angle":0,"axis":"y","origin":[8.00649,10.10606,1.39004]},"faces":{"north":{"uv":[7.5,5.25,8.5,5.5],"texture":"#3"},"east":{"uv":[7.5,5.5,8.5,5.75],"texture":"#3"},"south":{"uv":[7.5,5.75,8.5,6],"texture":"#3"},"west":{"uv":[7.5,6,8.5,6.25],"texture":"#3"},"up":{"uv":[1,4,0,3],"texture":"#3"},"down":{"uv":[2,3,1,4],"texture":"#3"}}},{"from":[11.37013,12,-0.5342],"to":[15.37013,13,3.4658],"rotation":{"angle":0,"axis":"y","origin":[4.50649,14.10606,1.89004]},"faces":{"north":{"uv":[7.5,6.25,8.5,6.5],"texture":"#3"},"east":{"uv":[7.5,6.5,8.5,6.75],"texture":"#3"},"south":{"uv":[7.5,6.75,8.5,7],"texture":"#3"},"west":{"uv":[7.5,7,8.5,7.25],"texture":"#3"},"up":{"uv":[3,4,2,3],"texture":"#3"},"down":{"uv":[4,3,3,4],"texture":"#3"}}},{"from":[10.87013,-9,-2.0342],"to":[11.87013,-6,-1.0342],"rotation":{"angle":0,"axis":"y","origin":[8.00649,10.10606,1.39004]},"faces":{"north":{"uv":[6.5,7.75,6.75,8.5],"texture":"#3"},"east":{"uv":[6.75,7.75,7,8.5],"texture":"#3"},"south":{"uv":[7,7.75,7.25,8.5],"texture":"#3"},"west":{"uv":[7.25,7.75,7.5,8.5],"texture":"#3"},"up":{"uv":[7.25,2.5,7,2.25],"texture":"#3"},"down":{"uv":[7.5,4.5,7.25,4.75],"texture":"#3"}}},{"from":[10.37013,-6,-2.0342],"to":[12.37013,-3,-0.0342],"rotation":{"angle":0,"axis":"y","origin":[8.00649,10.10606,1.39004]},"faces":{"north":{"uv":[7.5,0,8,0.75],"texture":"#3"},"east":{"uv":[7.5,0.75,8,1.5],"texture":"#3"},"south":{"uv":[7.5,1.5,8,2.25],"texture":"#3"},"west":{"uv":[7.5,4.5,8,5.25],"texture":"#3"},"up":{"uv":[5,8.25,4.5,7.75],"texture":"#3"},"down":{"uv":[5.5,7.75,5,8.25],"texture":"#3"}}},{"from":[16.37013,9,-1.4342],"to":[18.37013,14,0.5658],"rotation":{"angle":0,"axis":"y","origin":[8.00649,10.10606,1.39004]},"faces":{"north":{"uv":[0,0,2,5],"texture":"#1","tintindex":0},"east":{"uv":[2,0,4,5],"texture":"#1","tintindex":0},"south":{"uv":[4,0,6,5],"texture":"#1","tintindex":0},"west":{"uv":[0,5,2,10],"texture":"#1","tintindex":0},"up":{"uv":[14,12,12,10],"texture":"#1","tintindex":0},"down":{"uv":[14,12,12,14],"texture":"#1","tintindex":0}}},{"from":[16.87013,14,-0.5342],"to":[17.87013,15,-0.5342],"rotation":{"angle":0,"axis":"y","origin":[8.00649,10.10606,1.39004]},"faces":{"north":{"uv":[7.5,7.75,7.75,8.25],"texture":"#3"},"east":{"uv":[0,0,0,0.5],"texture":"#3"},"south":{"uv":[7.75,7.75,8,8.25],"texture":"#3"},"west":{"uv":[0,0,0,0.5],"texture":"#3"},"up":{"uv":[0.25,0,0,0],"texture":"#3"},"down":{"uv":[0.25,0,0,0],"texture":"#3"}}},{"from":[17.37013,14,-1.0342],"to":[17.37013,15,-0.0342],"rotation":{"angle":0,"axis":"y","origin":[8.00649,10.10606,1.39004]},"faces":{"north":{"uv":[0,0,0,0.5],"texture":"#3"},"east":{"uv":[8,0,8.25,0.5],"texture":"#3"},"south":{"uv":[0,0,0,0.5],"texture":"#3"},"west":{"uv":[0.5,8,0.75,8.5],"texture":"#3"},"up":{"uv":[0,0.25,0,0],"texture":"#3"},"down":{"uv":[0,0,0,0.25],"texture":"#3"}}},{"from":[9.87013,-3,-2.0342],"to":[12.87013,0,0.9658],"rotation":{"angle":0,"axis":"y","origin":[8.00649,10.10606,1.39004]},"faces":{"north":{"uv":[3,7,3.75,7.75],"texture":"#3"},"east":{"uv":[3.75,7,4.5,7.75],"texture":"#3"},"south":{"uv":[4.5,7,5.25,7.75],"texture":"#3"},"west":{"uv":[5.25,7,6,7.75],"texture":"#3"},"up":{"uv":[6.75,7.75,6,7],"texture":"#3"},"down":{"uv":[7.5,7,6.75,7.75],"texture":"#3"}}},{"from":[13.37013,18,0.9658],"to":[13.37013,19,1.9658],"rotation":{"angle":0,"axis":"y","origin":[8.00649,10.10606,1.39004]},"faces":{"north":{"uv":[0,0,0,0.5],"texture":"#3"},"east":{"uv":[1,8,1.25,8.5],"texture":"#3"},"south":{"uv":[0,0,0,0.5],"texture":"#3"},"west":{"uv":[8,1,8.25,1.5],"texture":"#3"},"up":{"uv":[0,0.25,0,0],"texture":"#3"},"down":{"uv":[0,0,0,0.25],"texture":"#3"}}},{"from":[12.87013,18,1.4658],"to":[13.87013,19,1.4658],"rotation":{"angle":0,"axis":"y","origin":[8.00649,10.10606,1.39004]},"faces":{"north":{"uv":[8,0.5,8.25,1],"texture":"#3"},"east":{"uv":[0,0,0,0.5],"texture":"#3"},"south":{"uv":[0.75,8,1,8.5],"texture":"#3"},"west":{"uv":[0,0,0,0.5],"texture":"#3"},"up":{"uv":[0.25,0,0,0],"texture":"#3"},"down":{"uv":[0.25,0,0,0],"texture":"#3"}}},{"from":[12.37013,13,0.5658],"to":[14.37013,18,2.5658],"rotation":{"angle":0,"axis":"y","origin":[8.00649,10.10606,1.39004]},"faces":{"north":{"uv":[2,5,4,10],"texture":"#1","tintindex":0},"east":{"uv":[4,5,6,10],"texture":"#1","tintindex":0},"south":{"uv":[6,0,8,5],"texture":"#1","tintindex":0},"west":{"uv":[6,5,8,10],"texture":"#1","tintindex":0},"up":{"uv":[16,2,14,0],"texture":"#1","tintindex":0},"down":{"uv":[16,2,14,4],"texture":"#1","tintindex":0}}},{"from":[11.87013,7,-0.0342],"to":[14.87013,12,2.9658],"rotation":{"angle":0,"axis":"y","origin":[8.00649,10.10606,1.39004]},"faces":{"north":{"uv":[1.5,5,2.25,6.25],"texture":"#3"},"east":{"uv":[2.25,5,3,6.25],"texture":"#3"},"south":{"uv":[5,2.5,5.75,3.75],"texture":"#3"},"west":{"uv":[3,5,3.75,6.25],"texture":"#3"},"up":{"uv":[4.5,7,3.75,6.25],"texture":"#3"},"down":{"uv":[5.25,6.25,4.5,7],"texture":"#3"}}},{"from":[-2.87013,0,-2.0342],"to":[6.12987,3,0.9658],"rotation":{"angle":0,"axis":"y","origin":[7.99351,10.10606,1.39004]},"faces":{"north":{"uv":[2.25,0,4.5,0.75],"texture":"#3"},"east":{"uv":[6.75,0.75,7.5,1.5],"texture":"#3"},"south":{"uv":[2.25,0.75,4.5,1.5],"texture":"#3"},"west":{"uv":[6.75,1.5,7.5,2.25],"texture":"#3"},"up":{"uv":[4.5,2.25,2.25,1.5],"texture":"#3"},"down":{"uv":[4.5,2.25,2.25,3],"texture":"#3"}}},{"from":[-2.87013,3,-2.0342],"to":[0.12987,8,0.9658],"rotation":{"angle":0,"axis":"y","origin":[7.99351,10.10606,1.39004]},"faces":{"north":{"uv":[6,0,6.75,1.25],"texture":"#3"},"east":{"uv":[6,1.25,6.75,2.5],"texture":"#3"},"south":{"uv":[6,5,6.75,6.25],"texture":"#3"},"west":{"uv":[0,6.25,0.75,7.5],"texture":"#3"},"up":{"uv":[7.25,4.75,6.5,4],"texture":"#3"},"down":{"uv":[7.5,0,6.75,0.75],"texture":"#3"}}},{"from":[-3.37013,8,-2.5342],"to":[0.62987,9,1.4658],"rotation":{"angle":0,"axis":"y","origin":[7.99351,10.10606,1.39004]},"faces":{"north":{"uv":[7.75,3,8.75,3.25],"texture":"#3"},"east":{"uv":[7.75,3.25,8.75,3.5],"texture":"#3"},"south":{"uv":[3.5,7.75,4.5,8],"texture":"#3"},"west":{"uv":[7.75,3.5,8.75,3.75],"texture":"#3"},"up":{"uv":[5,4,4,3],"texture":"#3"},"down":{"uv":[5,4,4,5],"texture":"#3"}}},{"from":[0.62987,12,-0.5342],"to":[4.62987,13,3.4658],"rotation":{"angle":0,"axis":"y","origin":[11.49351,14.10606,1.89004]},"faces":{"north":{"uv":[7.75,2.25,8.75,2.5],"texture":"#3"},"east":{"uv":[2.5,7.75,3.5,8],"texture":"#3"},"south":{"uv":[7.75,2.5,8.75,2.75],"texture":"#3"},"west":{"uv":[7.75,2.75,8.75,3],"texture":"#3"},"up":{"uv":[3,5,2,4],"texture":"#3"},"down":{"uv":[4,4,3,5],"texture":"#3"}}},{"from":[4.12987,-9,-2.0342],"to":[5.12987,-6,-1.0342],"rotation":{"angle":0,"axis":"y","origin":[7.99351,10.10606,1.39004]},"faces":{"north":{"uv":[5.5,7.75,5.75,8.5],"texture":"#3"},"east":{"uv":[5.75,7.75,6,8.5],"texture":"#3"},"south":{"uv":[6,7.75,6.25,8.5],"texture":"#3"},"west":{"uv":[6.25,7.75,6.5,8.5],"texture":"#3"},"up":{"uv":[6.75,5,6.5,4.75],"texture":"#3"},"down":{"uv":[7,2.25,6.75,2.5],"texture":"#3"}}},{"from":[3.62987,-6,-2.0342],"to":[5.62987,-3,-0.0342],"rotation":{"angle":0,"axis":"y","origin":[7.99351,10.10606,1.39004]},"faces":{"north":{"uv":[7.25,2.25,7.75,3],"texture":"#3"},"east":{"uv":[7.25,3,7.75,3.75],"texture":"#3"},"south":{"uv":[7.25,3.75,7.75,4.5],"texture":"#3"},"west":{"uv":[0,7.5,0.5,8.25],"texture":"#3"},"up":{"uv":[5,3,4.5,2.5],"texture":"#3"},"down":{"uv":[8.25,3.75,7.75,4.25],"texture":"#3"}}},{"from":[-2.37013,9,-1.4342],"to":[-0.37013,14,0.5658],"rotation":{"angle":0,"axis":"y","origin":[7.99351,10.10606,1.39004]},"faces":{"north":{"uv":[8,10,10,15],"texture":"#1","tintindex":0},"east":{"uv":[10,10,12,15],"texture":"#1","tintindex":0},"south":{"uv":[12,0,14,5],"texture":"#1","tintindex":0},"west":{"uv":[12,5,14,10],"texture":"#1","tintindex":0},"up":{"uv":[14,16,12,14],"texture":"#1","tintindex":0},"down":{"uv":[16,12,14,14],"texture":"#1","tintindex":0}}},{"from":[-1.87013,14,-0.5342],"to":[-0.87013,15,-0.5342],"rotation":{"angle":0,"axis":"y","origin":[7.99351,10.10606,1.39004]},"faces":{"north":{"uv":[3,8,3.25,8.5],"texture":"#3"},"east":{"uv":[0,0,0,0.5],"texture":"#3"},"south":{"uv":[3.25,8,3.5,8.5],"texture":"#3"},"west":{"uv":[0,0,0,0.5],"texture":"#3"},"up":{"uv":[0.25,0,0,0],"texture":"#3"},"down":{"uv":[0.25,0,0,0],"texture":"#3"}}},{"from":[-1.37013,14,-1.0342],"to":[-1.37013,15,-0.0342],"rotation":{"angle":0,"axis":"y","origin":[7.99351,10.10606,1.39004]},"faces":{"north":{"uv":[0,0,0,0.5],"texture":"#3"},"east":{"uv":[3.5,8,3.75,8.5],"texture":"#3"},"south":{"uv":[0,0,0,0.5],"texture":"#3"},"west":{"uv":[3.75,8,4,8.5],"texture":"#3"},"up":{"uv":[0,0.25,0,0],"texture":"#3"},"down":{"uv":[0,0,0,0.25],"texture":"#3"}}},{"from":[3.12987,-3,-2.0342],"to":[6.12987,0,0.9658],"rotation":{"angle":0,"axis":"y","origin":[7.99351,10.10606,1.39004]},"faces":{"north":{"uv":[6.75,4.75,7.5,5.5],"texture":"#3"},"east":{"uv":[6.75,5.5,7.5,6.25],"texture":"#3"},"south":{"uv":[6.75,6.25,7.5,7],"texture":"#3"},"west":{"uv":[0.75,7,1.5,7.75],"texture":"#3"},"up":{"uv":[2.25,7.75,1.5,7],"texture":"#3"},"down":{"uv":[3,7,2.25,7.75],"texture":"#3"}}},{"from":[2.62987,18,0.9658],"to":[2.62987,19,1.9658],"rotation":{"angle":0,"axis":"y","origin":[7.99351,10.10606,1.39004]},"faces":{"north":{"uv":[0,0,0,0.5],"texture":"#3"},"east":{"uv":[2.5,8,2.75,8.5],"texture":"#3"},"south":{"uv":[0,0,0,0.5],"texture":"#3"},"west":{"uv":[2.75,8,3,8.5],"texture":"#3"},"up":{"uv":[0,0.25,0,0],"texture":"#3"},"down":{"uv":[0,0,0,0.25],"texture":"#3"}}},{"from":[2.12987,18,1.4658],"to":[3.12987,19,1.4658],"rotation":{"angle":0,"axis":"y","origin":[7.99351,10.10606,1.39004]},"faces":{"north":{"uv":[2,8,2.25,8.5],"texture":"#3"},"east":{"uv":[0,0,0,0.5],"texture":"#3"},"south":{"uv":[2.25,8,2.5,8.5],"texture":"#3"},"west":{"uv":[0,0,0,0.5],"texture":"#3"},"up":{"uv":[0.25,0,0,0],"texture":"#3"},"down":{"uv":[0.25,0,0,0],"texture":"#3"}}},{"from":[1.62987,13,0.5658],"to":[3.62987,18,2.5658],"rotation":{"angle":0,"axis":"y","origin":[7.99351,10.10606,1.39004]},"faces":{"north":{"uv":[2,10,4,15],"texture":"#1","tintindex":0},"east":{"uv":[4,10,6,15],"texture":"#1","tintindex":0},"south":{"uv":[10,5,12,10],"texture":"#1","tintindex":0},"west":{"uv":[6,10,8,15],"texture":"#1","tintindex":0},"up":{"uv":[16,10,14,8],"texture":"#1","tintindex":0},"down":{"uv":[16,10,14,12],"texture":"#1","tintindex":0}}},{"from":[1.12987,7,-0.0342],"to":[4.12987,12,2.9658],"rotation":{"angle":0,"axis":"y","origin":[7.99351,10.10606,1.39004]},"faces":{"north":{"uv":[5.25,1.25,6,2.5],"texture":"#3"},"east":{"uv":[5.25,5,6,6.25],"texture":"#3"},"south":{"uv":[5.75,2.5,6.5,3.75],"texture":"#3"},"west":{"uv":[5.75,3.75,6.5,5],"texture":"#3"},"up":{"uv":[7.25,3.25,6.5,2.5],"texture":"#3"},"down":{"uv":[7.25,3.25,6.5,4],"texture":"#3"}}},{"from":[6.52987,9,1.9658],"to":[9.52987,14,4.9658],"rotation":{"angle":0,"axis":"y","origin":[7.99351,10.10606,1.39004]},"faces":{"north":{"uv":[3.75,5,4.5,6.25],"texture":"#3"},"east":{"uv":[5,3.75,5.75,5],"texture":"#3"},"south":{"uv":[4.5,5,5.25,6.25],"texture":"#3"},"west":{"uv":[5.25,0,6,1.25],"texture":"#3"},"up":{"uv":[6,7,5.25,6.25],"texture":"#3"},"down":{"uv":[6.75,6.25,6,7],"texture":"#3"}}},{"from":[6.02987,14,1.4658],"to":[10.02987,15,5.4658],"rotation":{"angle":0,"axis":"y","origin":[11.49351,14.10606,1.89004]},"faces":{"north":{"uv":[7.5,7.25,8.5,7.5],"texture":"#3"},"east":{"uv":[7.5,7.5,8.5,7.75],"texture":"#3"},"south":{"uv":[0.5,7.75,1.5,8],"texture":"#3"},"west":{"uv":[1.5,7.75,2.5,8],"texture":"#3"},"up":{"uv":[1,5,0,4],"texture":"#3"},"down":{"uv":[2,4,1,5],"texture":"#3"}}},{"from":[7.02987,15,2.5658],"to":[9.02987,20,4.5658],"rotation":{"angle":0,"axis":"y","origin":[7.99351,10.10606,1.39004]},"faces":{"north":{"uv":[8,0,10,5],"texture":"#1","tintindex":0},"east":{"uv":[8,5,10,10],"texture":"#1","tintindex":0},"south":{"uv":[0,10,2,15],"texture":"#1","tintindex":0},"west":{"uv":[10,0,12,5],"texture":"#1","tintindex":0},"up":{"uv":[16,6,14,4],"texture":"#1","tintindex":0},"down":{"uv":[16,6,14,8],"texture":"#1","tintindex":0}}},{"from":[7.52987,20,3.4658],"to":[8.52987,21,3.4658],"rotation":{"angle":0,"axis":"y","origin":[7.99351,10.10606,1.39004]},"faces":{"north":{"uv":[1.25,8,1.5,8.5],"texture":"#3"},"east":{"uv":[0,0,0,0.5],"texture":"#3"},"south":{"uv":[1.5,8,1.75,8.5],"texture":"#3"},"west":{"uv":[0,0,0,0.5],"texture":"#3"},"up":{"uv":[0.25,0,0,0],"texture":"#3"},"down":{"uv":[0.25,0,0,0],"texture":"#3"}}},{"from":[8.02987,20,2.9658],"to":[8.02987,21,3.9658],"rotation":{"angle":0,"axis":"y","origin":[7.99351,10.10606,1.39004]},"faces":{"north":{"uv":[0,0,0,0.5],"texture":"#3"},"east":{"uv":[8,1.5,8.25,2],"texture":"#3"},"south":{"uv":[0,0,0,0.5],"texture":"#3"},"west":{"uv":[1.75,8,2,8.5],"texture":"#3"},"up":{"uv":[0,0.25,0,0],"texture":"#3"},"down":{"uv":[0,0,0,0.25],"texture":"#3"}}}],"display":{"thirdperson_righthand":{"rotation":[75,45,0],"translation":[0,2.5,0],"scale":[0.375,0.375,0.375]},"thirdperson_lefthand":{"rotation":[75,45,0],"translation":[0,2.5,0],"scale":[0.375,0.375,0.375]},"firstperson_righthand":{"rotation":[0,45,0],"scale":[0.4,0.4,0.4]},"firstperson_lefthand":{"rotation":[0,225,0],"scale":[0.4,0.4,0.4]},"ground":{"translation":[0,3,1.75],"scale":[0.25,0.25,0.25]},"gui":{"rotation":[30,225,0],"translation":[-2,2,0],"scale":[0.5,0.5,0.5]},"head":{"translation":[0,-33,19.25],"scale":[1.61,1.61,1.61]},"fixed":{"translation":[0,0,3],"scale":[0.5,0.5,0.5]}},"groups":[{"name":"group","origin":[1.42857,8.5,1.40714],"color":0,"children":[0,1,2,3,4,5,6,7,8,9,10,11,12,13]},{"name":"group","origin":[1.42857,8.5,1.40714],"color":0,"children":[14,15,16,17,18,19,20,21,22,23,24,25,26,27,28,29,30,31,32]}]}