{"credit":"MadewithBlockbench","texture_size":[64,64],"textures":{"0":"cosmetics/cat_backpack","particle":"cosmetics/cat_backpack"},"elements":[{"from":[2,0,4],"to":[14,17,12],"rotation":{"angle":0,"axis":"y","origin":[0,0,16]},"faces":{"north":{"uv":[0,0,3,4.25],"texture":"#0"},"east":{"uv":[0,4.25,2,8.5],"texture":"#0"},"south":{"uv":[3,0,6,4.25],"texture":"#0"},"west":{"uv":[2,4.25,4,8.5],"texture":"#0"},"up":{"uv":[7,6.25,4,4.25],"texture":"#0"},"down":{"uv":[9,0,6,2],"texture":"#0"}}},{"from":[4.25,10.75,12],"to":[11.75,16,18],"rotation":{"angle":0,"axis":"y","origin":[0,0,16]},"faces":{"north":{"uv":[4,8.25,6,9.5],"texture":"#0"},"east":{"uv":[4.5,9.5,6,10.75],"texture":"#0"},"south":{"uv":[0,8.5,2,9.75],"texture":"#0"},"west":{"uv":[6,9.5,7.5,10.75],"texture":"#0"},"up":{"uv":[9,8,7,6.5],"texture":"#0"},"down":{"uv":[9,8,7,9.5],"texture":"#0"}}},{"from":[4.25,6.75,15],"to":[6.75,9,18],"rotation":{"angle":0,"axis":"y","origin":[0,0,16]},"faces":{"north":{"uv":[0.75,11,1.5,11.5],"texture":"#0"},"east":{"uv":[8.5,11,9.25,11.5],"texture":"#0"},"south":{"uv":[9.25,11,10,11.5],"texture":"#0"},"west":{"uv":[10,11,10.75,11.5],"texture":"#0"},"up":{"uv":[4,9.25,3.25,8.5],"texture":"#0"},"down":{"uv":[7.75,10.75,7,11.5],"texture":"#0"}}},{"from":[9.25,6.75,15],"to":[11.75,9,18],"rotation":{"angle":0,"axis":"y","origin":[16,0,16]},"faces":{"north":{"uv":[10.75,11,11.5,11.5],"texture":"#0"},"east":{"uv":[11.25,1,12,1.5],"texture":"#0"},"south":{"uv":[11.25,1.5,12,2],"texture":"#0"},"west":{"uv":[11.25,2,12,2.5],"texture":"#0"},"up":{"uv":[8.5,11.5,7.75,10.75],"texture":"#0"},"down":{"uv":[0.75,11,0,11.75],"texture":"#0"}}},{"from":[5.25,5.75,7],"to":[10.75,10,12],"rotation":{"angle":22.5,"axis":"x","origin":[0,0,16]},"faces":{"north":{"uv":[10,3.75,11.5,4.75],"texture":"#0"},"east":{"uv":[9,10,10.25,11],"texture":"#0"},"south":{"uv":[10,4.75,11.5,5.75],"texture":"#0"},"west":{"uv":[10.25,0,11.5,1],"texture":"#0"},"up":{"uv":[9,10.75,7.5,9.5],"texture":"#0"},"down":{"uv":[1.5,9.75,0,11],"texture":"#0"}}},{"from":[0.25,10.75,15],"to":[4.25,16,15],"rotation":{"angle":0,"axis":"y","origin":[0,0,16]},"faces":{"north":{"uv":[6,8.25,7,9.5],"texture":"#0"},"east":{"uv":[0,0,0,1.25],"texture":"#0"},"south":{"uv":[10.25,1,11.25,2.25],"texture":"#0"},"west":{"uv":[0,0,0,1.25],"texture":"#0"},"up":{"uv":[1,0,0,0],"texture":"#0"},"down":{"uv":[1,0,0,0],"texture":"#0"}}},{"from":[4.75,16,15.5],"to":[6.75,18,18.5],"rotation":{"angle":22.5,"axis":"y","origin":[0,0,16]},"faces":{"north":{"uv":[11.25,8.25,11.75,8.75],"texture":"#0"},"east":{"uv":[11.25,2.5,12,3],"texture":"#0"},"south":{"uv":[11.25,8.75,11.75,9.25],"texture":"#0"},"west":{"uv":[3,11.25,3.75,11.75],"texture":"#0"},"up":{"uv":[11.75,3.75,11.25,3],"texture":"#0"},"down":{"uv":[4.25,11.25,3.75,12],"texture":"#0"}}},{"from":[5.75,16,14.5],"to":[5.75,20,18.25],"rotation":{"angle":22.5,"axis":"y","origin":[0,0,16]},"faces":{"north":{"uv":[0,0,0,1],"texture":"#0"},"east":{"uv":[10.25,7,11.25,8],"texture":"#0"},"south":{"uv":[0,0,0,1],"texture":"#0"},"west":{"uv":[10.25,8,11.25,9],"texture":"#0"},"up":{"uv":[0,1,0,0],"texture":"#0"},"down":{"uv":[0,0,0,1],"texture":"#0"}}},{"from":[11.75,10.75,15],"to":[15.75,16,15],"rotation":{"angle":0,"axis":"y","origin":[16,0,16]},"faces":{"north":{"uv":[10.25,2.25,11.25,3.5],"texture":"#0"},"east":{"uv":[0,0,0,1.25],"texture":"#0"},"south":{"uv":[10.25,5.75,11.25,7],"texture":"#0"},"west":{"uv":[0,0,0,1.25],"texture":"#0"},"up":{"uv":[1,0,0,0],"texture":"#0"},"down":{"uv":[1,0,0,0],"texture":"#0"}}},{"from":[9.25,16,15.5],"to":[11.25,18,18.5],"rotation":{"angle":-22.5,"axis":"y","origin":[16,0,16]},"faces":{"north":{"uv":[11.25,9.25,11.75,9.75],"texture":"#0"},"east":{"uv":[11.25,5.75,12,6.25],"texture":"#0"},"south":{"uv":[11.25,9.75,11.75,10.25],"texture":"#0"},"west":{"uv":[11.25,6.25,12,6.75],"texture":"#0"},"up":{"uv":[11.75,7.5,11.25,6.75],"texture":"#0"},"down":{"uv":[11.75,7.5,11.25,8.25],"texture":"#0"}}},{"from":[10.25,16,14.5],"to":[10.25,20,18.25],"rotation":{"angle":-22.5,"axis":"y","origin":[16,0,16]},"faces":{"north":{"uv":[0,0,0,1],"texture":"#0"},"east":{"uv":[10.25,9,11.25,10],"texture":"#0"},"south":{"uv":[0,0,0,1],"texture":"#0"},"west":{"uv":[10.25,10,11.25,11],"texture":"#0"},"up":{"uv":[0,1,0,0],"texture":"#0"},"down":{"uv":[0,0,0,1],"texture":"#0"}}},{"from":[2,0,12],"to":[14,8,17],"rotation":{"angle":0,"axis":"y","origin":[0,0,16]},"faces":{"north":{"uv":[6,2,9,4],"texture":"#0"},"east":{"uv":[2,8.5,3.25,10.5],"texture":"#0"},"south":{"uv":[4,6.25,7,8.25],"texture":"#0"},"west":{"uv":[9,0,10.25,2],"texture":"#0"},"up":{"uv":[10,5.25,7,4],"texture":"#0"},"down":{"uv":[10,5.25,7,6.5],"texture":"#0"}}},{"from":[14,0,4],"to":[16,7,9],"rotation":{"angle":0,"axis":"y","origin":[0,0,16]},"faces":{"north":{"uv":[1.5,9.75,2,11.5],"texture":"#0"},"east":{"uv":[9,2,10.25,3.75],"texture":"#0"},"south":{"uv":[2,10.5,2.5,12.25],"texture":"#0"},"west":{"uv":[9,6.5,10.25,8.25],"texture":"#0"},"up":{"uv":[5.5,12,5,10.75],"texture":"#0"},"down":{"uv":[6,10.75,5.5,12],"texture":"#0"}}},{"from":[0,0,4],"to":[2,7,9],"rotation":{"angle":0,"axis":"y","origin":[16,0,16]},"faces":{"north":{"uv":[2.5,10.5,3,12.25],"texture":"#0"},"east":{"uv":[9,8.25,10.25,10],"texture":"#0"},"south":{"uv":[4.5,10.75,5,12.5],"texture":"#0"},"west":{"uv":[3.25,9.5,4.5,11.25],"texture":"#0"},"up":{"uv":[6.5,12,6,10.75],"texture":"#0"},"down":{"uv":[7,10.75,6.5,12],"texture":"#0"}}}],"display":{"thirdperson_righthand":{"rotation":[61,0,0],"scale":[0.6,0.6,0.6]},"thirdperson_lefthand":{"rotation":[61,0,0],"scale":[0.6,0.6,0.6]},"ground":{"translation":[0,-0.75,0],"scale":[0.6,0.6,0.6]},"gui":{"rotation":[32,127,0],"scale":[0.6,0.6,0.6]},"head":{"translation":[0,-50,6.5]},"fixed":{"rotation":[-90,0,0],"translation":[0,0,-13],"scale":[2,2,2]}},"groups":[{"name":"cat_backpack","origin":[8,8,8],"color":0,"children":[0,1,2,3,4,5,6,7,8,9,10,11,12,13]}]}