{"credit":"MadewithBlockbench","ambientocclusion":false,"texture_size":[48,48],"textures":{"1":"cosmetics/chef_cosmetics"},"elements":[{"from":[3,0,4],"to":[13,4,14],"faces":{"north":{"uv":[0,8,3.33333,9.33333],"texture":"#1"},"east":{"uv":[7.33333,8.66667,10.66667,10],"texture":"#1"},"south":{"uv":[0,9.33333,3.33333,10.66667],"texture":"#1"},"west":{"uv":[3.33333,10,6.66667,11.33333],"texture":"#1"},"up":{"uv":[7.33333,10,4,6.66667],"texture":"#1"},"down":{"uv":[10.66667,0,7.33333,3.33333],"texture":"#1"}}},{"from":[8.5,4,9.65],"to":[10.5,5,11.65],"faces":{"north":{"uv":[3.33333,9.33333,4,9.66667],"texture":"#1"},"east":{"uv":[3.33333,9.66667,4,10],"texture":"#1"},"south":{"uv":[0,11.33333,0.66667,11.66667],"texture":"#1"},"west":{"uv":[0.66667,11.33333,1.33333,11.66667],"texture":"#1"},"up":{"uv":[4,8.66667,3.33333,8],"texture":"#1"},"down":{"uv":[4,8.66667,3.33333,9.33333],"texture":"#1"}}},{"from":[7.5,4.1,8.65],"to":[11.5,4.1,12.65],"faces":{"north":{"uv":[0,0,1.33333,0],"texture":"#1"},"east":{"uv":[0,0,1.33333,0],"texture":"#1"},"south":{"uv":[0,0,1.33333,0],"texture":"#1"},"west":{"uv":[0,0,1.33333,0],"texture":"#1"},"up":{"uv":[12,3.33333,10.66667,2],"texture":"#1"},"down":{"uv":[12,8.66667,10.66667,10],"texture":"#1"}}},{"from":[5.25,4,8.25],"to":[6.25,5,9.25],"faces":{"north":{"uv":[3.33333,9.33333,4,9.66667],"texture":"#1"},"east":{"uv":[3.33333,9.66667,4,10],"texture":"#1"},"south":{"uv":[0,11.33333,0.66667,11.66667],"texture":"#1"},"west":{"uv":[0.66667,11.33333,1.33333,11.66667],"texture":"#1"},"up":{"uv":[4,8.66667,3.33333,8],"texture":"#1"},"down":{"uv":[4,8.66667,3.33333,9.33333],"texture":"#1"}}},{"from":[4.25,4.1,7.25],"to":[7.25,4.1,10.25],"faces":{"north":{"uv":[0,0,1.33333,0],"texture":"#1"},"east":{"uv":[0,0,1.33333,0],"texture":"#1"},"south":{"uv":[0,0,1.33333,0],"texture":"#1"},"west":{"uv":[0,0,1.33333,0],"texture":"#1"},"up":{"uv":[12,3.33333,10.66667,2],"texture":"#1"},"down":{"uv":[12,8.66667,10.66667,10],"texture":"#1"}}},{"from":[9,4,6.25],"to":[10,5,7.25],"faces":{"north":{"uv":[3.33333,9.33333,4,9.66667],"texture":"#1"},"east":{"uv":[3.33333,9.66667,4,10],"texture":"#1"},"south":{"uv":[0,11.33333,0.66667,11.66667],"texture":"#1"},"west":{"uv":[0.66667,11.33333,1.33333,11.66667],"texture":"#1"},"up":{"uv":[4,8.66667,3.33333,8],"texture":"#1"},"down":{"uv":[4,8.66667,3.33333,9.33333],"texture":"#1"}}},{"from":[8,4.1,5.25],"to":[11,4.1,8.25],"faces":{"north":{"uv":[0,0,1.33333,0],"texture":"#1"},"east":{"uv":[0,0,1.33333,0],"texture":"#1"},"south":{"uv":[0,0,1.33333,0],"texture":"#1"},"west":{"uv":[0,0,1.33333,0],"texture":"#1"},"up":{"uv":[12,3.33333,10.66667,2],"texture":"#1"},"down":{"uv":[12,8.66667,10.66667,10],"texture":"#1"}}}],"display":{"gui":{"rotation":[39,33,0],"translation":[-0.5,5,0]},"head":{"translation":[0,-40,9.25],"scale":[1.5,1.5,1.5]}},"groups":[{"name":"HMC_ChefBack","origin":[8,8,8],"color":0,"nbt":"{}","armAnimationEnabled":false,"children":[0,1,2,3,4,5,6]}]}