{"credit":"MadewithBlockbench","ambientocclusion":false,"texture_size":[48,48],"textures":{"1":"cosmetics/chef_cosmetics"},"elements":[{"from":[3,0,3],"to":[13,2,13],"faces":{"north":{"uv":[0,10.66667,3.33333,11.33333],"texture":"#1"},"east":{"uv":[10.66667,0,14,0.66667],"texture":"#1"},"south":{"uv":[10.66667,0.66667,14,1.33333],"texture":"#1"},"west":{"uv":[10.66667,1.33333,14,2],"texture":"#1"},"up":{"uv":[7.33333,3.33333,4,0],"texture":"#1"},"down":{"uv":[7.33333,3.33333,4,6.66667],"texture":"#1"}}},{"from":[2,2,2],"to":[14,6,14],"faces":{"north":{"uv":[7.33333,3.33333,11.33333,4.66667],"texture":"#1"},"east":{"uv":[7.33333,4.66667,11.33333,6],"texture":"#1"},"south":{"uv":[7.33333,6,11.33333,7.33333],"texture":"#1"},"west":{"uv":[7.33333,7.33333,11.33333,8.66667],"texture":"#1"},"up":{"uv":[4,4,0,0],"texture":"#1"},"down":{"uv":[4,4,0,8],"texture":"#1"}}}],"display":{"gui":{"rotation":[36,34,0],"translation":[0,3,0],"scale":[0.85,0.85,0.85]},"head":{"translation":[0,15.5,0],"scale":[1.5,1.5,1.5]}},"groups":[{"name":"HMC_ChefHat","origin":[8,8,8],"color":0,"nbt":"{}","armAnimationEnabled":false,"children":[0,1]}]}