{"credit":"MadewithBlockbench","texture_size":[32,32],"textures":{"0":"cosmetics/diving_mask","particle":"cosmetics/diving_mask"},"elements":[{"from":[2,7,4],"to":[14,12,7],"rotation":{"angle":0,"axis":"y","origin":[0,0,16]},"faces":{"north":{"uv":[4,3,10,6],"texture":"#0"},"east":{"uv":[9.5,9,11,12],"texture":"#0"},"south":{"uv":[4,3,10,6],"texture":"#0"},"west":{"uv":[10,0,11.5,3],"texture":"#0"},"up":{"uv":[12,7.5,6,6],"texture":"#0"},"down":{"uv":[12,7.5,6,9],"texture":"#0"}}},{"from":[9,5,4],"to":[14,7,7],"rotation":{"angle":0,"axis":"y","origin":[0,0,16]},"faces":{"north":{"uv":[12,3.5,14.5,4.5],"texture":"#0"},"east":{"uv":[6,13,7.5,14],"texture":"#0"},"south":{"uv":[12,3.5,14.5,4.5],"texture":"#0"},"west":{"uv":[7.5,13,9,14],"texture":"#0"},"up":{"uv":[13.5,10.5,11,9],"texture":"#0"},"down":{"uv":[13.5,10.5,11,12],"texture":"#0"}}},{"from":[2,5,4],"to":[7,7,7],"rotation":{"angle":0,"axis":"y","origin":[16,0,16]},"faces":{"north":{"uv":[12,7,14.5,8],"texture":"#0"},"east":{"uv":[13,12,14.5,13],"texture":"#0"},"south":{"uv":[12,7,14.5,8],"texture":"#0"},"west":{"uv":[13,13,14.5,14],"texture":"#0"},"up":{"uv":[2.5,13,0,11.5],"texture":"#0"},"down":{"uv":[14,0,11.5,1.5],"texture":"#0"}}},{"from":[6,0,3],"to":[8,4,7],"faces":{"north":{"uv":[8,11,9,13],"texture":"#0"},"east":{"uv":[10,3,12,5],"texture":"#0"},"south":{"uv":[2.5,11.5,3.5,13.5],"texture":"#0"},"west":{"uv":[6,11,8,13],"texture":"#0"},"up":{"uv":[10,14,9,12],"texture":"#0"},"down":{"uv":[11,12,10,14],"texture":"#0"}}},{"from":[-1,2,3],"to":[1,21,7],"faces":{"north":{"uv":[4,6,5,15.5],"texture":"#0"},"east":{"uv":[0,0,2,9.5],"texture":"#0"},"south":{"uv":[5,6,6,15.5],"texture":"#0"},"west":{"uv":[2,0,4,9.5],"texture":"#0"},"up":{"uv":[12,14,11,12],"texture":"#0"},"down":{"uv":[13,12,12,14],"texture":"#0"}}},{"from":[-1,0,3],"to":[6,2,7],"faces":{"north":{"uv":[10,5,13.5,6],"texture":"#0"},"east":{"uv":[12,8,14,9],"texture":"#0"},"south":{"uv":[11.5,1.5,15,2.5],"texture":"#0"},"west":{"uv":[0,13,2,14],"texture":"#0"},"up":{"uv":[9.5,11,6,9],"texture":"#0"},"down":{"uv":[3.5,9.5,0,11.5],"texture":"#0"}}}],"display":{"thirdperson_righthand":{"rotation":[61,0,0],"scale":[0.6,0.6,0.6]},"thirdperson_lefthand":{"rotation":[61,0,0],"scale":[0.6,0.6,0.6]},"ground":{"translation":[0,-0.75,0],"scale":[0.6,0.6,0.6]},"gui":{"rotation":[32,127,0],"translation":[0,1.5,0],"scale":[0.6,0.6,0.6]},"head":{"translation":[0,-0.5,-4],"scale":[1.1,1.1,1.1]},"fixed":{"rotation":[-90,0,0],"translation":[0,0,-13],"scale":[2,2,2]}},"groups":[{"name":"diving_mask","origin":[8,8,8],"color":0,"children":[0,1,2,3,4,5]}]}