{"credit":"MadewithBlockbench","ambientocclusion":false,"texture_size":[32,32],"textures":{"1":"cosmetics/easter_cosmetics"},"elements":[{"from":[8.75,0,7],"to":[11.75,9,9],"faces":{"north":{"uv":[0,3,1.5,7.5],"texture":"#1"},"east":{"uv":[0,7.5,1,12],"texture":"#1"},"south":{"uv":[1.5,3,3,7.5],"texture":"#1"},"west":{"uv":[1,7.5,2,12],"texture":"#1"},"up":{"uv":[11.5,1,10,0],"texture":"#1"},"down":{"uv":[11.5,1,10,2],"texture":"#1"}}},{"from":[4.25,0,7],"to":[7.25,9,9],"rotation":{"angle":0,"axis":"y","origin":[16,0,0]},"faces":{"north":{"uv":[3,3,4.5,7.5],"texture":"#1"},"east":{"uv":[2,7.5,3,12],"texture":"#1"},"south":{"uv":[4.5,3,6,7.5],"texture":"#1"},"west":{"uv":[3,7.5,4,12],"texture":"#1"},"up":{"uv":[7.5,11,6,10],"texture":"#1"},"down":{"uv":[9,10,7.5,11],"texture":"#1"}}}],"display":{"gui":{"rotation":[25,150,0],"translation":[0,3,0]},"head":{"translation":[0,18,0],"scale":[1.5,1.5,1.5]}},"groups":[{"name":"HMC_EasterCosmetics","origin":[8,8,8],"color":0,"nbt":"{}","armAnimationEnabled":false,"children":[{"name":"group","origin":[8,8,8],"color":0,"nbt":"{}","armAnimationEnabled":false,"children":[0,1]}]}]}