{"credit":"MadewithBlockbench","ambientocclusion":false,"texture_size":[32,32],"textures":{"1":"cosmetics/easter_egg_cosmetics"},"elements":[{"from":[8.5,2,11],"to":[9,3,12],"rotation":{"angle":0,"axis":"y","origin":[16,0,0]},"faces":{"north":{"uv":[15,4,14.5,4.5],"texture":"#1"},"east":{"uv":[4.5,14.5,4,15],"texture":"#1"},"south":{"uv":[15,3.5,14.5,4],"texture":"#1"},"west":{"uv":[5,14.5,4.5,15],"texture":"#1"},"up":{"uv":[15,4.5,14.5,5],"texture":"#1"},"down":{"uv":[5.5,15,5,14.5],"texture":"#1"}}},{"from":[7,0,11],"to":[9,2,12],"faces":{"north":{"uv":[10,13,9,14],"texture":"#1"},"east":{"uv":[14.5,8.5,14,9.5],"texture":"#1"},"south":{"uv":[14,8,13,9],"texture":"#1"},"west":{"uv":[10,14,9.5,15],"texture":"#1"},"up":{"uv":[15,9.5,14,10],"texture":"#1"},"down":{"uv":[15,10.5,14,10],"texture":"#1"}}},{"from":[7,2,11],"to":[7.5,3,12],"faces":{"north":{"uv":[15,5.5,14.5,6],"texture":"#1"},"east":{"uv":[6,14.5,5.5,15],"texture":"#1"},"south":{"uv":[15,5,14.5,5.5],"texture":"#1"},"west":{"uv":[6.5,14.5,6,15],"texture":"#1"},"up":{"uv":[15,6,14.5,6.5],"texture":"#1"},"down":{"uv":[7,15,6.5,14.5],"texture":"#1"}}},{"from":[7,2,4],"to":[7.5,3,5],"rotation":{"angle":0,"axis":"y","origin":[0,0,16]},"faces":{"north":{"uv":[14.5,5,15,5.5],"texture":"#1"},"east":{"uv":[5.5,14.5,6,15],"texture":"#1"},"south":{"uv":[14.5,5.5,15,6],"texture":"#1"},"west":{"uv":[6,14.5,6.5,15],"texture":"#1"},"up":{"uv":[15,6.5,14.5,6],"texture":"#1"},"down":{"uv":[7,14.5,6.5,15],"texture":"#1"}}},{"from":[7,0,4],"to":[9,2,5],"rotation":{"angle":0,"axis":"y","origin":[0,0,16]},"faces":{"north":{"uv":[13,8,14,9],"texture":"#1"},"east":{"uv":[14,8.5,14.5,9.5],"texture":"#1"},"south":{"uv":[9,13,10,14],"texture":"#1"},"west":{"uv":[9.5,14,10,15],"texture":"#1"},"up":{"uv":[15,10,14,9.5],"texture":"#1"},"down":{"uv":[15,10,14,10.5],"texture":"#1"}}},{"from":[8.5,2,4],"to":[9,3,5],"rotation":{"angle":0,"axis":"y","origin":[16,0,16]},"faces":{"north":{"uv":[14.5,3.5,15,4],"texture":"#1"},"east":{"uv":[4,14.5,4.5,15],"texture":"#1"},"south":{"uv":[14.5,4,15,4.5],"texture":"#1"},"west":{"uv":[4.5,14.5,5,15],"texture":"#1"},"up":{"uv":[15,5,14.5,4.5],"texture":"#1"},"down":{"uv":[5.5,14.5,5,15],"texture":"#1"}}},{"from":[7,4,5],"to":[9,9,5],"rotation":{"angle":0,"axis":"y","origin":[16,0,0]},"faces":{"north":{"uv":[5,11,6,13.5],"texture":"#1"},"east":{"uv":[0,0,0,2.5],"texture":"#1"},"south":{"uv":[6,11,7,13.5],"texture":"#1"},"west":{"uv":[0,0,0,2.5],"texture":"#1"},"up":{"uv":[1,0,0,0],"texture":"#1"},"down":{"uv":[1,0,0,0],"texture":"#1"}}},{"from":[7,4,11],"to":[9,9,11],"rotation":{"angle":0,"axis":"y","origin":[16,0,16]},"faces":{"north":{"uv":[7,11,6,13.5],"texture":"#1"},"east":{"uv":[0,0,0,2.5],"texture":"#1"},"south":{"uv":[6,11,5,13.5],"texture":"#1"},"west":{"uv":[0,0,0,2.5],"texture":"#1"},"up":{"uv":[1,0,0,0],"texture":"#1"},"down":{"uv":[1,0,0,0],"texture":"#1"}}},{"from":[7,9,5],"to":[9,9,11],"rotation":{"angle":0,"axis":"y","origin":[16,0,16]},"faces":{"north":{"uv":[0,0,1,0],"texture":"#1"},"east":{"uv":[0,0,3,0],"texture":"#1"},"south":{"uv":[0,0,1,0],"texture":"#1"},"west":{"uv":[0,0,3,0],"texture":"#1"},"up":{"uv":[5,14,4,11],"texture":"#1"},"down":{"uv":[12,4,11,7],"texture":"#1"}}},{"from":[5,0,5],"to":[11,4,11],"rotation":{"angle":0,"axis":"y","origin":[16,0,0]},"faces":{"north":{"uv":[7,8,10,10],"texture":"#1"},"east":{"uv":[7,8,10,10],"texture":"#1"},"south":{"uv":[7,8,10,10],"texture":"#1"},"west":{"uv":[7,8,10,10],"texture":"#1"},"up":{"uv":[7,11,4,8],"texture":"#1"},"down":{"uv":[11,4,8,7],"texture":"#1"}}},{"from":[6,4,8],"to":[8,6,10],"rotation":{"angle":0,"axis":"y","origin":[16,0,0]},"faces":{"north":{"uv":[12,13,13,14],"texture":"#1"},"east":{"uv":[13,12,14,13],"texture":"#1"},"south":{"uv":[13,13,14,14],"texture":"#1"},"west":{"uv":[0,13.5,1,14.5],"texture":"#1"},"up":{"uv":[14.5,1,13.5,0],"texture":"#1"},"down":{"uv":[2,13.5,1,14.5],"texture":"#1"}}},{"from":[8,4,6],"to":[10,6,8],"rotation":{"angle":0,"axis":"y","origin":[16,0,0]},"faces":{"north":{"uv":[13.5,1,14.5,2],"texture":"#1"},"east":{"uv":[2,13.5,3,14.5],"texture":"#1"},"south":{"uv":[13.5,2,14.5,3],"texture":"#1"},"west":{"uv":[13.5,3,14.5,4],"texture":"#1"},"up":{"uv":[14.5,5,13.5,4],"texture":"#1"},"down":{"uv":[6,13.5,5,14.5],"texture":"#1"}}},{"from":[8,4,8],"to":[10,5,10],"rotation":{"angle":0,"axis":"y","origin":[16,0,0]},"faces":{"north":{"uv":[14,12,15,12.5],"texture":"#1"},"east":{"uv":[14,12.5,15,13],"texture":"#1"},"south":{"uv":[13,14,14,14.5],"texture":"#1"},"west":{"uv":[14,13,15,13.5],"texture":"#1"},"up":{"uv":[14.5,6,13.5,5],"texture":"#1"},"down":{"uv":[7,13.5,6,14.5],"texture":"#1"}}},{"from":[6,4,6],"to":[8,5,8],"rotation":{"angle":0,"axis":"y","origin":[16,0,0]},"faces":{"north":{"uv":[14,13.5,15,14],"texture":"#1"},"east":{"uv":[14,14,15,14.5],"texture":"#1"},"south":{"uv":[0,14.5,1,15],"texture":"#1"},"west":{"uv":[14.5,0,15.5,0.5],"texture":"#1"},"up":{"uv":[14.5,7,13.5,6],"texture":"#1"},"down":{"uv":[11,13.5,10,14.5],"texture":"#1"}}}],"display":{"thirdperson_righthand":{"rotation":[70,0,0],"translation":[0,-1.5,0]},"thirdperson_lefthand":{"rotation":[70,0,0],"translation":[0,-1.5,0]},"firstperson_righthand":{"translation":[0,-0.5,0]},"firstperson_lefthand":{"translation":[0,-0.5,0]},"gui":{"rotation":[23,-55,0],"translation":[0,4,0],"scale":[1.15,1.15,1.15]}},"groups":[{"name":"HMC_EasterEggBasket","origin":[8,8,8],"color":0,"nbt":"{}","armAnimationEnabled":false,"children":[0,1,2,3,4,5,6,7,8,9,10,11,12,13]}]}