{"credit":"MadewithBlockbench","ambientocclusion":false,"texture_size":[32,32],"textures":{"1":"cosmetics/easter_egg_cosmetics"},"elements":[{"from":[4,0,4],"to":[12,8,12],"faces":{"north":{"uv":[0,0,4,4],"texture":"#1"},"east":{"uv":[0,4,4,8],"texture":"#1"},"south":{"uv":[4,0,8,4],"texture":"#1"},"west":{"uv":[4,4,8,8],"texture":"#1"},"up":{"uv":[4,12,0,8],"texture":"#1"},"down":{"uv":[12,0,8,4],"texture":"#1"}}},{"from":[5,8,5],"to":[8,10,8],"faces":{"north":{"uv":[8,7,9.5,8],"texture":"#1"},"east":{"uv":[12,3,13.5,4],"texture":"#1"},"south":{"uv":[12,4,13.5,5],"texture":"#1"},"west":{"uv":[12,5,13.5,6],"texture":"#1"},"up":{"uv":[1.5,13.5,0,12],"texture":"#1"},"down":{"uv":[13.5,0,12,1.5],"texture":"#1"}}},{"from":[8,8,8],"to":[11,10,11],"faces":{"north":{"uv":[12,6,13.5,7],"texture":"#1"},"east":{"uv":[7,12,8.5,13],"texture":"#1"},"south":{"uv":[8.5,12,10,13],"texture":"#1"},"west":{"uv":[12,11,13.5,12],"texture":"#1"},"up":{"uv":[3,13.5,1.5,12],"texture":"#1"},"down":{"uv":[13.5,1.5,12,3],"texture":"#1"}}},{"from":[6,8,8],"to":[8,9,10],"faces":{"north":{"uv":[11,13.5,12,14],"texture":"#1"},"east":{"uv":[13.5,11,14.5,11.5],"texture":"#1"},"south":{"uv":[13.5,11.5,14.5,12],"texture":"#1"},"west":{"uv":[3,14,4,14.5],"texture":"#1"},"up":{"uv":[4,13,3,12],"texture":"#1"},"down":{"uv":[13,12,12,13],"texture":"#1"}}},{"from":[8,8,6],"to":[10,9,8],"rotation":{"angle":0,"axis":"y","origin":[16,0,0]},"faces":{"north":{"uv":[4,14,5,14.5],"texture":"#1"},"east":{"uv":[7,14,8,14.5],"texture":"#1"},"south":{"uv":[14,7,15,7.5],"texture":"#1"},"west":{"uv":[14,7.5,15,8],"texture":"#1"},"up":{"uv":[4,14,3,13],"texture":"#1"},"down":{"uv":[8,13,7,14],"texture":"#1"}}},{"from":[7,2.5,12],"to":[9,4.5,13],"faces":{"north":{"uv":[13,7,14,8],"texture":"#1"},"east":{"uv":[9.5,7,10,8],"texture":"#1"},"south":{"uv":[8,13,9,14],"texture":"#1"},"west":{"uv":[8,14,8.5,15],"texture":"#1"},"up":{"uv":[15,8.5,14,8],"texture":"#1"},"down":{"uv":[9.5,14,8.5,14.5],"texture":"#1"}}},{"from":[7,4.5,12],"to":[7.5,5.5,13],"faces":{"north":{"uv":[14.5,0.5,15,1],"texture":"#1"},"east":{"uv":[1,14.5,1.5,15],"texture":"#1"},"south":{"uv":[14.5,1,15,1.5],"texture":"#1"},"west":{"uv":[1.5,14.5,2,15],"texture":"#1"},"up":{"uv":[15,2,14.5,1.5],"texture":"#1"},"down":{"uv":[2.5,14.5,2,15],"texture":"#1"}}},{"from":[8.5,4.5,12],"to":[9,5.5,13],"rotation":{"angle":0,"axis":"y","origin":[16,0,0]},"faces":{"north":{"uv":[14.5,2,15,2.5],"texture":"#1"},"east":{"uv":[2.5,14.5,3,15],"texture":"#1"},"south":{"uv":[14.5,2.5,15,3],"texture":"#1"},"west":{"uv":[3,14.5,3.5,15],"texture":"#1"},"up":{"uv":[15,3.5,14.5,3],"texture":"#1"},"down":{"uv":[4,14.5,3.5,15],"texture":"#1"}}},{"from":[3,4.5,8.5],"to":[4,5.5,9],"rotation":{"angle":0,"axis":"y","origin":[16,0,0]},"faces":{"north":{"uv":[3,14.5,3.5,15],"texture":"#1"},"east":{"uv":[14.5,2,15,2.5],"texture":"#1"},"south":{"uv":[2.5,14.5,3,15],"texture":"#1"},"west":{"uv":[14.5,2.5,15,3],"texture":"#1"},"up":{"uv":[15,3.5,14.5,3],"rotation":90,"texture":"#1"},"down":{"uv":[4,14.5,3.5,15],"rotation":270,"texture":"#1"}}},{"from":[3,2.5,7],"to":[4,4.5,9],"rotation":{"angle":0,"axis":"y","origin":[16,0,-16]},"faces":{"north":{"uv":[8,14,8.5,15],"texture":"#1"},"east":{"uv":[13,7,14,8],"texture":"#1"},"south":{"uv":[9.5,7,10,8],"texture":"#1"},"west":{"uv":[8,13,9,14],"texture":"#1"},"up":{"uv":[15,8.5,14,8],"rotation":90,"texture":"#1"},"down":{"uv":[9.5,14,8.5,14.5],"rotation":270,"texture":"#1"}}},{"from":[3,4.5,7],"to":[4,5.5,7.5],"rotation":{"angle":0,"axis":"y","origin":[16,0,-16]},"faces":{"north":{"uv":[1.5,14.5,2,15],"texture":"#1"},"east":{"uv":[14.5,0.5,15,1],"texture":"#1"},"south":{"uv":[1,14.5,1.5,15],"texture":"#1"},"west":{"uv":[14.5,1,15,1.5],"texture":"#1"},"up":{"uv":[15,2,14.5,1.5],"rotation":90,"texture":"#1"},"down":{"uv":[2.5,14.5,2,15],"rotation":270,"texture":"#1"}}},{"from":[12,4.5,8.5],"to":[13,5.5,9],"faces":{"north":{"uv":[3.5,14.5,3,15],"texture":"#1"},"east":{"uv":[15,2.5,14.5,3],"texture":"#1"},"south":{"uv":[3,14.5,2.5,15],"texture":"#1"},"west":{"uv":[15,2,14.5,2.5],"texture":"#1"},"up":{"uv":[15,3,14.5,3.5],"rotation":90,"texture":"#1"},"down":{"uv":[4,15,3.5,14.5],"rotation":270,"texture":"#1"}}},{"from":[12,2.5,7],"to":[13,4.5,9],"rotation":{"angle":0,"axis":"y","origin":[0,0,-16]},"faces":{"north":{"uv":[8.5,14,8,15],"texture":"#1"},"east":{"uv":[9,13,8,14],"texture":"#1"},"south":{"uv":[10,7,9.5,8],"texture":"#1"},"west":{"uv":[14,7,13,8],"texture":"#1"},"up":{"uv":[15,8,14,8.5],"rotation":90,"texture":"#1"},"down":{"uv":[9.5,14.5,8.5,14],"rotation":270,"texture":"#1"}}},{"from":[12,4.5,7],"to":[13,5.5,7.5],"rotation":{"angle":0,"axis":"y","origin":[0,0,-16]},"faces":{"north":{"uv":[2,14.5,1.5,15],"texture":"#1"},"east":{"uv":[15,1,14.5,1.5],"texture":"#1"},"south":{"uv":[1.5,14.5,1,15],"texture":"#1"},"west":{"uv":[15,0.5,14.5,1],"texture":"#1"},"up":{"uv":[15,1.5,14.5,2],"rotation":90,"texture":"#1"},"down":{"uv":[2.5,15,2,14.5],"rotation":270,"texture":"#1"}}}],"display":{"gui":{"rotation":[20,-26,0],"translation":[0,2.25,0]},"head":{"translation":[0,-46.25,9],"scale":[1.5,1.5,1.5]}},"groups":[{"name":"HMC_EasterEggBackpack","origin":[8,8,8],"color":0,"nbt":"{}","armAnimationEnabled":false,"children":[0,1,2,3,4,5,6,7,8,9,10,11,12,13]}]}