{"credit":"MadewithBlockbench","ambientocclusion":false,"texture_size":[32,32],"textures":{"1":"cosmetics/easter_cosmetics"},"elements":[{"from":[5.5,0,5],"to":[10.5,4,11],"faces":{"north":{"uv":[6,4,8.5,6],"texture":"#1"},"east":{"uv":[5,0,8,2],"texture":"#1"},"south":{"uv":[6,6,8.5,8],"texture":"#1"},"west":{"uv":[6,2,9,4],"texture":"#1"},"up":{"uv":[2.5,3,0,0],"texture":"#1"},"down":{"uv":[5,0,2.5,3],"texture":"#1"}}},{"from":[10.5,0,5],"to":[12.5,2,11],"faces":{"north":{"uv":[5,2,6,3],"texture":"#1"},"east":{"uv":[9,2,12,3],"texture":"#1"},"south":{"uv":[10,8,11,9],"texture":"#1"},"west":{"uv":[9,3,12,4],"texture":"#1"},"up":{"uv":[5,12.5,4,9.5],"texture":"#1"},"down":{"uv":[6,9.5,5,12.5],"texture":"#1"}}},{"from":[7.5,0,3],"to":[9.5,2,5],"faces":{"north":{"uv":[9,10,10,11],"texture":"#1"},"east":{"uv":[10,9,11,10],"texture":"#1"},"south":{"uv":[10,10,11,11],"texture":"#1"},"west":{"uv":[10.5,4,11.5,5],"texture":"#1"},"up":{"uv":[11.5,6,10.5,5],"texture":"#1"},"down":{"uv":[11.5,6,10.5,7],"texture":"#1"}}}],"display":{"thirdperson_righthand":{"rotation":[88,1,0],"translation":[0,-2,4]},"thirdperson_lefthand":{"rotation":[88,1,0],"translation":[0,-2,4]},"firstperson_righthand":{"rotation":[88,1,0],"translation":[0,-2,4]},"firstperson_lefthand":{"rotation":[88,1,0],"translation":[0,-2,4]},"gui":{"rotation":[-39,-59,0],"translation":[-0.25,4,0]}},"groups":[{"name":"HMC_EasterBunnyPaw","origin":[8,8,8],"color":0,"nbt":"{}","armAnimationEnabled":false,"children":[0,1,2]}]}