{"credit":"MadewithBlockbench","ambientocclusion":false,"texture_size":[32,32],"textures":{"1":"cosmetics/easter_cosmetics"},"elements":[{"from":[6,0,6],"to":[10,4,10],"faces":{"north":{"uv":[4,7.5,6,9.5],"texture":"#1"},"east":{"uv":[8,0,10,2],"texture":"#1"},"south":{"uv":[6,8,8,10],"texture":"#1"},"west":{"uv":[8,8,10,10],"texture":"#1"},"up":{"uv":[10.5,6,8.5,4],"texture":"#1"},"down":{"uv":[10.5,6,8.5,8],"texture":"#1"}}}],"display":{"gui":{"rotation":[23,30,0],"translation":[0,5,0]},"head":{"translation":[0,-48,6.25],"scale":[1.5,1.5,1.5]}},"groups":[{"name":"HMC_EasterBunnyTail","origin":[8,8,8],"color":0,"nbt":"{}","armAnimationEnabled":false,"children":[0]}]}