{"credit":"MadewithBlockbench","texture_size":[32,32],"textures":{"0":"cosmetics/flower_hat","particle":"cosmetics/flower_hat"},"elements":[{"from":[3,0.8,3],"to":[3,3.8,13],"rotation":{"angle":0,"axis":"y","origin":[0,0,16]},"faces":{"north":{"uv":[5,0.5,10,2],"texture":"#0"},"east":{"uv":[5,2.5,10,4],"texture":"#0"},"south":{"uv":[5,4.5,10,6],"texture":"#0"},"west":{"uv":[5,6.5,10,8],"texture":"#0"},"up":{"uv":[5,5,0,0],"texture":"#0"},"down":{"uv":[5,5,0,10],"texture":"#0"}}},{"from":[13,0.8,3],"to":[13,3.8,13],"rotation":{"angle":0,"axis":"y","origin":[16,0,16]},"faces":{"north":{"uv":[10,0.5,5,2],"texture":"#0"},"east":{"uv":[10,6.5,5,8],"texture":"#0"},"south":{"uv":[10,4.5,5,6],"texture":"#0"},"west":{"uv":[10,2.5,5,4],"texture":"#0"},"up":{"uv":[0,5,5,0],"texture":"#0"},"down":{"uv":[0,5,5,10],"texture":"#0"}}},{"from":[3,0.8,13],"to":[13,3.8,13],"rotation":{"angle":0,"axis":"y","origin":[8,0,8]},"faces":{"north":{"uv":[10,2.5,5,4],"texture":"#0"},"east":{"uv":[10,0.5,5,2],"texture":"#0"},"south":{"uv":[10,6.5,5,8],"texture":"#0"},"west":{"uv":[10,4.5,5,6],"texture":"#0"},"up":{"uv":[0,5,5,0],"rotation":90,"texture":"#0"},"down":{"uv":[0,5,5,10],"rotation":270,"texture":"#0"}}},{"from":[3,0.8,3],"to":[13,3.8,3],"rotation":{"angle":0,"axis":"y","origin":[8,0,8]},"faces":{"north":{"uv":[5,6.5,10,8],"texture":"#0"},"east":{"uv":[5,0.5,10,2],"texture":"#0"},"south":{"uv":[5,2.5,10,4],"texture":"#0"},"west":{"uv":[5,4.5,10,6],"texture":"#0"},"up":{"uv":[5,5,0,0],"rotation":90,"texture":"#0"},"down":{"uv":[5,5,0,10],"rotation":270,"texture":"#0"}}},{"from":[8,0,2.75],"to":[12,4,2.75],"rotation":{"angle":0,"axis":"y","origin":[0,0,16]},"faces":{"north":{"uv":[5,8,7,10],"texture":"#0"},"east":{"uv":[0,0,0,2],"texture":"#0"},"south":{"uv":[0,0,2,2],"texture":"#0"},"west":{"uv":[0,0,0,2],"texture":"#0"},"up":{"uv":[2,0,0,0],"texture":"#0"},"down":{"uv":[2,0,0,0],"texture":"#0"}}},{"from":[2.7,1.6,2.75],"to":[6.7,5.6,2.75],"rotation":{"angle":0,"axis":"y","origin":[0,0,16]},"faces":{"north":{"uv":[9,8,11,10],"texture":"#0"},"east":{"uv":[0,0,0,2],"texture":"#0"},"south":{"uv":[0,0,2,2],"texture":"#0"},"west":{"uv":[0,0,0,2],"texture":"#0"},"up":{"uv":[2,0,0,0],"texture":"#0"},"down":{"uv":[2,0,0,0],"texture":"#0"}}},{"from":[13.25,-0.6,3.6],"to":[13.25,3.4,7.6],"rotation":{"angle":0,"axis":"y","origin":[0,0,16]},"faces":{"north":{"uv":[0,0,0,2],"texture":"#0"},"east":{"uv":[10,0,12,2],"texture":"#0"},"south":{"uv":[0,0,0,2],"texture":"#0"},"west":{"uv":[0,0,2,2],"texture":"#0"},"up":{"uv":[0,2,0,0],"texture":"#0"},"down":{"uv":[0,0,0,2],"texture":"#0"}}},{"from":[13.25,1,9],"to":[13.25,5,13],"rotation":{"angle":0,"axis":"y","origin":[0,0,16]},"faces":{"north":{"uv":[0,0,0,2],"texture":"#0"},"east":{"uv":[10,2,12,4],"texture":"#0"},"south":{"uv":[0,0,0,2],"texture":"#0"},"west":{"uv":[0,0,0,2],"texture":"#0"},"up":{"uv":[0,2,0,0],"texture":"#0"},"down":{"uv":[0,0,0,2],"texture":"#0"}}},{"from":[3.7,0.1,13.25],"to":[7.7,4.1,13.25],"rotation":{"angle":0,"axis":"y","origin":[0,0,16]},"faces":{"north":{"uv":[0,0,2,2],"texture":"#0"},"east":{"uv":[0,0,0,2],"texture":"#0"},"south":{"uv":[6,10,8,12],"texture":"#0"},"west":{"uv":[0,0,0,2],"texture":"#0"},"up":{"uv":[2,0,0,0],"texture":"#0"},"down":{"uv":[2,0,0,0],"texture":"#0"}}},{"from":[9,1,13.25],"to":[13,5,13.25],"rotation":{"angle":0,"axis":"y","origin":[0,0,16]},"faces":{"north":{"uv":[0,0,2,2],"texture":"#0"},"east":{"uv":[0,0,0,2],"texture":"#0"},"south":{"uv":[8,10,10,12],"texture":"#0"},"west":{"uv":[0,0,0,2],"texture":"#0"},"up":{"uv":[2,0,0,0],"texture":"#0"},"down":{"uv":[2,0,0,0],"texture":"#0"}}},{"from":[2.75,1,8],"to":[2.75,5,12],"rotation":{"angle":0,"axis":"y","origin":[0,0,16]},"faces":{"north":{"uv":[0,0,0,2],"texture":"#0"},"east":{"uv":[0,0,2,2],"texture":"#0"},"south":{"uv":[0,0,0,2],"texture":"#0"},"west":{"uv":[11,8,13,10],"texture":"#0"},"up":{"uv":[0,2,0,0],"texture":"#0"},"down":{"uv":[0,0,0,2],"texture":"#0"}}},{"from":[2.75,-0.7,2.2],"to":[2.75,3.3,6.2],"rotation":{"angle":0,"axis":"y","origin":[0,0,16]},"faces":{"north":{"uv":[0,0,0,2],"texture":"#0"},"east":{"uv":[0,0,2,2],"texture":"#0"},"south":{"uv":[0,0,0,2],"texture":"#0"},"west":{"uv":[12,0,14,2],"texture":"#0"},"up":{"uv":[0,2,0,0],"texture":"#0"},"down":{"uv":[0,0,0,2],"texture":"#0"}}}],"display":{"thirdperson_righthand":{"rotation":[61,0,0],"translation":[0,0,3.25],"scale":[0.6,0.6,0.6]},"thirdperson_lefthand":{"rotation":[61,0,0],"translation":[0,0,3.25],"scale":[0.6,0.6,0.6]},"firstperson_righthand":{"translation":[0,5,0]},"firstperson_lefthand":{"translation":[0,5,0]},"ground":{"translation":[0,-0.75,0],"scale":[0.6,0.6,0.6]},"gui":{"rotation":[32,127,0],"translation":[0,2.25,0],"scale":[0.6,0.6,0.6]},"head":{"translation":[0,12.5,0.25],"scale":[1.5,1.5,1.5]},"fixed":{"rotation":[-90,0,0],"translation":[0,0,-13],"scale":[2,2,2]}},"groups":[{"name":"flower_hat","origin":[8,8,8],"color":0,"children":[0,1,2,3,4,5,6,7,8,9,10,11]}]}