{"credit":"MadewithBlockbench","ambientocclusion":false,"texture_size":[32,32],"textures":{"0":"cosmetics/frog_hat_new","particle":"cosmetics/frog_hat_new"},"elements":[{"from":[1,17.5,-2],"to":[15,17.5,8],"rotation":{"angle":-22.5,"axis":"x","origin":[8,17.5,8]},"faces":{"north":{"uv":[0,0,7,0],"texture":"#0"},"east":{"uv":[0,0,5,0],"texture":"#0"},"south":{"uv":[0,0,7,0],"texture":"#0"},"west":{"uv":[0,0,5,0],"texture":"#0"},"up":{"uv":[7,5,0,0],"texture":"#0"},"down":{"uv":[7,0,0,5],"texture":"#0"}}},{"from":[8,17.5,1],"to":[18,17.5,15],"rotation":{"angle":-22.5,"axis":"z","origin":[8,17.5,8]},"faces":{"north":{"uv":[0,0,5,0],"texture":"#0"},"east":{"uv":[0,0,7,0],"texture":"#0"},"south":{"uv":[0,0,5,0],"texture":"#0"},"west":{"uv":[0,0,7,0],"texture":"#0"},"up":{"uv":[7,5,0,0],"rotation":90,"texture":"#0"},"down":{"uv":[7,0,0,5],"rotation":270,"texture":"#0"}}},{"from":[-2,17.5,1],"to":[8,17.5,15],"rotation":{"angle":22.5,"axis":"z","origin":[8,17.5,8]},"faces":{"north":{"uv":[0,0,5,0],"texture":"#0"},"east":{"uv":[0,0,7,0],"texture":"#0"},"south":{"uv":[0,0,5,0],"texture":"#0"},"west":{"uv":[0,0,7,0],"texture":"#0"},"up":{"uv":[0,0,7,5],"rotation":90,"texture":"#0"},"down":{"uv":[0,5,7,0],"rotation":270,"texture":"#0"}}},{"from":[1,17.5,8],"to":[15,17.5,18],"rotation":{"angle":22.5,"axis":"x","origin":[8,17.5,8]},"faces":{"north":{"uv":[0,0,7,0],"texture":"#0"},"east":{"uv":[0,0,5,0],"texture":"#0"},"south":{"uv":[0,0,7,0],"texture":"#0"},"west":{"uv":[0,0,5,0],"texture":"#0"},"up":{"uv":[0,0,7,5],"texture":"#0"},"down":{"uv":[0,5,7,0],"texture":"#0"}}},{"from":[3,15.4,3],"to":[13,19.4,13],"faces":{"north":{"uv":[0,10,5,12],"texture":"#0"},"east":{"uv":[5,10,10,12],"texture":"#0"},"south":{"uv":[10,10,15,12],"texture":"#0"},"west":{"uv":[0,12,5,14],"texture":"#0"},"up":{"uv":[12,5,7,0],"texture":"#0"},"down":{"uv":[12,5,7,10],"texture":"#0"}}},{"from":[10,19.4,7],"to":[13,21.4,9],"faces":{"north":{"uv":[12,0,13.5,1],"texture":"#0"},"east":{"uv":[6.5,12,7.5,13],"texture":"#0"},"south":{"uv":[12,1,13.5,2],"texture":"#0"},"west":{"uv":[12,7,13,8],"texture":"#0"},"up":{"uv":[13.5,3,12,2],"texture":"#0"},"down":{"uv":[13.5,3,12,4],"texture":"#0"}}},{"from":[3,19.4,7],"to":[6,21.4,9],"rotation":{"angle":0,"axis":"y","origin":[16,0,0]},"faces":{"north":{"uv":[12,4,13.5,5],"texture":"#0"},"east":{"uv":[7.5,12,8.5,13],"texture":"#0"},"south":{"uv":[5,12,6.5,13],"texture":"#0"},"west":{"uv":[12,8,13,9],"texture":"#0"},"up":{"uv":[13.5,6,12,5],"texture":"#0"},"down":{"uv":[13.5,6,12,7],"texture":"#0"}}}],"display":{"thirdperson_righthand":{"translation":[0,-6.75,0],"scale":[0.6,0.6,0.6]},"thirdperson_lefthand":{"translation":[0,-6.75,0],"scale":[0.6,0.6,0.6]},"firstperson_righthand":{"rotation":[0,111,0],"translation":[0,-5.5,0]},"firstperson_lefthand":{"rotation":[0,111,0],"translation":[0,-5.5,0]},"ground":{"translation":[0,-9.25,0]},"gui":{"rotation":[20,162,0],"translation":[0,-6.25,0],"scale":[0.7,0.7,0.7]},"head":{"translation":[0,-6,0],"scale":[1.5,1.5,1.5]},"fixed":{"rotation":[-90,0,0],"translation":[0,0,9],"scale":[1.5,1.5,1.5]}},"groups":[{"name":"HMC_FrogHat","origin":[8,8,8],"color":0,"nbt":"{}","armAnimationEnabled":false,"children":[0,1,2,3,4,5,6]}]}