{"credit":"MadewithBlockbench","texture_size":[48,48],"textures":{"1":"cosmetics/frog_hat","particle":"cosmetics/frog_hat"},"elements":[{"from":[2,5,2],"to":[14,9,14],"rotation":{"angle":0,"axis":"y","origin":[2,5,-3]},"faces":{"north":{"uv":[7.33333,6.66667,11.33333,8],"texture":"#1"},"east":{"uv":[0,8,4,9.33333],"texture":"#1"},"south":{"uv":[4,8,8,9.33333],"texture":"#1"},"west":{"uv":[8,8,12,9.33333],"texture":"#1"},"up":{"uv":[4,4,0,0],"texture":"#1"},"down":{"uv":[4,4,0,8],"texture":"#1"}}},{"from":[9,9,6],"to":[15,13,10],"rotation":{"angle":0,"axis":"y","origin":[2,5,-3]},"faces":{"north":{"uv":[0,9.33333,2,10.66667],"texture":"#1"},"east":{"uv":[11.33333,5.33333,12.66667,6.66667],"texture":"#1"},"south":{"uv":[2,9.33333,4,10.66667],"texture":"#1"},"west":{"uv":[11.33333,6.66667,12.66667,8],"texture":"#1"},"up":{"uv":[6,10.66667,4,9.33333],"texture":"#1"},"down":{"uv":[8,9.33333,6,10.66667],"texture":"#1"}}},{"from":[1,9,6],"to":[7,13,10],"rotation":{"angle":0,"axis":"y","origin":[14,5,-3]},"faces":{"north":{"uv":[8,9.33333,10,10.66667],"texture":"#1"},"east":{"uv":[0,12,1.33333,13.33333],"texture":"#1"},"south":{"uv":[10,9.33333,12,10.66667],"texture":"#1"},"west":{"uv":[1.33333,12,2.66667,13.33333],"texture":"#1"},"up":{"uv":[2,12,0,10.66667],"texture":"#1"},"down":{"uv":[4,10.66667,2,12],"texture":"#1"}}},{"from":[-3,5,2],"to":[2,5,14],"rotation":{"angle":45,"axis":"z","origin":[2,5,8]},"faces":{"north":{"uv":[0,0,1.66667,0],"texture":"#1"},"east":{"uv":[0,0,4,0],"texture":"#1"},"south":{"uv":[0,0,1.66667,0],"texture":"#1"},"west":{"uv":[0,0,4,0],"texture":"#1"},"up":{"uv":[5.66667,4,4,0],"texture":"#1"},"down":{"uv":[5.66667,0,4,4],"texture":"#1"}}},{"from":[18,1,1],"to":[18,5,7],"rotation":{"angle":45,"axis":"y","origin":[14,5,8]},"faces":{"north":{"uv":[0,0,0,1.33333],"texture":"#1"},"east":{"uv":[4,10.66667,6,12],"texture":"#1"},"south":{"uv":[0,0,0,1.33333],"texture":"#1"},"west":{"uv":[4,10.66667,6,12],"texture":"#1"},"up":{"uv":[0,2,0,0],"texture":"#1"},"down":{"uv":[0,0,0,2],"texture":"#1"}}},{"from":[-2,1,1],"to":[-2,5,7],"rotation":{"angle":-45,"axis":"y","origin":[2,5,8]},"faces":{"north":{"uv":[0,0,0,1.33333],"texture":"#1"},"east":{"uv":[4,10.66667,6,12],"texture":"#1"},"south":{"uv":[0,0,0,1.33333],"texture":"#1"},"west":{"uv":[10,10.66667,12,12],"texture":"#1"},"up":{"uv":[0,2,0,0],"texture":"#1"},"down":{"uv":[0,0,0,2],"texture":"#1"}}},{"from":[-2,1,9],"to":[-2,5,15],"rotation":{"angle":45,"axis":"y","origin":[2,5,8]},"faces":{"north":{"uv":[0,0,0,1.33333],"texture":"#1"},"east":{"uv":[10,10.66667,12,12],"texture":"#1"},"south":{"uv":[0,0,0,1.33333],"texture":"#1"},"west":{"uv":[11.33333,1.33333,13.33333,2.66667],"texture":"#1"},"up":{"uv":[0,2,0,0],"texture":"#1"},"down":{"uv":[0,0,0,2],"texture":"#1"}}},{"from":[18,1,9],"to":[18,5,15],"rotation":{"angle":-45,"axis":"y","origin":[14,5,8]},"faces":{"north":{"uv":[0,0,0,1.33333],"texture":"#1"},"east":{"uv":[11.33333,2.66667,13.33333,4],"texture":"#1"},"south":{"uv":[0,0,0,1.33333],"texture":"#1"},"west":{"uv":[10,10.66667,12,12],"texture":"#1"},"up":{"uv":[0,2,0,0],"texture":"#1"},"down":{"uv":[0,0,0,2],"texture":"#1"}}},{"from":[14,5,2],"to":[19,5,14],"rotation":{"angle":-45,"axis":"z","origin":[14,5,8]},"faces":{"north":{"uv":[0,0,1.66667,0],"texture":"#1"},"east":{"uv":[0,0,4,0],"texture":"#1"},"south":{"uv":[0,0,1.66667,0],"texture":"#1"},"west":{"uv":[0,0,4,0],"texture":"#1"},"up":{"uv":[7.33333,4,5.66667,0],"texture":"#1"},"down":{"uv":[7.33333,0,5.66667,4],"texture":"#1"}}},{"from":[2,5,-3],"to":[14,5,2],"rotation":{"angle":-45,"axis":"x","origin":[9,5,2]},"faces":{"north":{"uv":[0,0,4,0],"texture":"#1"},"east":{"uv":[0,0,1.66667,0],"texture":"#1"},"south":{"uv":[0,0,4,0],"texture":"#1"},"west":{"uv":[0,0,1.66667,0],"texture":"#1"},"up":{"uv":[11.33333,1.66667,7.33333,0],"texture":"#1"},"down":{"uv":[11.33333,0,7.33333,1.66667],"texture":"#1"}}},{"from":[2,5,14],"to":[14,5,19],"rotation":{"angle":45,"axis":"x","origin":[9,5,14]},"faces":{"north":{"uv":[0,0,4,0],"texture":"#1"},"east":{"uv":[0,0,1.66667,0],"texture":"#1"},"south":{"uv":[0,0,4,0],"texture":"#1"},"west":{"uv":[0,0,1.66667,0],"texture":"#1"},"up":{"uv":[11.33333,5,7.33333,3.33333],"texture":"#1"},"down":{"uv":[11.33333,3.33333,7.33333,5],"texture":"#1"}}}],"display":{"thirdperson_righthand":{"translation":[0,2,0],"scale":[0.55,0.55,0.55]},"thirdperson_lefthand":{"translation":[0,2,0],"scale":[0.55,0.55,0.55]},"firstperson_righthand":{"translation":[0,2,0],"scale":[0.55,0.55,0.55]},"firstperson_lefthand":{"translation":[0,2,0],"scale":[0.55,0.55,0.55]},"ground":{"translation":[0,0.5,0],"scale":[0.7,0.7,0.7]},"gui":{"rotation":[0,160,0],"scale":[0.8,0.8,0.8]},"head":{"translation":[0,11,0.30],"scale":[1.15,1.15,1.15]}},"groups":[{"name":"H_FrogHat","origin":[8,8,8],"color":0,"children":[0,1,2,3,4,5,6,7,8,9,10]}]}