{"credit":"MadewithBlockbench","texture_size":[32,32],"textures":{"1":"cosmetics/golden_wine_glass_cosmetic","particle":"cosmetics/golden_wine_glass_cosmetic"},"elements":[{"from":[5,0,6],"to":[10,1,11],"faces":{"north":{"uv":[3,10.5,5.5,11],"texture":"#1"},"east":{"uv":[10.5,4.5,13,5],"texture":"#1"},"south":{"uv":[11,0,13.5,0.5],"texture":"#1"},"west":{"uv":[11,0.5,13.5,1],"texture":"#1"},"up":{"uv":[10.5,5,8,2.5],"texture":"#1"},"down":{"uv":[5.5,8,3,10.5],"texture":"#1"}}},{"from":[6.5,1,7.5],"to":[8.5,7,9.5],"faces":{"north":{"uv":[9,5,10,8],"texture":"#1"},"east":{"uv":[9,8,10,11],"texture":"#1"},"south":{"uv":[10,5,11,8],"texture":"#1"},"west":{"uv":[5.5,10,6.5,13],"texture":"#1"},"up":{"uv":[10,6,9,5],"texture":"#1"},"down":{"uv":[10,8,9,9],"texture":"#1"}}},{"from":[4.5,9,4.5],"to":[10.5,14,5.5],"faces":{"north":{"uv":[6,5,9,7.5],"texture":"#1"},"east":{"uv":[8.5,10,9,12.5],"texture":"#1"},"south":{"uv":[6,7.5,9,10],"texture":"#1"},"west":{"uv":[3,11,3.5,13.5],"texture":"#1"},"up":{"uv":[13.5,3,10.5,2.5],"texture":"#1"},"down":{"uv":[13.5,3,10.5,3.5],"texture":"#1"}}},{"from":[4.5,9,11.5],"to":[10.5,14,12.5],"faces":{"north":{"uv":[0,8,3,10.5],"texture":"#1"},"east":{"uv":[11,5,11.5,7.5],"texture":"#1"},"south":{"uv":[8,0,11,2.5],"texture":"#1"},"west":{"uv":[9,11,9.5,13.5],"texture":"#1"},"up":{"uv":[13.5,4,10.5,3.5],"texture":"#1"},"down":{"uv":[13.5,4,10.5,4.5],"texture":"#1"}}},{"from":[3.5,9,4.5],"to":[4.5,14,12.5],"faces":{"north":{"uv":[4.5,11,5,13.5],"texture":"#1"},"east":{"uv":[4,0,8,2.5],"texture":"#1"},"south":{"uv":[5,11,5.5,13.5],"texture":"#1"},"west":{"uv":[4,2.5,8,5],"texture":"#1"},"up":{"uv":[8,14,7.5,10],"texture":"#1"},"down":{"uv":[8.5,10,8,14],"texture":"#1"}}},{"from":[10.5,9,4.5],"to":[11.5,14,12.5],"faces":{"north":{"uv":[3.5,11,4,13.5],"texture":"#1"},"east":{"uv":[0,0,4,2.5],"texture":"#1"},"south":{"uv":[4,11,4.5,13.5],"texture":"#1"},"west":{"uv":[0,2.5,4,5],"texture":"#1"},"up":{"uv":[7,14,6.5,10],"texture":"#1"},"down":{"uv":[7.5,10,7,14],"texture":"#1"}}},{"from":[4.5,7,5.5],"to":[10.5,9,11.5],"faces":{"north":{"uv":[10,8,13,9],"texture":"#1"},"east":{"uv":[10,9,13,10],"texture":"#1"},"south":{"uv":[10,10,13,11],"texture":"#1"},"west":{"uv":[0,10.5,3,11.5],"texture":"#1"},"up":{"uv":[3,8,0,5],"texture":"#1"},"down":{"uv":[6,5,3,8],"texture":"#1"}}}],"gui_light":"front","display":{"thirdperson_righthand":{"translation":[0,0.5,0],"scale":[0.65,0.65,0.65]},"thirdperson_lefthand":{"translation":[0,0.5,0],"scale":[0.65,0.65,0.65]},"firstperson_righthand":{"translation":[0,0.5,0],"scale":[0.65,0.65,0.65]},"firstperson_lefthand":{"translation":[0,0.5,0],"scale":[0.65,0.65,0.65]},"ground":{"translation":[0,5.25,0]},"gui":{"rotation":[30,225,0],"scale":[0.625,0.625,0.625]}}}