{"credit":"MadewithBlockbench","texture_size":[64,64],"textures":{"2":"cosmetics/grim_reaper_wings","particle":"cosmetics/grim_reaper_wings"},"elements":[{"from":[9.20804,11.63707,2.19],"to":[20.40804,21.23707,2.19],"rotation":{"angle":22.5,"axis":"z","origin":[14.80804,16.43707,2.11]},"faces":{"north":{"uv":[0,5,2.75,7.5],"texture":"#2"},"east":{"uv":[0,0,0,2.5],"texture":"#2"},"south":{"uv":[2.75,5,5.5,7.5],"texture":"#2"},"west":{"uv":[0,0,0,2.5],"texture":"#2"},"up":{"uv":[2.75,0,0,0],"texture":"#2"},"down":{"uv":[2.75,0,0,0],"texture":"#2"}}},{"from":[15.45546,12.55551,2.11],"to":[29.85546,22.15551,2.11],"rotation":{"angle":-22.5,"axis":"z","origin":[18.95994,15.82477,2.11]},"faces":{"north":{"uv":[0,0,3.5,2.5],"texture":"#2"},"east":{"uv":[0,0,0,2.5],"texture":"#2"},"south":{"uv":[0,2.5,3.5,5],"texture":"#2"},"west":{"uv":[0,0,0,2.5],"texture":"#2"},"up":{"uv":[3.5,0,0,0],"texture":"#2"},"down":{"uv":[3.5,0,0,0],"texture":"#2"}}},{"from":[-4.40804,11.63707,2.19],"to":[6.79196,21.23707,2.19],"rotation":{"angle":-22.5,"axis":"z","origin":[1.19196,16.43707,2.11]},"faces":{"north":{"uv":[5.5,5,8.25,7.5],"texture":"#2"},"east":{"uv":[0,0,0,2.5],"texture":"#2"},"south":{"uv":[7,0,9.75,2.5],"texture":"#2"},"west":{"uv":[0,0,0,2.5],"texture":"#2"},"up":{"uv":[2.75,0,0,0],"texture":"#2"},"down":{"uv":[2.75,0,0,0],"texture":"#2"}}},{"from":[-14.2,11.22618,2.11],"to":[0.2,20.82618,2.11],"rotation":{"angle":22.5,"axis":"z","origin":[-6.47369,16.02618,1.79]},"faces":{"north":{"uv":[3.5,0,7,2.5],"texture":"#2"},"east":{"uv":[0,0,0,2.5],"texture":"#2"},"south":{"uv":[3.5,2.5,7,5],"texture":"#2"},"west":{"uv":[0,0,0,2.5],"texture":"#2"},"up":{"uv":[3.5,0,0,0],"texture":"#2"},"down":{"uv":[3.5,0,0,0],"texture":"#2"}}}],"display":{"thirdperson_righthand":{"rotation":[75,45,0],"translation":[0,2.5,0],"scale":[0.375,0.375,0.375]},"thirdperson_lefthand":{"rotation":[75,45,0],"translation":[0,2.5,0],"scale":[0.375,0.375,0.375]},"firstperson_righthand":{"rotation":[-180,52.75,-180],"scale":[0.4,0.4,0.4]},"firstperson_lefthand":{"rotation":[-180,52.75,-180],"scale":[0.4,0.4,0.4]},"ground":{"translation":[0,3,0],"scale":[0.25,0.25,0.25]},"gui":{"rotation":[30,225,0],"translation":[-1.75,-1.5,0],"scale":[0.4,0.4,0.4]},"head":{"translation":[0,-65.25,15.75],"scale":[1.9,1.9,1.9]}},"groups":[{"name":"body","origin":[0,24,0],"color":0,"nbt":"{}","armAnimationEnabled":false,"children":[{"name":"wing_right","origin":[0.3,22.9,2.1],"color":0,"nbt":"{}","armAnimationEnabled":false,"children":[0,{"name":"wing_right_2","origin":[13.2,28.2,2.1],"color":0,"nbt":"{}","armAnimationEnabled":false,"children":[1]}]},{"name":"wing_right","origin":[0.3,22.9,2.1],"color":0,"nbt":"{}","armAnimationEnabled":false,"children":[2,{"name":"wing_right_2","origin":[13.2,28.2,2.1],"color":0,"nbt":"{}","armAnimationEnabled":false,"children":[3]}]}]}]}