{"credit":"MadewithBlockbench","texture_size":[32,32],"textures":{"0":"cosmetics/headphones","particle":"cosmetics/headphones"},"elements":[{"from":[-2,0,6],"to":[2,5,10],"faces":{"north":{"uv":[0,4,2,6.5],"texture":"#0","tintindex":0},"east":{"uv":[2,4,4,6.5],"texture":"#0","tintindex":0},"south":{"uv":[4,4,6,6.5],"texture":"#0","tintindex":0},"west":{"uv":[6,0,8,2.5],"texture":"#0","tintindex":0},"up":{"uv":[6,8.5,4,6.5],"texture":"#0","tintindex":0},"down":{"uv":[8,7.5,6,9.5],"texture":"#0","tintindex":0}}},{"from":[14,0,6],"to":[18,5,10],"rotation":{"angle":0,"axis":"y","origin":[16,0,0]},"faces":{"north":{"uv":[6,2.5,8,5],"texture":"#0","tintindex":0},"east":{"uv":[6,5,8,7.5],"texture":"#0","tintindex":0},"south":{"uv":[0,6.5,2,9],"texture":"#0","tintindex":0},"west":{"uv":[2,6.5,4,9],"texture":"#0","tintindex":0},"up":{"uv":[10,2,8,0],"texture":"#0","tintindex":0},"down":{"uv":[10,2,8,4],"texture":"#0","tintindex":0}}},{"from":[14,5,7],"to":[16,11,9],"rotation":{"angle":0,"axis":"y","origin":[16,0,0]},"faces":{"north":{"uv":[8,4,9,7],"texture":"#0","tintindex":0},"east":{"uv":[8,7,9,10],"texture":"#0","tintindex":0},"south":{"uv":[4,8.5,5,11.5],"texture":"#0","tintindex":0},"west":{"uv":[5,8.5,6,11.5],"texture":"#0","tintindex":0},"up":{"uv":[10,5,9,4],"texture":"#0","tintindex":0},"down":{"uv":[10,5,9,6],"texture":"#0","tintindex":0}}},{"from":[0,5,7],"to":[2,11,9],"faces":{"north":{"uv":[0,9,1,12],"texture":"#0","tintindex":0},"east":{"uv":[1,9,2,12],"texture":"#0","tintindex":0},"south":{"uv":[2,9,3,12],"texture":"#0","tintindex":0},"west":{"uv":[3,9,4,12],"texture":"#0","tintindex":0},"up":{"uv":[10,7,9,6],"texture":"#0","tintindex":0},"down":{"uv":[10,7,9,8],"texture":"#0","tintindex":0}}},{"from":[2,9,7],"to":[14,11,9],"faces":{"north":{"uv":[0,0,6,1],"texture":"#0","tintindex":0},"east":{"uv":[9,8,10,9],"texture":"#0","tintindex":0},"south":{"uv":[0,1,6,2],"texture":"#0","tintindex":0},"west":{"uv":[9,9,10,10],"texture":"#0","tintindex":0},"up":{"uv":[6,3,0,2],"texture":"#0","tintindex":0},"down":{"uv":[6,3,0,4],"texture":"#0","tintindex":0}}}],"display":{"thirdperson_righthand":{"rotation":[0,0,41],"scale":[0.6,0.6,0.6]},"thirdperson_lefthand":{"rotation":[0,0,41],"scale":[0.6,0.6,0.6]},"ground":{"scale":[0.6,0.6,0.6]},"gui":{"rotation":[40,129,0],"translation":[0.75,2.5,0],"scale":[0.7,0.7,0.7]},"head":{"translation":[0,5.5,0]},"fixed":{"rotation":[-90,0,0],"translation":[0,1.5,-15],"scale":[2,2,2]}},"groups":[{"name":"Hibiscus_Headphones","origin":[8,8,8],"color":0,"children":[0,1,2,3,4]}]}