{"credit":"MadewithBlockbench","textures":{"0":"cosmetics/ice_cream_cone_cosmetic","particle":"cosmetics/ice_cream_cone_cosmetic"},"elements":[{"from":[6.5,0.27396,6.62271],"to":[9.5,5.27396,6.62271],"rotation":{"angle":-22.5,"axis":"x","origin":[8,4.59904,8]},"faces":{"north":{"uv":[0,0,3,4],"texture":"#0"},"east":{"uv":[0,0,0,4],"texture":"#0"},"south":{"uv":[0,0,3,4],"texture":"#0"},"west":{"uv":[0,0,0,4],"texture":"#0"},"up":{"uv":[3,0,0,0],"texture":"#0"},"down":{"uv":[3,0,0,0],"texture":"#0"}}},{"from":[9.37729,0.27396,6.5],"to":[9.37729,5.27396,9.5],"rotation":{"angle":-22.5,"axis":"z","origin":[8,4.59904,8]},"faces":{"north":{"uv":[0,0,0,4],"texture":"#0"},"east":{"uv":[0,0,3,4],"texture":"#0"},"south":{"uv":[0,0,0,4],"texture":"#0"},"west":{"uv":[0,0,3,4],"texture":"#0"},"up":{"uv":[3,0,0,0],"rotation":90,"texture":"#0"},"down":{"uv":[3,0,0,0],"rotation":270,"texture":"#0"}}},{"from":[6.62271,0.27396,6.5],"to":[6.62271,5.27396,9.5],"rotation":{"angle":22.5,"axis":"z","origin":[8,4.59904,8]},"faces":{"north":{"uv":[0,0,0,4],"texture":"#0"},"east":{"uv":[0,0,3,4],"texture":"#0"},"south":{"uv":[0,0,0,4],"texture":"#0"},"west":{"uv":[0,0,3,4],"texture":"#0"},"up":{"uv":[0,0,3,0],"rotation":90,"texture":"#0"},"down":{"uv":[0,0,3,0],"rotation":270,"texture":"#0"}}},{"from":[6.5,0.27396,9.37729],"to":[9.5,5.27396,9.37729],"rotation":{"angle":22.5,"axis":"x","origin":[8,4.59904,8]},"faces":{"north":{"uv":[0,0,3,4],"texture":"#0"},"east":{"uv":[0,0,0,4],"texture":"#0"},"south":{"uv":[0,0,3,4],"texture":"#0"},"west":{"uv":[0,0,0,4],"texture":"#0"},"up":{"uv":[0,0,3,0],"texture":"#0"},"down":{"uv":[0,0,3,0],"texture":"#0"}}},{"from":[6.85,6.55,6.85],"to":[9.65,8.55,9.65],"rotation":{"angle":0,"axis":"y","origin":[8,4.59904,8]},"faces":{"north":{"uv":[6,0,9,2],"texture":"#0"},"east":{"uv":[6,2,9,4],"texture":"#0"},"south":{"uv":[6,4,9,6],"texture":"#0"},"west":{"uv":[6,6,9,8],"texture":"#0"},"up":{"uv":[3,7,0,4],"texture":"#0"},"down":{"uv":[6,4,3,7],"texture":"#0"}}},{"from":[6.35,8.55,6.35],"to":[9.15,10.55,9.15],"rotation":{"angle":0,"axis":"y","origin":[8,4.59904,8]},"faces":{"north":{"uv":[6,4,9,6],"texture":"#0","tintindex":0},"east":{"uv":[6,6,9,8],"texture":"#0","tintindex":0},"south":{"uv":[6,0,9,2],"texture":"#0","tintindex":0},"west":{"uv":[6,2,9,4],"texture":"#0","tintindex":0},"up":{"uv":[0,4,3,7],"texture":"#0","tintindex":0},"down":{"uv":[3,7,6,4],"texture":"#0","tintindex":0}}},{"from":[6.6,4.55,6.6],"to":[9.4,6.55,9.4],"rotation":{"angle":0,"axis":"y","origin":[8,4.59904,8]},"faces":{"north":{"uv":[6,0,9,2],"texture":"#0","tintindex":0},"east":{"uv":[6,2,9,4],"texture":"#0","tintindex":0},"south":{"uv":[6,4,9,6],"texture":"#0","tintindex":0},"west":{"uv":[6,6,9,8],"texture":"#0","tintindex":0},"up":{"uv":[3,7,0,4],"texture":"#0","tintindex":0},"down":{"uv":[6,4,3,7],"texture":"#0","tintindex":0}}}],"display":{"thirdperson_righthand":{"rotation":[71,0,0],"translation":[0,2.5,7.5],"scale":[1.3,1.3,1.3]},"thirdperson_lefthand":{"rotation":[71,0,0],"translation":[0,2.5,7.5],"scale":[1.3,1.3,1.3]},"firstperson_righthand":{"rotation":[-7,0,0],"translation":[-1.75,2.5,1.75],"scale":[1.3,1.3,1.3]},"firstperson_lefthand":{"rotation":[-7,0,0],"translation":[-1.75,2.5,1.75],"scale":[1.3,1.3,1.3]},"gui":{"rotation":[20,-107,0],"translation":[0,3.25,0],"scale":[1.25,1.25,1.25]}},"groups":[{"name":"Hibiscus_IcecreamCone","origin":[8,8,8],"color":0,"children":[0,1,2,3,4,5,6]}]}