{"credit":"MadewithBlockbench","texture_size":[64,64],"textures":{"1":"cosmetics/jar_colors","3":"cosmetics/jar"},"elements":[{"from":[4,13,12],"to":[12,15,12],"faces":{"north":{"uv":[10,4,12,4.5],"texture":"#3"},"east":{"uv":[0,0,0,0.5],"texture":"#3"},"south":{"uv":[10,4.5,12,5],"texture":"#3"},"west":{"uv":[0,0,0,0.5],"texture":"#3"},"up":{"uv":[2,0,0,0],"texture":"#3"},"down":{"uv":[2,0,0,0],"texture":"#3"}}},{"from":[4,13,4],"to":[12,15,4],"faces":{"north":{"uv":[10,3,12,3.5],"texture":"#3"},"east":{"uv":[0,0,0,0.5],"texture":"#3"},"south":{"uv":[10,3.5,12,4],"texture":"#3"},"west":{"uv":[0,0,0,0.5],"texture":"#3"},"up":{"uv":[2,0,0,0],"texture":"#3"},"down":{"uv":[2,0,0,0],"texture":"#3"}}},{"from":[12,13,4],"to":[12,15,12],"faces":{"north":{"uv":[0,0,0,0.5],"texture":"#3"},"east":{"uv":[10,2,12,2.5],"texture":"#3"},"south":{"uv":[0,0,0,0.5],"texture":"#3"},"west":{"uv":[10,2.5,12,3],"texture":"#3"},"up":{"uv":[0,2,0,0],"texture":"#3"},"down":{"uv":[0,0,0,2],"texture":"#3"}}},{"from":[4,13,4],"to":[4,15,12],"faces":{"north":{"uv":[0,0,0,0.5],"texture":"#3"},"east":{"uv":[10,1,12,1.5],"texture":"#3"},"south":{"uv":[0,0,0,0.5],"texture":"#3"},"west":{"uv":[10,1.5,12,2],"texture":"#3"},"up":{"uv":[0,2,0,0],"texture":"#3"},"down":{"uv":[0,0,0,2],"texture":"#3"}}},{"from":[3,0,3],"to":[3,13,13],"faces":{"north":{"uv":[0,0,0,3.25],"texture":"#3"},"east":{"uv":[0,6.5,2.5,9.75],"texture":"#3"},"south":{"uv":[0,0,0,3.25],"texture":"#3"},"west":{"uv":[2.5,6.5,5,9.75],"texture":"#3"},"up":{"uv":[0,2.5,0,0],"texture":"#3"},"down":{"uv":[0,0,0,2.5],"texture":"#3"}}},{"from":[3,0,3],"to":[13,0,13],"faces":{"north":{"uv":[0,0,2.5,0],"texture":"#3"},"east":{"uv":[0,0,2.5,0],"texture":"#3"},"south":{"uv":[0,0,2.5,0],"texture":"#3"},"west":{"uv":[0,0,2.5,0],"texture":"#3"},"up":{"uv":[10,10,7.5,7.5],"texture":"#3"},"down":{"uv":[7.5,9,5,11.5],"texture":"#3"}}},{"from":[3,0,3],"to":[13,13,3],"faces":{"north":{"uv":[5,0,7.5,3.25],"texture":"#3"},"east":{"uv":[0,0,0,3.25],"texture":"#3"},"south":{"uv":[5,3.25,7.5,6.5],"texture":"#3"},"west":{"uv":[0,0,0,3.25],"texture":"#3"},"up":{"uv":[2.5,0,0,0],"texture":"#3"},"down":{"uv":[2.5,0,0,0],"texture":"#3"}}},{"from":[3,0,13],"to":[13,13,13],"faces":{"north":{"uv":[0,3.25,2.5,6.5],"texture":"#3"},"east":{"uv":[0,0,0,3.25],"texture":"#3"},"south":{"uv":[2.5,3.25,5,6.5],"texture":"#3"},"west":{"uv":[0,0,0,3.25],"texture":"#3"},"up":{"uv":[2.5,0,0,0],"texture":"#3"},"down":{"uv":[2.5,0,0,0],"texture":"#3"}}},{"from":[13,0,3],"to":[13,13,13],"faces":{"north":{"uv":[0,0,0,3.25],"texture":"#3"},"east":{"uv":[0,0,2.5,3.25],"texture":"#3"},"south":{"uv":[0,0,0,3.25],"texture":"#3"},"west":{"uv":[2.5,0,5,3.25],"texture":"#3"},"up":{"uv":[0,2.5,0,0],"texture":"#3"},"down":{"uv":[0,0,0,2.5],"texture":"#3"}}},{"from":[3.5,0.5,3.5],"to":[12.5,10.5,3.5],"faces":{"north":{"uv":[0,0,2.25,2.5],"texture":"#1","tintindex":0},"east":{"uv":[0,0,0,2.5],"texture":"#1","tintindex":0},"south":{"uv":[2.25,0,4.5,2.5],"texture":"#1","tintindex":0},"west":{"uv":[0,0,0,2.5],"texture":"#1","tintindex":0},"up":{"uv":[2.25,0,0,0],"texture":"#1","tintindex":0},"down":{"uv":[2.25,0,0,0],"texture":"#1","tintindex":0}}},{"from":[12.5,0.5,3.5],"to":[12.5,10.5,12.5],"faces":{"north":{"uv":[0,0,0,2.5],"texture":"#1","tintindex":0},"east":{"uv":[0,2.5,2.25,5],"texture":"#1","tintindex":0},"south":{"uv":[0,0,0,2.5],"texture":"#1","tintindex":0},"west":{"uv":[2.25,2.5,4.5,5],"texture":"#1","tintindex":0},"up":{"uv":[0,2.25,0,0],"texture":"#1","tintindex":0},"down":{"uv":[0,0,0,2.25],"texture":"#1","tintindex":0}}},{"from":[3.5,0.5,12.5],"to":[12.5,10.5,12.5],"faces":{"north":{"uv":[4.5,0,6.75,2.5],"texture":"#1","tintindex":0},"east":{"uv":[0,0,0,2.5],"texture":"#1","tintindex":0},"south":{"uv":[4.5,2.5,6.75,5],"texture":"#1","tintindex":0},"west":{"uv":[0,0,0,2.5],"texture":"#1","tintindex":0},"up":{"uv":[2.25,0,0,0],"texture":"#1","tintindex":0},"down":{"uv":[2.25,0,0,0],"texture":"#1","tintindex":0}}},{"from":[3.5,10.5,3.5],"to":[12.5,10.5,12.5],"faces":{"north":{"uv":[0,0,2.25,0],"texture":"#1","tintindex":0},"east":{"uv":[0,0,2.25,0],"texture":"#1","tintindex":0},"south":{"uv":[0,0,2.25,0],"texture":"#1","tintindex":0},"west":{"uv":[0,0,2.25,0],"texture":"#1","tintindex":0},"up":{"uv":[6.75,7.25,4.5,5],"texture":"#1","tintindex":0},"down":{"uv":[9,0,6.75,2.25],"texture":"#1","tintindex":0}}},{"from":[3.5,0.5,3.5],"to":[12.5,0.5,12.5],"faces":{"north":{"uv":[0,0,2.25,0],"texture":"#1","tintindex":0},"east":{"uv":[0,0,2.25,0],"texture":"#1","tintindex":0},"south":{"uv":[0,0,2.25,0],"texture":"#1","tintindex":0},"west":{"uv":[0,0,2.25,0],"texture":"#1","tintindex":0},"up":{"uv":[9,4.5,6.75,2.25],"texture":"#1","tintindex":0},"down":{"uv":[9,4.5,6.75,6.75],"texture":"#1","tintindex":0}}},{"from":[3.5,0.5,3.5],"to":[3.5,10.5,12.5],"faces":{"north":{"uv":[0,0,0,2.5],"texture":"#1","tintindex":0},"east":{"uv":[0,5,2.25,7.5],"texture":"#1","tintindex":0},"south":{"uv":[0,0,0,2.5],"texture":"#1","tintindex":0},"west":{"uv":[2.25,5,4.5,7.5],"texture":"#1","tintindex":0},"up":{"uv":[0,2.25,0,0],"texture":"#1","tintindex":0},"down":{"uv":[0,0,0,2.25],"texture":"#1","tintindex":0}}},{"from":[3,13,3],"to":[13,13,13],"faces":{"north":{"uv":[0,0,2.5,0],"texture":"#3"},"east":{"uv":[0,0,2.5,0],"texture":"#3"},"south":{"uv":[0,0,2.5,0],"texture":"#3"},"west":{"uv":[0,0,2.5,0],"texture":"#3"},"up":{"uv":[7.5,9,5,6.5],"texture":"#3"},"down":{"uv":[10,0,7.5,2.5],"texture":"#3"}}},{"from":[3,15,3],"to":[13,17,13],"faces":{"north":{"uv":[0,9.75,2.5,10.25],"texture":"#3"},"east":{"uv":[2.5,9.75,5,10.25],"texture":"#3"},"south":{"uv":[10,0,12.5,0.5],"texture":"#3"},"west":{"uv":[10,0.5,12.5,1],"texture":"#3"},"up":{"uv":[10,5,7.5,2.5],"texture":"#3"},"down":{"uv":[10,5,7.5,7.5],"texture":"#3"}}}],"display":{"thirdperson_righthand":{"rotation":[75,45,0],"translation":[0,2.5,0],"scale":[0.375,0.375,0.375]},"thirdperson_lefthand":{"rotation":[75,45,0],"translation":[0,2.5,0],"scale":[0.375,0.375,0.375]},"firstperson_righthand":{"rotation":[0,45,0],"scale":[0.4,0.4,0.4]},"firstperson_lefthand":{"rotation":[0,225,0],"scale":[0.4,0.4,0.4]},"ground":{"translation":[0,3,0],"scale":[0.25,0.25,0.25]},"gui":{"rotation":[30,225,0],"scale":[0.625,0.625,0.625]},"head":{"translation":[0,-45,11.25],"scale":[1.61,1.61,1.61]}}}