{"credit":"MadewithBlockbench","ambientocclusion":false,"texture_size":[48,48],"textures":{"1":"cosmetics/jester_cosmetics"},"elements":[{"from":[5,0,4],"to":[11,4,9],"rotation":{"angle":0,"axis":"y","origin":[0,3,-6]},"faces":{"north":{"uv":[9.33333,6.66667,11.33333,8],"texture":"#1"},"east":{"uv":[4,10.33333,5.66667,11.66667],"texture":"#1"},"south":{"uv":[2,10.33333,4,11.66667],"texture":"#1"},"west":{"uv":[0,10.66667,1.66667,12],"texture":"#1"},"up":{"uv":[11.33333,6.66667,9.33333,5],"texture":"#1"},"down":{"uv":[8,9.66667,6,11.33333],"texture":"#1"}}},{"from":[7,16,2],"to":[9,19,3],"rotation":{"angle":45,"axis":"x","origin":[0,3,-6]},"faces":{"north":{"uv":[6,7,6.66667,8],"texture":"#1"},"east":{"uv":[12.33333,12.33333,12.66667,13.33333],"texture":"#1"},"south":{"uv":[5,11.66667,5.66667,12.66667],"texture":"#1"},"west":{"uv":[2,12.66667,2.33333,13.66667],"texture":"#1"},"up":{"uv":[12,9.66667,11.33333,9.33333],"texture":"#1"},"down":{"uv":[13.33333,7.66667,12.66667,8],"texture":"#1"}}},{"from":[7.5,12,2.5],"to":[8.5,16,2.5],"rotation":{"angle":45,"axis":"x","origin":[0,3,-6]},"faces":{"north":{"uv":[3,9,3.33333,10.33333],"texture":"#1"},"east":{"uv":[0,0,0,1.33333],"texture":"#1"},"south":{"uv":[12.33333,7,12.66667,8.33333],"texture":"#1"},"west":{"uv":[0,0,0,1.33333],"texture":"#1"},"up":{"uv":[0.33333,0,0,0],"texture":"#1"},"down":{"uv":[0.33333,0,0,0],"texture":"#1"}}},{"from":[7,19,1.5],"to":[9,21.5,3.5],"rotation":{"angle":45,"axis":"x","origin":[0,3,-6]},"faces":{"north":{"uv":[1,12,1.66667,13],"texture":"#1"},"east":{"uv":[12,9.33333,12.66667,10.33333],"texture":"#1"},"south":{"uv":[12,10.33333,12.66667,11.33333],"texture":"#1"},"west":{"uv":[12,11.33333,12.66667,12.33333],"texture":"#1"},"up":{"uv":[8.33333,13,7.66667,12.33333],"texture":"#1"},"down":{"uv":[9,12.33333,8.33333,13],"texture":"#1"}}},{"from":[5.5,20.75,2],"to":[7.5,22,3],"rotation":{"angle":45,"axis":"x","origin":[0,3,-6]},"faces":{"north":{"uv":[12.66667,8,13.33333,8.33333],"texture":"#1"},"east":{"uv":[5,13,5.33333,13.33333],"texture":"#1"},"south":{"uv":[12.66667,9.33333,13.33333,9.66667],"texture":"#1"},"west":{"uv":[13,6.33333,13.33333,6.66667],"texture":"#1"},"up":{"uv":[13.33333,10,12.66667,9.66667],"texture":"#1"},"down":{"uv":[13.33333,10,12.66667,10.33333],"texture":"#1"}}},{"from":[8.5,20.75,2],"to":[10.5,22,3],"rotation":{"angle":45,"axis":"x","origin":[16,3,-6]},"faces":{"north":{"uv":[12.66667,10.33333,13.33333,10.66667],"texture":"#1"},"east":{"uv":[6.66667,13,7,13.33333],"texture":"#1"},"south":{"uv":[12.66667,10.66667,13.33333,11],"texture":"#1"},"west":{"uv":[13,6.66667,13.33333,7],"texture":"#1"},"up":{"uv":[13.33333,11.33333,12.66667,11],"texture":"#1"},"down":{"uv":[13.33333,11.33333,12.66667,11.66667],"texture":"#1"}}},{"from":[10,20.25,2.25],"to":[10.75,21,2.75],"rotation":{"angle":45,"axis":"x","origin":[16,3,-6]},"faces":{"north":{"uv":[7.66667,13,8,13.33333],"texture":"#1"},"east":{"uv":[8,13,8.33333,13.33333],"texture":"#1"},"south":{"uv":[8.33333,13,8.66667,13.33333],"texture":"#1"},"west":{"uv":[13,8.33333,13.33333,8.66667],"texture":"#1"},"up":{"uv":[9,13.33333,8.66667,13],"texture":"#1"},"down":{"uv":[13.33333,8.66667,13,9],"texture":"#1"}}},{"from":[5.25,20.25,2.25],"to":[6,21,2.75],"rotation":{"angle":45,"axis":"x","origin":[0,3,-6]},"faces":{"north":{"uv":[9,13,9.33333,13.33333],"texture":"#1"},"east":{"uv":[9.33333,13,9.66667,13.33333],"texture":"#1"},"south":{"uv":[9.66667,13,10,13.33333],"texture":"#1"},"west":{"uv":[10,13,10.33333,13.33333],"texture":"#1"},"up":{"uv":[10.66667,13.33333,10.33333,13],"texture":"#1"},"down":{"uv":[11,13,10.66667,13.33333],"texture":"#1"}}},{"from":[9,18,2],"to":[11,19,3],"rotation":{"angle":45,"axis":"x","origin":[0,3,-6]},"faces":{"north":{"uv":[12.66667,11.66667,13.33333,12],"texture":"#1"},"east":{"uv":[11,13,11.33333,13.33333],"texture":"#1"},"south":{"uv":[12.66667,12,13.33333,12.33333],"texture":"#1"},"west":{"uv":[11.33333,13,11.66667,13.33333],"texture":"#1"},"up":{"uv":[13.33333,12.66667,12.66667,12.33333],"texture":"#1"},"down":{"uv":[13.33333,12.66667,12.66667,13],"texture":"#1"}}},{"from":[5,18,2],"to":[7,19,3],"rotation":{"angle":45,"axis":"x","origin":[16,3,-6]},"faces":{"north":{"uv":[0,13,0.66667,13.33333],"texture":"#1"},"east":{"uv":[11.66667,13,12,13.33333],"texture":"#1"},"south":{"uv":[0.66667,13,1.33333,13.33333],"texture":"#1"},"west":{"uv":[12,13,12.33333,13.33333],"texture":"#1"},"up":{"uv":[13.66667,1.66667,13,1.33333],"texture":"#1"},"down":{"uv":[13.66667,1.66667,13,2],"texture":"#1"}}},{"from":[11,1,6],"to":[14,2,7],"rotation":{"angle":0,"axis":"y","origin":[0,3,-6]},"faces":{"north":{"uv":[2,10,3,10.33333],"texture":"#1"},"east":{"uv":[12.66667,13,13,13.33333],"texture":"#1"},"south":{"uv":[12,4.33333,13,4.66667],"texture":"#1"},"west":{"uv":[13,13,13.33333,13.33333],"texture":"#1"},"up":{"uv":[13.33333,9.33333,12.33333,9],"texture":"#1"},"down":{"uv":[3.33333,12.66667,2.33333,13],"texture":"#1"}}},{"from":[13,4,6],"to":[16,5,7],"rotation":{"angle":0,"axis":"y","origin":[0,3,-6]},"faces":{"north":{"uv":[3.33333,12.66667,4.33333,13],"texture":"#1"},"east":{"uv":[0,13.33333,0.33333,13.66667],"texture":"#1"},"south":{"uv":[4.33333,12.66667,5.33333,13],"texture":"#1"},"west":{"uv":[13.33333,0,13.66667,0.33333],"texture":"#1"},"up":{"uv":[13.66667,7.33333,12.66667,7],"texture":"#1"},"down":{"uv":[13.66667,7.33333,12.66667,7.66667],"texture":"#1"}}},{"from":[13,2,6],"to":[14,4,7],"rotation":{"angle":0,"axis":"y","origin":[0,3,-6]},"faces":{"north":{"uv":[5.33333,12.66667,5.66667,13.33333],"texture":"#1"},"east":{"uv":[1.33333,13,1.66667,13.66667],"texture":"#1"},"south":{"uv":[13,2,13.33333,2.66667],"texture":"#1"},"west":{"uv":[2.33333,13,2.66667,13.66667],"texture":"#1"},"up":{"uv":[0.66667,13.66667,0.33333,13.33333],"texture":"#1"},"down":{"uv":[13.66667,0.33333,13.33333,0.66667],"texture":"#1"}}},{"from":[5,4,3],"to":[11,9,5],"rotation":{"angle":22.5,"axis":"x","origin":[8,4,4]},"faces":{"north":{"uv":[8,9.66667,10,11.33333],"texture":"#1"},"east":{"uv":[11.33333,1.33333,12,3],"texture":"#1"},"south":{"uv":[10,9.66667,12,11.33333],"texture":"#1"},"west":{"uv":[11.33333,3,12,4.66667],"texture":"#1"},"up":{"uv":[13.33333,0.66667,11.33333,0],"texture":"#1"},"down":{"uv":[13.33333,0.66667,11.33333,1.33333],"texture":"#1"}}}],"display":{"gui":{"rotation":[0,-33,0],"translation":[-1.25,3.25,0],"scale":[1.15,1.15,1.15]},"head":{"translation":[0,-42,11],"scale":[2,2,2]}},"groups":[{"name":"HMC_JesterBackpack","origin":[8,8,8],"color":0,"nbt":"{}","armAnimationEnabled":false,"children":[0,1,2,3,4,5,6,7,8,9,10,11,12,13]}]}