{"credit":"MadewithBlockbench","ambientocclusion":false,"texture_size":[48,48],"textures":{"1":"cosmetics/jester_cosmetics"},"elements":[{"from":[3,0,3],"to":[13,7,13],"rotation":{"angle":0,"axis":"y","origin":[8,1,8]},"faces":{"north":{"uv":[3.33333,0,6.66667,2.33333],"texture":"#1"},"east":{"uv":[3.33333,2.33333,6.66667,4.66667],"texture":"#1"},"south":{"uv":[3.33333,4.66667,6.66667,7],"texture":"#1"},"west":{"uv":[0,6.66667,3.33333,9],"texture":"#1"},"up":{"uv":[3.33333,3.33333,0,0],"texture":"#1"},"down":{"uv":[3.33333,3.33333,0,6.66667],"texture":"#1"}}},{"from":[16,-1,6.5],"to":[19,2,9.5],"rotation":{"angle":0,"axis":"y","origin":[8,1,8]},"faces":{"north":{"uv":[2,9,3,10],"texture":"#1"},"east":{"uv":[11.33333,5.33333,12.33333,6.33333],"texture":"#1"},"south":{"uv":[6,11.33333,7,12.33333],"texture":"#1"},"west":{"uv":[11.33333,6.33333,12.33333,7.33333],"texture":"#1"},"up":{"uv":[8,12.33333,7,11.33333],"texture":"#1"},"down":{"uv":[12.33333,7.33333,11.33333,8.33333],"texture":"#1"}}},{"from":[11,4,5],"to":[19,9,11],"rotation":{"angle":-22.5,"axis":"z","origin":[12,6,8]},"faces":{"north":{"uv":[3.33333,7,6,8.66667],"texture":"#1"},"east":{"uv":[0,9,2,10.66667],"texture":"#1"},"south":{"uv":[6,8,8.66667,9.66667],"texture":"#1"},"west":{"uv":[9.33333,0,11.33333,1.66667],"texture":"#1"},"up":{"uv":[9.33333,2,6.66667,0],"texture":"#1"},"down":{"uv":[9.33333,2,6.66667,4],"texture":"#1"}}},{"from":[-3,4,5],"to":[5,9,11],"rotation":{"angle":22.5,"axis":"z","origin":[4,6,8]},"faces":{"north":{"uv":[3.33333,8.66667,6,10.33333],"texture":"#1"},"east":{"uv":[9.33333,1.66667,11.33333,3.33333],"texture":"#1"},"south":{"uv":[8.66667,8,11.33333,9.66667],"texture":"#1"},"west":{"uv":[9.33333,3.33333,11.33333,5],"texture":"#1"},"up":{"uv":[9.33333,6,6.66667,4],"texture":"#1"},"down":{"uv":[9.33333,6,6.66667,8],"texture":"#1"}}},{"from":[-3,-1,6.5],"to":[0,2,9.5],"rotation":{"angle":0,"axis":"y","origin":[8,1,8]},"faces":{"north":{"uv":[8,11.33333,9,12.33333],"texture":"#1"},"east":{"uv":[11.33333,8.33333,12.33333,9.33333],"texture":"#1"},"south":{"uv":[9,11.33333,10,12.33333],"texture":"#1"},"west":{"uv":[10,11.33333,11,12.33333],"texture":"#1"},"up":{"uv":[12,12.33333,11,11.33333],"texture":"#1"},"down":{"uv":[3,11.66667,2,12.66667],"texture":"#1"}}}],"display":{"gui":{"rotation":[30,146,0],"translation":[0,2.25,0],"scale":[0.65,0.65,0.65]},"head":{"translation":[0,16,0],"scale":[1.5,1.5,1.5]}},"groups":[{"name":"HMC_JesterHat","origin":[8,8,8],"color":0,"nbt":"{}","armAnimationEnabled":false,"children":[0,1,2,3,4]}]}