{"credit":"MadewithBlockbench","ambientocclusion":false,"texture_size":[48,48],"textures":{"1":"cosmetics/jester_cosmetics"},"elements":[{"from":[8,1,2],"to":[9,2,12],"rotation":{"angle":0,"axis":"y","origin":[-4,4,0]},"faces":{"north":{"uv":[0.66667,13.33333,1,13.66667],"texture":"#1"},"east":{"uv":[11.33333,4.66667,14.66667,5],"texture":"#1"},"south":{"uv":[13.33333,0.66667,13.66667,1],"texture":"#1"},"west":{"uv":[11.33333,5,14.66667,5.33333],"texture":"#1"},"up":{"uv":[6,13.66667,5.66667,10.33333],"texture":"#1"},"down":{"uv":[2,10.66667,1.66667,14],"texture":"#1"}}},{"from":[7,0,-1],"to":[10,3,2],"rotation":{"angle":0,"axis":"y","origin":[-4,4,0]},"faces":{"north":{"uv":[3,11.66667,4,12.66667],"texture":"#1"},"east":{"uv":[4,11.66667,5,12.66667],"texture":"#1"},"south":{"uv":[0,12,1,13],"texture":"#1"},"west":{"uv":[12,1.33333,13,2.33333],"texture":"#1"},"up":{"uv":[13,3.33333,12,2.33333],"texture":"#1"},"down":{"uv":[13,3.33333,12,4.33333],"texture":"#1"}}},{"from":[8,-2,0],"to":[9,0,1],"rotation":{"angle":0,"axis":"y","origin":[-4,4,0]},"faces":{"north":{"uv":[2.66667,13,3,13.66667],"texture":"#1"},"east":{"uv":[13,2.66667,13.33333,3.33333],"texture":"#1"},"south":{"uv":[3,13,3.33333,13.66667],"texture":"#1"},"west":{"uv":[3.33333,13,3.66667,13.66667],"texture":"#1"},"up":{"uv":[1.33333,13.66667,1,13.33333],"texture":"#1"},"down":{"uv":[13.66667,1,13.33333,1.33333],"texture":"#1"}}},{"from":[9,1,-1.5],"to":[11,2,0],"rotation":{"angle":22.5,"axis":"y","origin":[10,1,-1]},"faces":{"north":{"uv":[13,3.33333,13.66667,3.66667],"texture":"#1"},"east":{"uv":[3.66667,13,4.33333,13.33333],"texture":"#1"},"south":{"uv":[13,3.66667,13.66667,4],"texture":"#1"},"west":{"uv":[13,4,13.66667,4.33333],"texture":"#1"},"up":{"uv":[13,9,12.33333,8.33333],"texture":"#1"},"down":{"uv":[9.66667,12.33333,9,13],"texture":"#1"}}},{"from":[11,1,0],"to":[12,2,1],"rotation":{"angle":22.5,"axis":"y","origin":[10,1,-1]},"faces":{"north":{"uv":[13.33333,2,13.66667,2.33333],"texture":"#1"},"east":{"uv":[13.33333,2.33333,13.66667,2.66667],"texture":"#1"},"south":{"uv":[13.33333,2.66667,13.66667,3],"texture":"#1"},"west":{"uv":[13.33333,3,13.66667,3.33333],"texture":"#1"},"up":{"uv":[4,13.66667,3.66667,13.33333],"texture":"#1"},"down":{"uv":[4.33333,13.33333,4,13.66667],"texture":"#1"}}},{"from":[6,1,-1.5],"to":[8,2,0],"rotation":{"angle":-22.5,"axis":"y","origin":[7,1,-1]},"faces":{"north":{"uv":[4.33333,13,5,13.33333],"texture":"#1"},"east":{"uv":[13,4.33333,13.66667,4.66667],"texture":"#1"},"south":{"uv":[6,13,6.66667,13.33333],"texture":"#1"},"west":{"uv":[13,6,13.66667,6.33333],"texture":"#1"},"up":{"uv":[10.33333,13,9.66667,12.33333],"texture":"#1"},"down":{"uv":[11,12.33333,10.33333,13],"texture":"#1"}}},{"from":[5,1,0],"to":[6,2,1],"rotation":{"angle":-22.5,"axis":"y","origin":[7,1,-1]},"faces":{"north":{"uv":[4.33333,13.33333,4.66667,13.66667],"texture":"#1"},"east":{"uv":[4.66667,13.33333,5,13.66667],"texture":"#1"},"south":{"uv":[5,13.33333,5.33333,13.66667],"texture":"#1"},"west":{"uv":[5.33333,13.33333,5.66667,13.66667],"texture":"#1"},"up":{"uv":[13.66667,5.66667,13.33333,5.33333],"texture":"#1"},"down":{"uv":[13.66667,5.66667,13.33333,6],"texture":"#1"}}},{"from":[7.5,0.5,12],"to":[9.5,2.5,15],"rotation":{"angle":0,"axis":"y","origin":[-4,4,0]},"faces":{"north":{"uv":[11,12.33333,11.66667,13],"texture":"#1"},"east":{"uv":[12.33333,5.33333,13.33333,6],"texture":"#1"},"south":{"uv":[11.66667,12.33333,12.33333,13],"texture":"#1"},"west":{"uv":[6,12.33333,7,13],"texture":"#1"},"up":{"uv":[13,7,12.33333,6],"texture":"#1"},"down":{"uv":[7.66667,12.33333,7,13.33333],"texture":"#1"}}}],"display":{"thirdperson_righthand":{"rotation":[92.25,0,0],"translation":[0,-1.25,10.75],"scale":[1.25,1.25,1.25]},"thirdperson_lefthand":{"rotation":[92.25,0,0],"translation":[0,-1.25,10.75],"scale":[1.25,1.25,1.25]},"firstperson_righthand":{"rotation":[36,0,0],"translation":[0,7,10.75],"scale":[1.25,1.25,1.25]},"firstperson_lefthand":{"rotation":[36,0,0],"translation":[0,7,10.75],"scale":[1.25,1.25,1.25]},"gui":{"rotation":[88,-30,-180],"translation":[0,-1.5,0],"scale":[0.85,0.85,0.85]}},"groups":[{"name":"HMC_JesterStaff","origin":[8,8,8],"color":0,"nbt":"{}","armAnimationEnabled":false,"children":[0,1,2,3,4,5,6,7]}]}