{"credit":"MadewithBlockbench","texture_size":[32,32],"textures":{"0":"cosmetics/koi_cosmetic","particle":"cosmetics/koi_cosmetic"},"elements":[{"from":[6,1,7],"to":[10,5,12],"rotation":{"angle":0,"axis":"y","origin":[0,0,16]},"faces":{"north":{"uv":[6.5,7,8.5,9],"texture":"#0"},"east":{"uv":[5,5,7.5,7],"texture":"#0"},"south":{"uv":[7.5,0,9.5,2],"texture":"#0"},"west":{"uv":[0,6,2.5,8],"texture":"#0"},"up":{"uv":[4.5,8.5,2.5,6],"texture":"#0"},"down":{"uv":[6.5,7,4.5,9.5],"texture":"#0"}}},{"from":[6,1,12],"to":[10,5,15],"rotation":{"angle":0,"axis":"y","origin":[0,0,16]},"faces":{"north":{"uv":[7.5,2,9.5,4],"texture":"#0"},"east":{"uv":[2.5,8.5,4,10.5],"texture":"#0"},"south":{"uv":[7.5,4,9.5,6],"texture":"#0"},"west":{"uv":[8.5,7.5,10,9.5],"texture":"#0"},"up":{"uv":[8.5,10.5,6.5,9],"texture":"#0"},"down":{"uv":[2,9.5,0,11],"texture":"#0"}}},{"from":[5.5,0.5,15],"to":[10.5,5.5,16],"rotation":{"angle":0,"axis":"y","origin":[0,0,16]},"faces":{"north":{"uv":[5,0,7.5,2.5],"texture":"#0"},"east":{"uv":[2,9.5,2.5,12],"texture":"#0"},"south":{"uv":[5,2.5,7.5,5],"texture":"#0"},"west":{"uv":[6,9.5,6.5,12],"texture":"#0"},"up":{"uv":[12,6,9.5,5.5],"texture":"#0"},"down":{"uv":[12.5,9,10,9.5],"texture":"#0"}}},{"from":[7,2,2],"to":[9,5,7],"rotation":{"angle":0,"axis":"y","origin":[0,0,18]},"faces":{"north":{"uv":[9.5,9.5,10.5,11],"texture":"#0"},"east":{"uv":[0,8,2.5,9.5],"texture":"#0"},"south":{"uv":[10,7.5,11,9],"texture":"#0"},"west":{"uv":[8.5,6,11,7.5],"texture":"#0"},"up":{"uv":[10.5,5.5,9.5,3],"texture":"#0"},"down":{"uv":[5,9.5,4,12],"texture":"#0"}}},{"from":[9,3,2.5],"to":[11,3,6.5],"rotation":{"angle":-22.5,"axis":"z","origin":[9,3,5]},"faces":{"north":{"uv":[0,0,1,0],"texture":"#0"},"east":{"uv":[0,0,2,0],"texture":"#0"},"south":{"uv":[0,0,1,0],"texture":"#0"},"west":{"uv":[0,0,2,0],"texture":"#0"},"up":{"uv":[6,11.5,5,9.5],"texture":"#0"},"down":{"uv":[9.5,9.5,8.5,11.5],"texture":"#0"}}},{"from":[10,2,8],"to":[14,2,11],"rotation":{"angle":-22.5,"axis":"z","origin":[10,2,9]},"faces":{"north":{"uv":[0,0,2,0],"texture":"#0"},"east":{"uv":[0,0,1.5,0],"texture":"#0"},"south":{"uv":[0,0,2,0],"texture":"#0"},"west":{"uv":[0,0,1.5,0],"texture":"#0"},"up":{"uv":[11.5,1.5,9.5,0],"texture":"#0"},"down":{"uv":[11.5,1.5,9.5,3],"texture":"#0"}}},{"from":[5,3,2.5],"to":[7,3,6.5],"rotation":{"angle":22.5,"axis":"z","origin":[7,3,5]},"faces":{"north":{"uv":[1,0,0,0],"texture":"#0"},"east":{"uv":[2,0,0,0],"texture":"#0"},"south":{"uv":[1,0,0,0],"texture":"#0"},"west":{"uv":[2,0,0,0],"texture":"#0"},"up":{"uv":[5,11.5,6,9.5],"texture":"#0"},"down":{"uv":[8.5,9.5,9.5,11.5],"texture":"#0"}}},{"from":[2,2,8],"to":[6,2,11],"rotation":{"angle":22.5,"axis":"z","origin":[6,2,9]},"faces":{"north":{"uv":[2,0,0,0],"texture":"#0"},"east":{"uv":[1.5,0,0,0],"texture":"#0"},"south":{"uv":[2,0,0,0],"texture":"#0"},"west":{"uv":[1.5,0,0,0],"texture":"#0"},"up":{"uv":[9.5,1.5,11.5,0],"texture":"#0"},"down":{"uv":[9.5,1.5,11.5,3],"texture":"#0"}}},{"from":[8,1,-2],"to":[8,7,8],"rotation":{"angle":0,"axis":"y","origin":[0,0,18]},"faces":{"north":{"uv":[0,0,0,3],"texture":"#0"},"east":{"uv":[0,0,5,3],"texture":"#0"},"south":{"uv":[0,0,0,3],"texture":"#0"},"west":{"uv":[0,3,5,6],"texture":"#0"},"up":{"uv":[0,5,0,0],"texture":"#0"},"down":{"uv":[0,0,0,5],"texture":"#0"}}}],"display":{"thirdperson_righthand":{"translation":[0,4.75,-2.25],"scale":[1.3,1.3,1.3]},"thirdperson_lefthand":{"translation":[0,4.75,-2.25],"scale":[1.3,1.3,1.3]},"firstperson_righthand":{"translation":[0,4.75,-2.25],"scale":[1.3,1.3,1.3]},"firstperson_lefthand":{"translation":[0,4.75,-2.25],"scale":[1.3,1.3,1.3]},"ground":{"translation":[0,4,0]},"gui":{"rotation":[0,-56,0],"translation":[0,3.25,0],"scale":[0.8,0.8,0.8]}},"groups":[{"name":"Hibiscus_Koifish","origin":[8,8,8],"color":0,"children":[0,1,2,3,4,5,6,7,8]}]}