{"credit":"MadewithBlockbench","texture_size":[32,32],"textures":{"2":"cosmetics/lantern_cosmetic","particle":"cosmetics/lantern_cosmetic"},"elements":[{"from":[5,0,5],"to":[11,1,11],"faces":{"north":{"uv":[9,5,12,5.5],"texture":"#2"},"east":{"uv":[9,5.5,12,6],"texture":"#2"},"south":{"uv":[9,6,12,6.5],"texture":"#2"},"west":{"uv":[9,6.5,12,7],"texture":"#2"},"up":{"uv":[3,3,0,0],"texture":"#2"},"down":{"uv":[3,3,0,6],"texture":"#2"}}},{"from":[5,5,5],"to":[11,6,11],"faces":{"north":{"uv":[9,7,12,7.5],"texture":"#2"},"east":{"uv":[9,7.5,12,8],"texture":"#2"},"south":{"uv":[8,9,11,9.5],"texture":"#2"},"west":{"uv":[9,8,12,8.5],"texture":"#2"},"up":{"uv":[6,3,3,0],"texture":"#2"},"down":{"uv":[6,3,3,6],"texture":"#2"}}},{"from":[5,1,7],"to":[5,5,9],"faces":{"north":{"uv":[0,0,0,2],"texture":"#2"},"east":{"uv":[8,5,9,7],"texture":"#2"},"south":{"uv":[0,0,0,2],"texture":"#2"},"west":{"uv":[6,8,7,10],"texture":"#2"},"up":{"uv":[0,1,0,0],"texture":"#2"},"down":{"uv":[0,0,0,1],"texture":"#2"}}},{"from":[11,1,7],"to":[11,5,9],"faces":{"north":{"uv":[0,0,0,2],"texture":"#2"},"east":{"uv":[7,8,8,10],"texture":"#2"},"south":{"uv":[0,0,0,2],"texture":"#2"},"west":{"uv":[8,7,9,9],"texture":"#2"},"up":{"uv":[0,1,0,0],"texture":"#2"},"down":{"uv":[0,0,0,1],"texture":"#2"}}},{"from":[7,1,5],"to":[9,5,5],"faces":{"north":{"uv":[2,9,3,11],"texture":"#2"},"east":{"uv":[0,0,0,2],"texture":"#2"},"south":{"uv":[3,9,4,11],"texture":"#2"},"west":{"uv":[0,0,0,2],"texture":"#2"},"up":{"uv":[1,0,0,0],"texture":"#2"},"down":{"uv":[1,0,0,0],"texture":"#2"}}},{"from":[7,1,11],"to":[9,5,11],"faces":{"north":{"uv":[4,9,5,11],"texture":"#2"},"east":{"uv":[0,0,0,2],"texture":"#2"},"south":{"uv":[5,9,6,11],"texture":"#2"},"west":{"uv":[0,0,0,2],"texture":"#2"},"up":{"uv":[1,0,0,0],"texture":"#2"},"down":{"uv":[1,0,0,0],"texture":"#2"}}},{"from":[6,6,6],"to":[10,8,10],"faces":{"north":{"uv":[2,8,4,9],"texture":"#2"},"east":{"uv":[8,3,10,4],"texture":"#2"},"south":{"uv":[4,8,6,9],"texture":"#2"},"west":{"uv":[8,4,10,5],"texture":"#2"},"up":{"uv":[8,8,6,6],"texture":"#2"},"down":{"uv":[2,8,0,10],"texture":"#2"}}},{"from":[6,8,8],"to":[10,11,8],"rotation":{"angle":-45,"axis":"y","origin":[8,9.5,8]},"faces":{"north":{"uv":[8,0,10,1.5],"texture":"#2"},"east":{"uv":[0,0,0,1.5],"texture":"#2"},"south":{"uv":[8,1.5,10,3],"texture":"#2"},"west":{"uv":[0,0,0,1.5],"texture":"#2"},"up":{"uv":[2,0,0,0],"texture":"#2"},"down":{"uv":[2,0,0,0],"texture":"#2"}}},{"from":[6,1,6],"to":[10,5,10],"faces":{"north":{"uv":[0,6,2,8],"texture":"#2"},"east":{"uv":[6,0,8,2],"texture":"#2"},"south":{"uv":[2,6,4,8],"texture":"#2"},"west":{"uv":[6,2,8,4],"texture":"#2"},"up":{"uv":[6,8,4,6],"texture":"#2"},"down":{"uv":[8,4,6,6],"texture":"#2"}}}],"gui_light":"front","display":{"thirdperson_righthand":{"rotation":[67,0,0],"translation":[0,-1.25,-1.25]},"thirdperson_lefthand":{"rotation":[67,0,0],"translation":[0,-1.25,-1.25]},"firstperson_righthand":{"translation":[3,-0.25,0]},"firstperson_lefthand":{"rotation":[-180,-81,180],"translation":[3,-0.25,0]},"ground":{"translation":[0,4.5,0]},"gui":{"rotation":[30,225,0],"translation":[0,2.75,0]},"fixed":{"translation":[0,3.25,0]}}}