{"credit":"MadewithBlockbench","texture_size":[64,64],"textures":{"1":"cosmetics/lyre_cosmetic"},"elements":[{"from":[1,3,6],"to":[15,6,9],"rotation":{"angle":0,"axis":"y","origin":[8,8.875,8]},"faces":{"north":{"uv":[2.25,3.5,5.75,4.25],"texture":"#1"},"east":{"uv":[7,7,7.75,7.75],"texture":"#1"},"south":{"uv":[0,4.25,3.5,5],"texture":"#1"},"west":{"uv":[7.25,4,8,4.75],"texture":"#1"},"up":{"uv":[7.75,0.75,4.25,0],"texture":"#1"},"down":{"uv":[7.75,0.75,4.25,1.5],"texture":"#1"}}},{"from":[5,2,5],"to":[11,4,10],"rotation":{"angle":0,"axis":"y","origin":[8,8.875,8]},"faces":{"north":{"uv":[4.25,2.75,5.75,3.25],"texture":"#1"},"east":{"uv":[4.5,7,5.75,7.5],"texture":"#1"},"south":{"uv":[3,7,4.5,7.5],"texture":"#1"},"west":{"uv":[5.75,7,7,7.5],"texture":"#1"},"up":{"uv":[5.75,2.75,4.25,1.5],"texture":"#1"},"down":{"uv":[7.25,4.25,5.75,5.5],"texture":"#1"}}},{"from":[4,0,4],"to":[12,2,11],"rotation":{"angle":0,"axis":"y","origin":[8,8.875,8]},"faces":{"north":{"uv":[6.5,2.5,8.5,3],"texture":"#1"},"east":{"uv":[6.5,3.5,8.25,4],"texture":"#1"},"south":{"uv":[6.5,3,8.5,3.5],"texture":"#1"},"west":{"uv":[5.75,6.5,7.5,7],"texture":"#1"},"up":{"uv":[4.25,1.75,2.25,0],"texture":"#1"},"down":{"uv":[4.25,1.75,2.25,3.5],"texture":"#1"}}},{"from":[4,14,6.5],"to":[12,16,8.5],"rotation":{"angle":0,"axis":"y","origin":[8,8.875,8]},"faces":{"north":{"uv":[5.75,5.5,7.75,6],"texture":"#1"},"east":{"uv":[3,6.5,3.5,7],"texture":"#1"},"south":{"uv":[5.75,6,7.75,6.5],"texture":"#1"},"west":{"uv":[7.5,6.5,8,7],"texture":"#1"},"up":{"uv":[8.5,2,6.5,1.5],"texture":"#1"},"down":{"uv":[8.5,2,6.5,2.5],"texture":"#1"}}},{"from":[3.5,6,7.5],"to":[12.5,14,7.5],"rotation":{"angle":0,"axis":"y","origin":[8,8.875,8]},"faces":{"north":{"uv":[0,0,2.25,2],"texture":"#1"},"east":{"uv":[0,0,0,2],"texture":"#1"},"south":{"uv":[0,0,2.25,2],"texture":"#1"},"west":{"uv":[0,0,0,2],"texture":"#1"},"up":{"uv":[2.25,0,0,0],"texture":"#1"},"down":{"uv":[2.25,0,0,0],"texture":"#1"}}},{"from":[1,6,6],"to":[4,17,9],"rotation":{"angle":0,"axis":"y","origin":[8,8.875,8]},"faces":{"north":{"uv":[3.5,4.25,4.25,7],"texture":"#1"},"east":{"uv":[4.25,4.25,5,7],"texture":"#1"},"south":{"uv":[0,5,0.75,7.75],"texture":"#1"},"west":{"uv":[0.75,5,1.5,7.75],"texture":"#1"},"up":{"uv":[8,5.5,7.25,4.75],"texture":"#1"},"down":{"uv":[3.75,7.5,3,8.25],"texture":"#1"}}},{"from":[-1,14,6],"to":[1,17,9],"rotation":{"angle":0,"axis":"y","origin":[8,8.875,8]},"faces":{"north":{"uv":[3,5,3.5,5.75],"texture":"#1"},"east":{"uv":[3.75,7.5,4.5,8.25],"texture":"#1"},"south":{"uv":[3,5.75,3.5,6.5],"texture":"#1"},"west":{"uv":[4.5,7.5,5.25,8.25],"texture":"#1"},"up":{"uv":[1.25,8.5,0.75,7.75],"texture":"#1"},"down":{"uv":[8.25,0.75,7.75,1.5],"texture":"#1"}}},{"from":[12,6,6],"to":[15,17,9],"rotation":{"angle":0,"axis":"y","origin":[8,8.875,8]},"faces":{"north":{"uv":[1.5,5,2.25,7.75],"texture":"#1"},"east":{"uv":[2.25,5,3,7.75],"texture":"#1"},"south":{"uv":[5,4.25,5.75,7],"texture":"#1"},"west":{"uv":[5.75,1.5,6.5,4.25],"texture":"#1"},"up":{"uv":[0.75,8.5,0,7.75],"texture":"#1"},"down":{"uv":[8.5,0,7.75,0.75],"texture":"#1"}}},{"from":[15,14,6],"to":[17,17,9],"rotation":{"angle":0,"axis":"y","origin":[8,8.875,8]},"faces":{"north":{"uv":[1.25,7.75,1.75,8.5],"texture":"#1"},"east":{"uv":[5.25,7.5,6,8.25],"texture":"#1"},"south":{"uv":[1.75,7.75,2.25,8.5],"texture":"#1"},"west":{"uv":[6,7.5,6.75,8.25],"texture":"#1"},"up":{"uv":[2.75,8.5,2.25,7.75],"texture":"#1"},"down":{"uv":[8.25,5.5,7.75,6.25],"texture":"#1"}}}],"gui_light":"front","display":{"thirdperson_righthand":{"rotation":[34.25,90,0],"translation":[0.25,0.5,-1.75],"scale":[0.6,0.6,0.6]},"thirdperson_lefthand":{"rotation":[34.25,90,0],"translation":[0.25,0.5,-1.75],"scale":[0.6,0.6,0.6]},"firstperson_righthand":{"rotation":[-180,62.75,173],"translation":[1.5,0.5,-1.75],"scale":[0.6,0.6,0.6]},"firstperson_lefthand":{"rotation":[-180,62.75,173],"translation":[1.5,0.5,-1.75],"scale":[0.6,0.6,0.6]},"ground":{"translation":[0,2,0],"scale":[0.6,0.6,0.6]},"gui":{"rotation":[30,225,0],"scale":[0.625,0.625,0.625]}}}