{"credit":"MadewithBlockbench","texture_size":[48,48],"textures":{"0":"cosmetics/miku_wig","particle":"cosmetics/miku_wig"},"elements":[{"from":[2,0,-1],"to":[4,4,3],"rotation":{"angle":45,"axis":"y","origin":[3,0,1]},"faces":{"north":{"uv":[9.33333,6.66667,10,8],"texture":"#0"},"east":{"uv":[0,12,1.33333,13.33333],"texture":"#0"},"south":{"uv":[4,12,4.66667,13.33333],"texture":"#0"},"west":{"uv":[1.33333,12,2.66667,13.33333],"texture":"#0"},"up":{"uv":[12.33333,14,11.66667,12.66667],"texture":"#0"},"down":{"uv":[13,12.66667,12.33333,14],"texture":"#0"}}},{"from":[0,-7,1.9],"to":[4,2,5.8],"rotation":{"angle":-22.5,"axis":"x","origin":[-2,0,0]},"faces":{"north":{"uv":[10.33333,6.66667,11.66667,9.66667],"texture":"#0","tintindex":0},"east":{"uv":[10.33333,9.66667,11.66667,12.66667],"texture":"#0","tintindex":0},"south":{"uv":[11,0,12.33333,3],"texture":"#0","tintindex":0},"west":{"uv":[11,3,12.33333,6],"texture":"#0","tintindex":0},"up":{"uv":[4,13.33333,2.66667,12],"texture":"#0","tintindex":0},"down":{"uv":[13.66667,0,12.33333,1.33333],"texture":"#0","tintindex":0}}},{"from":[-1,-16,-1],"to":[4.2,-6,4],"rotation":{"angle":-45,"axis":"x","origin":[-2,0,0]},"faces":{"north":{"uv":[5.33333,8,7,11.33333],"texture":"#0","tintindex":0},"east":{"uv":[7,8,8.66667,11.33333],"texture":"#0","tintindex":0},"south":{"uv":[0,8.66667,1.66667,12],"texture":"#0","tintindex":0},"west":{"uv":[1.66667,8.66667,3.33333,12],"texture":"#0","tintindex":0},"up":{"uv":[13.33333,7.66667,11.66667,6],"texture":"#0","tintindex":0},"down":{"uv":[13.33333,7.66667,11.66667,9.33333],"texture":"#0","tintindex":0}}},{"from":[15,-16,6],"to":[23,-3,6],"rotation":{"angle":-22.5,"axis":"x","origin":[16,0,0]},"faces":{"north":{"uv":[2.66667,0,0,4.33333],"texture":"#0","tintindex":0},"east":{"uv":[0,0,0,4.33333],"texture":"#0","tintindex":0},"south":{"uv":[0,0,2.66667,4.33333],"texture":"#0","tintindex":0},"west":{"uv":[0,0,0,4.33333],"texture":"#0","tintindex":0},"up":{"uv":[0,0,2.66667,0],"texture":"#0","tintindex":0},"down":{"uv":[0,0,2.66667,0],"texture":"#0","tintindex":0}}},{"from":[-7,-16,6],"to":[1,-3,6],"rotation":{"angle":-22.5,"axis":"x","origin":[0,0,0]},"faces":{"north":{"uv":[0,0,2.66667,4.33333],"texture":"#0","tintindex":0},"east":{"uv":[0,0,0,4.33333],"texture":"#0","tintindex":0},"south":{"uv":[2.66667,0,0,4.33333],"texture":"#0","tintindex":0},"west":{"uv":[0,0,0,4.33333],"texture":"#0","tintindex":0},"up":{"uv":[2.66667,0,0,0],"texture":"#0","tintindex":0},"down":{"uv":[2.66667,0,0,0],"texture":"#0","tintindex":0}}},{"from":[12,0,-1],"to":[14,4,3],"rotation":{"angle":-45,"axis":"y","origin":[13,0,1]},"faces":{"north":{"uv":[13,12.66667,13.66667,14],"texture":"#0"},"east":{"uv":[12.33333,1.33333,13.66667,2.66667],"texture":"#0"},"south":{"uv":[0,13.33333,0.66667,14.66667],"texture":"#0"},"west":{"uv":[12.33333,2.66667,13.66667,4],"texture":"#0"},"up":{"uv":[1.33333,14.66667,0.66667,13.33333],"texture":"#0"},"down":{"uv":[2,13.33333,1.33333,14.66667],"texture":"#0"}}},{"from":[12,-7,1.9],"to":[16,2,5.8],"rotation":{"angle":-22.5,"axis":"x","origin":[18,0,0]},"faces":{"north":{"uv":[5,11.33333,6.33333,14.33333],"texture":"#0","tintindex":0},"east":{"uv":[6.33333,11.33333,7.66667,14.33333],"texture":"#0","tintindex":0},"south":{"uv":[7.66667,11.33333,9,14.33333],"texture":"#0","tintindex":0},"west":{"uv":[9,11.33333,10.33333,14.33333],"texture":"#0","tintindex":0},"up":{"uv":[13.66667,5.33333,12.33333,4],"texture":"#0","tintindex":0},"down":{"uv":[11.66667,12.66667,10.33333,14],"texture":"#0","tintindex":0}}},{"from":[11.8,-16,-1],"to":[17,-6,4],"rotation":{"angle":-45,"axis":"x","origin":[18,0,0]},"faces":{"north":{"uv":[3.33333,8.66667,5,12],"texture":"#0","tintindex":0},"east":{"uv":[8.66667,8,10.33333,11.33333],"texture":"#0","tintindex":0},"south":{"uv":[9.33333,0,11,3.33333],"texture":"#0","tintindex":0},"west":{"uv":[9.33333,3.33333,11,6.66667],"texture":"#0","tintindex":0},"up":{"uv":[13.33333,11,11.66667,9.33333],"texture":"#0","tintindex":0},"down":{"uv":[13.33333,11,11.66667,12.66667],"texture":"#0","tintindex":0}}},{"from":[14,-10,3],"to":[20,2,3],"rotation":{"angle":-22.5,"axis":"x","origin":[16,0,0]},"faces":{"north":{"uv":[7.33333,0,9.33333,4],"texture":"#0","tintindex":0},"east":{"uv":[0,0,0,4],"texture":"#0","tintindex":0},"south":{"uv":[9.33333,0.33333,7.33333,4.33333],"texture":"#0","tintindex":0},"west":{"uv":[0,0,0,4],"texture":"#0","tintindex":0},"up":{"uv":[2,0,0,0],"texture":"#0","tintindex":0},"down":{"uv":[2,0,0,0],"texture":"#0","tintindex":0}}},{"from":[-4,-10,3],"to":[2,2,3],"rotation":{"angle":-22.5,"axis":"x","origin":[0,0,0]},"faces":{"north":{"uv":[9.33333,0,7.33333,4],"texture":"#0","tintindex":0},"east":{"uv":[0,0,0,4],"texture":"#0","tintindex":0},"south":{"uv":[7.33333,0.33333,9.33333,4.33333],"texture":"#0","tintindex":0},"west":{"uv":[0,0,0,4],"texture":"#0","tintindex":0},"up":{"uv":[0,0,2,0],"texture":"#0","tintindex":0},"down":{"uv":[0,0,2,0],"texture":"#0","tintindex":0}}}],"display":{"thirdperson_righthand":{"rotation":[61,0,0],"translation":[3.25,2,4.25],"scale":[0.3,0.3,0.3]},"thirdperson_lefthand":{"rotation":[61,0,0],"translation":[3.25,2,4.25],"scale":[0.3,0.3,0.3]},"firstperson_righthand":{"translation":[1,6.5,4.25],"scale":[0.3,0.3,0.3]},"firstperson_lefthand":{"translation":[1,6.5,4.25],"scale":[0.3,0.3,0.3]},"ground":{"translation":[0,6.5,0],"scale":[0.6,0.6,0.6]},"gui":{"rotation":[32,127,0],"translation":[0.75,7.25,0],"scale":[0.6,0.6,0.6]},"head":{"translation":[0,12.5,14.75],"scale":[1.35,1.35,1.35]},"fixed":{"rotation":[-90,0,0],"translation":[0,0,-13],"scale":[2,2,2]}},"groups":[{"name":"Hibiscus_MikuWig","origin":[8,8,8],"color":0,"children":[0,1,2,3,4,5,6,7,8,9]}]}