{
	"credit": "Made with Blockbench",
	"texture_size": [32, 32],
	"textures": {
		"1": "cosmetics/paintbrush_paint",
		"2": "cosmetics/paintbrush"
	},
	"elements": [
		{
			"from": [7, 0, 7],
			"to": [9, 5, 9],
			"faces": {
				"north": {"uv": [5, 4, 6, 6.5], "texture": "#2"},
				"east": {"uv": [6, 0, 7, 2.5], "texture": "#2"},
				"south": {"uv": [2, 6, 3, 8.5], "texture": "#2"},
				"west": {"uv": [6, 2.5, 7, 5], "texture": "#2"},
				"up": {"uv": [4, 7, 3, 6], "texture": "#2"},
				"down": {"uv": [5, 6, 4, 7], "texture": "#2"}
			}
		},
		{
			"from": [5, 5, 7],
			"to": [11, 13, 9],
			"faces": {
				"north": {"uv": [0, 0, 3, 4], "texture": "#2"},
				"east": {"uv": [0, 4, 1, 8], "texture": "#2"},
				"south": {"uv": [3, 0, 6, 4], "texture": "#2"},
				"west": {"uv": [1, 4, 2, 8], "texture": "#2"},
				"up": {"uv": [5, 5, 2, 4], "texture": "#2"},
				"down": {"uv": [5, 5, 2, 6], "texture": "#2"}
			}
		},
		{
			"from": [4.5, 8.5, 6.5],
			"to": [11.5, 13.5, 9.5],
			"faces": {
				"north": {"uv": [0, 1, 7, 6], "texture": "#1", "tintindex": 0},
				"east": {"uv": [7, 7, 10, 12], "texture": "#1", "tintindex": 0},
				"south": {"uv": [0, 7, 7, 12], "texture": "#1", "tintindex": 0},
				"west": {"uv": [10, 7, 13, 12], "texture": "#1", "tintindex": 0},
				"up": {"uv": [14, 3, 7, 0], "texture": "#1", "tintindex": 0},
				"down": {"uv": [14, 3, 7, 6], "texture": "#1", "tintindex": 0}
			}
		}
	],
	"display": {
		"thirdperson_righthand": {
			"translation": [0, 3.25, 1.25],
			"scale": [0.5, 0.5, 0.5]
		},
		"thirdperson_lefthand": {
			"translation": [0, 3.25, 1.25],
			"scale": [0.5, 0.5, 0.5]
		},
		"firstperson_righthand": {
			"translation": [0, 3.75, 0],
			"scale": [0.5, 0.5, 0.5]
		},
		"firstperson_lefthand": {
			"translation": [0, 3.75, 0],
			"scale": [0.5, 0.5, 0.5]
		},
		"ground": {
			"translation": [0, 3, 0],
			"scale": [0.75, 0.75, 0.75]
		},
		"gui": {
			"rotation": [168.75, 0, -33]
		}
	}
}