{"credit":"MadewithBlockbench","ambientocclusion":false,"texture_size":[48,48],"textures":{"1":"cosmetics/pride_cosmetics"},"elements":[{"from":[8,0,0],"to":[9,1,18],"faces":{"north":{"uv":[9.66667,10,10,10.33333],"texture":"#1"},"east":{"uv":[7.66667,5.66667,13.66667,6],"texture":"#1"},"south":{"uv":[10,10,10.33333,10.33333],"texture":"#1"},"west":{"uv":[7.66667,5.66667,13.66667,6],"texture":"#1"},"up":{"uv":[3.33333,15,3,9],"texture":"#1"},"down":{"uv":[3.33333,9,3,15],"texture":"#1"}}},{"from":[8.5,-10,0],"to":[8.5,0,7],"faces":{"north":{"uv":[0,0,0,3.33333],"texture":"#1"},"east":{"uv":[5.33333,3.33333,3.33333,6.66667],"texture":"#1"},"south":{"uv":[0,0,0,3.33333],"texture":"#1"},"west":{"uv":[3.33333,3.33333,5.66667,6.66667],"texture":"#1"},"up":{"uv":[0,2.33333,0,0],"texture":"#1"},"down":{"uv":[0,0,0,2.33333],"texture":"#1"}}}],"display":{"thirdperson_righthand":{"rotation":[106,0,0],"translation":[0,2.5,10]},"thirdperson_lefthand":{"rotation":[106,0,0],"translation":[0,2.5,10]},"gui":{"rotation":[91,-15,72],"translation":[-8,2.25,0],"scale":[0.8,0.8,0.8]}},"groups":[{"name":"HMC_PrideFlag","origin":[8,8,8],"color":0,"nbt":"{}","armAnimationEnabled":false,"children":[0,1]}]}