{"credit":"MadewithBlockbench","ambientocclusion":false,"texture_size":[48,48],"textures":{"1":"cosmetics/pride_cosmetics"},"elements":[{"from":[3,0,5],"to":[13,4,15],"faces":{"north":{"uv":[5.66667,6,9,7.33333],"texture":"#1"},"east":{"uv":[0,6.66667,3.33333,8],"texture":"#1"},"south":{"uv":[3.33333,7.33333,6.66667,8.66667],"texture":"#1"},"west":{"uv":[6.66667,7.33333,10,8.66667],"texture":"#1"},"up":{"uv":[3.33333,3.33333,0,0],"texture":"#1"},"down":{"uv":[3.33333,3.33333,0,6.66667],"texture":"#1"}}},{"from":[3,0,1],"to":[13,1,5],"faces":{"north":{"uv":[9,6.66667,12.33333,7],"texture":"#1"},"east":{"uv":[3.66667,10,5,10.33333],"texture":"#1"},"south":{"uv":[9,7,12.33333,7.33333],"texture":"#1"},"west":{"uv":[5,10,6.33333,10.33333],"texture":"#1"},"up":{"uv":[11,1.33333,7.66667,0],"texture":"#1"},"down":{"uv":[11,1.33333,7.66667,2.66667],"texture":"#1"}}}],"display":{"gui":{"rotation":[12,137,0],"translation":[0,3.25,0],"scale":[0.8,0.8,0.8]},"head":{"translation":[0,16,-2.75],"scale":[1.5,1.5,1.5]}},"groups":[{"name":"HMC_PrideHat","origin":[8,8,8],"color":0,"nbt":"{}","armAnimationEnabled":false,"children":[0,1]}]}