{"credit":"MadewithBlockbench","ambientocclusion":false,"texture_size":[48,48],"textures":{"1":"cosmetics/pride_cosmetics"},"elements":[{"from":[5,0,5],"to":[11,9,8],"faces":{"north":{"uv":[5.66667,0,7.66667,3],"texture":"#1"},"east":{"uv":[7.66667,2.66667,8.66667,5.66667],"texture":"#1"},"south":{"uv":[5.66667,3,7.66667,6],"texture":"#1"},"west":{"uv":[0,8,1,11],"texture":"#1"},"up":{"uv":[10.66667,5,8.66667,4],"texture":"#1"},"down":{"uv":[5.66667,9,3.66667,10],"texture":"#1"}}},{"from":[7,9,6],"to":[9,10,7],"faces":{"north":{"uv":[10,7.33333,10.66667,7.66667],"texture":"#1"},"east":{"uv":[1,10.33333,1.33333,10.66667],"texture":"#1"},"south":{"uv":[10,7.66667,10.66667,8],"texture":"#1"},"west":{"uv":[1.33333,10.33333,1.66667,10.66667],"texture":"#1"},"up":{"uv":[10.66667,8.33333,10,8],"texture":"#1"},"down":{"uv":[10.66667,8.33333,10,8.66667],"texture":"#1"}}},{"from":[5,0,8],"to":[11,4,10],"faces":{"north":{"uv":[1,8,3,9.33333],"texture":"#1"},"east":{"uv":[7.66667,9,8.33333,10.33333],"texture":"#1"},"south":{"uv":[8.66667,2.66667,10.66667,4],"texture":"#1"},"west":{"uv":[8.33333,9,9,10.33333],"texture":"#1"},"up":{"uv":[5.33333,7.33333,3.33333,6.66667],"texture":"#1"},"down":{"uv":[10.66667,5,8.66667,5.66667],"texture":"#1"}}},{"from":[11,0,5],"to":[12,2,8],"faces":{"north":{"uv":[5.33333,6.66667,5.66667,7.33333],"texture":"#1"},"east":{"uv":[9,8.66667,10,9.33333],"texture":"#1"},"south":{"uv":[3,8,3.33333,8.66667],"texture":"#1"},"west":{"uv":[1,9.33333,2,10],"texture":"#1"},"up":{"uv":[6.66667,11,6.33333,10],"texture":"#1"},"down":{"uv":[7,10,6.66667,11],"texture":"#1"}}},{"from":[4,0,5],"to":[5,2,8],"rotation":{"angle":0,"axis":"y","origin":[16,0,0]},"faces":{"north":{"uv":[10,8.66667,10.33333,9.33333],"texture":"#1"},"east":{"uv":[2,9.33333,3,10],"texture":"#1"},"south":{"uv":[9,10,9.33333,10.66667],"texture":"#1"},"west":{"uv":[9,9.33333,10,10],"texture":"#1"},"up":{"uv":[7.33333,11,7,10],"texture":"#1"},"down":{"uv":[7.66667,10,7.33333,11],"texture":"#1"}}},{"from":[5,7,8],"to":[11,9,9],"faces":{"north":{"uv":[5.66667,9,7.66667,9.66667],"texture":"#1"},"east":{"uv":[9.33333,10,9.66667,10.66667],"texture":"#1"},"south":{"uv":[9,6,11,6.66667],"texture":"#1"},"west":{"uv":[10,9.33333,10.33333,10],"texture":"#1"},"up":{"uv":[7.66667,10,5.66667,9.66667],"texture":"#1"},"down":{"uv":[3,10,1,10.33333],"texture":"#1"}}}],"display":{"thirdperson_righthand":{"translation":[0,3,1],"scale":[0.55,0.55,0.55]},"thirdperson_lefthand":{"translation":[0,3,1],"scale":[0.55,0.55,0.55]},"firstperson_righthand":{"rotation":[0,-90,25],"translation":[1.13,3.2,1.13],"scale":[0.68,0.68,0.68]},"firstperson_lefthand":{"rotation":[0,-90,25],"translation":[1.13,3.2,1.13],"scale":[0.68,0.68,0.68]},"ground":{"translation":[0,6,0]},"gui":{"rotation":[16,-38,0],"translation":[0,4,0],"scale":[1.3,1.3,1.3]},"head":{"translation":[0,-42.5,9.75],"scale":[2,2,2]},"fixed":{"rotation":[0,180,0]}},"groups":[{"name":"HMC_PrideBackpack","origin":[8,8,8],"color":0,"nbt":"{}","armAnimationEnabled":false,"children":[0,1,2,3,4,5]}]}