{	"credit":"MadewithBlockbench",	"texture_size":[48,48],	"textures":{		"1":"cosmetics/pride_backpack",		"particle":"cosmetics/pride_backpack"	},	"elements":[		{			"from":[2,0,2],			"to":[14,14,9],			"faces":{				"north":{"uv":[0,0,4,4.66667],"texture":"#1","tintindex":0},				"east":{"uv":[0,4.66667,2.33333,9.33333],"texture":"#1","tintindex":0},				"south":{"uv":[4,0,8,4.66667],"texture":"#1","tintindex":0},				"west":{"uv":[2.33333,4.66667,4.66667,9.33333],"texture":"#1","tintindex":0},				"up":{"uv":[8.66667,7,4.66667,4.66667],"texture":"#1","tintindex":0},				"down":{"uv":[8.66667,7,4.66667,9.33333],"texture":"#1","tintindex":0}			}		},		{			"from":[9.5,6,9],			"to":[10.5,14,10],			"rotation":{"angle":22.5,"axis":"y","origin":[10,10,9.5]},			"faces":{				"north":{"uv":[2,10.33333,2.33333,13],"texture":"#1","tintindex":0},				"east":{"uv":[2.33333,10.33333,2.66667,13],"texture":"#1","tintindex":0},				"south":{"uv":[4.66667,10.33333,5,13],"texture":"#1"},				"west":{"uv":[5,10.33333,5.33333,13],"texture":"#1"},				"up":{"uv":[7.66667,10.66667,7.33333,10.33333],"texture":"#1"},				"down":{"uv":[8,10.33333,7.66667,10.66667],"texture":"#1","tintindex":0}			}		},		{			"from":[12,8,10],			"to":[12,14,19],			"rotation":{"angle":22.5,"axis":"y","origin":[10,11,14.5]},			"faces":{				"north":{"uv":[0,0,0,2],"texture":"#1"},				"east":{"uv":[8.66667,4.66667,11,6.66667],"texture":"#1"},				"south":{"uv":[0,0,0,2],"texture":"#1"},				"west":{"uv":[8.66667,6.66667,11,8.66667],"texture":"#1"},				"up":{"uv":[0,2.33333,0,0],"texture":"#1"},				"down":{"uv":[0,0,0,2.33333],"texture":"#1"}			}		},		{			"from":[5,14,4],			"to":[11,16,7],			"faces":{				"north":{"uv":[8.66667,9.66667,10.66667,10.33333],"texture":"#1","tintindex":0},				"east":{"uv":[5.33333,10.33333,6.33333,11],"texture":"#1","tintindex":0},				"south":{"uv":[0,10.33333,2,11],"texture":"#1","tintindex":0},				"west":{"uv":[6.33333,10.33333,7.33333,11],"texture":"#1","tintindex":0},				"up":{"uv":[6.66667,10.33333,4.66667,9.33333],"texture":"#1","tintindex":0},				"down":{"uv":[8.66667,9.33333,6.66667,10.33333],"texture":"#1","tintindex":0}			}		},		{			"from":[5,16,4],			"to":[11,16,7],			"rotation":{"angle":0,"axis":"y","origin":[0,16,0]},			"faces":{				"north":{"uv":[8.66667,10.33333,10.66667,9.66667],"texture":"#1","tintindex":0},				"east":{"uv":[5.33333,11,6.33333,10.33333],"texture":"#1","tintindex":0},				"south":{"uv":[0,11,2,10.33333],"texture":"#1","tintindex":0},				"west":{"uv":[6.33333,11,7.33333,10.33333],"texture":"#1","tintindex":0},				"up":{"uv":[8.66667,10.33333,6.66667,9.33333],"texture":"#1","tintindex":0},				"down":{"uv":[6.66667,9.33333,4.66667,10.33333],"texture":"#1","tintindex":0}			}		},		{			"from":[11,14,4],			"to":[11,16,7],			"faces":{				"north":{"uv":[8.66667,9.66667,10.66667,10.33333],"texture":"#1","tintindex":0},				"east":{"uv":[5.33333,10.33333,6.33333,11],"texture":"#1","tintindex":0},				"south":{"uv":[0,10.33333,2,11],"texture":"#1","tintindex":0},				"west":{"uv":[6.33333,10.33333,7.33333,11],"texture":"#1","tintindex":0},				"up":{"uv":[6.66667,10.33333,4.66667,9.33333],"texture":"#1","tintindex":0},				"down":{"uv":[8.66667,9.33333,6.66667,10.33333],"texture":"#1","tintindex":0}			}		},		{			"from":[5,14,4],			"to":[5,16,7],			"rotation":{"angle":0,"axis":"y","origin":[16,0,0]},			"faces":{				"north":{"uv":[10.66667,9.66667,8.66667,10.33333],"texture":"#1","tintindex":0},				"east":{"uv":[7.33333,10.33333,6.33333,11],"texture":"#1","tintindex":0},				"south":{"uv":[2,10.33333,0,11],"texture":"#1"},				"west":{"uv":[6.33333,10.33333,5.33333,11],"texture":"#1","tintindex":0},				"up":{"uv":[4.66667,10.33333,6.66667,9.33333],"texture":"#1"},				"down":{"uv":[6.66667,9.33333,8.66667,10.33333],"texture":"#1","tintindex":0}			}		},		{			"from":[4,0,9],			"to":[12,7,12],			"faces":{				"north":{"uv":[8,0,10.66667,2.33333],"texture":"#1","tintindex":0},				"east":{"uv":[2.66667,9.33333,3.66667,11.66667],"texture":"#1","tintindex":0},				"south":{"uv":[8,2.33333,10.66667,4.66667],"texture":"#1","tintindex":0},				"west":{"uv":[3.66667,9.33333,4.66667,11.66667],"texture":"#1","tintindex":0},				"up":{"uv":[11.33333,9.66667,8.66667,8.66667],"texture":"#1","tintindex":0},				"down":{"uv":[2.66667,9.33333,0,10.33333],"texture":"#1","tintindex":0}			}		}	],	"display":{		"thirdperson_righthand":{			"rotation":[-135,0,-180],			"translation":[0,1.5,0],			"scale":[0.5,0.5,0.5]		},		"thirdperson_lefthand":{			"rotation":[-135,0,-180],			"translation":[0,1.5,0],			"scale":[0.5,0.5,0.5]		},		"firstperson_righthand":{			"rotation":[-180,0,-180],			"scale":[0.5,0.5,0.5]		},		"firstperson_lefthand":{			"rotation":[-180,0,-180],			"scale":[0.5,0.5,0.5]		},		"ground":{			"scale":[0.75,0.75,0.75]		},		"gui":{			"rotation":[0,-57.25,0],			"translation":[-0.5,0,0],			"scale":[0.75,0.75,0.75]		},		"head":{			"translation":[0,-50,9]		}	},	"groups":[		{			"name":"Hibiscus_PrideBackPack",			"origin":[8,8,8],			"color":0,			"children":[0,1,2,3,4,5,6,7]		}	]}