{"credit":"MadewithBlockbench","texture_size":[32,32],"textures":{"0":"cosmetics/scuba_gear","particle":"cosmetics/scuba_gear"},"elements":[{"from":[4,0,4],"to":[12,3,12],"faces":{"north":{"uv":[12,4,16,5.5],"texture":"#0"},"east":{"uv":[12,5.5,16,7],"texture":"#0"},"south":{"uv":[12,7,16,8.5],"texture":"#0"},"west":{"uv":[8,12,12,13.5],"texture":"#0"},"up":{"uv":[12,4,8,0],"texture":"#0"},"down":{"uv":[12,4,8,8],"texture":"#0"}}},{"from":[4.25,3,4.25],"to":[11.75,16,11.75],"faces":{"north":{"uv":[0,0,4,6.5],"texture":"#0"},"east":{"uv":[4,0,8,6.5],"texture":"#0"},"south":{"uv":[0,6.5,4,13],"texture":"#0"},"west":{"uv":[4,6.5,8,13],"texture":"#0"},"up":{"uv":[12,12,8,8],"texture":"#0"},"down":{"uv":[16,0,12,4],"texture":"#0"}}},{"from":[6.25,16,6.25],"to":[9.75,17,9.75],"faces":{"north":{"uv":[7.5,13.5,9.5,14],"texture":"#0"},"east":{"uv":[9.5,13.5,11.5,14],"texture":"#0"},"south":{"uv":[13,13.5,15,14],"texture":"#0"},"west":{"uv":[3,14,5,14.5],"texture":"#0"},"up":{"uv":[14,10.5,12,8.5],"texture":"#0"},"down":{"uv":[14,10.5,12,12.5],"texture":"#0"}}},{"from":[7.25,17,7.25],"to":[8.75,20,8.75],"faces":{"north":{"uv":[12,12.5,13,14],"texture":"#0"},"east":{"uv":[0,13,1,14.5],"texture":"#0"},"south":{"uv":[1,13,2,14.5],"texture":"#0"},"west":{"uv":[2,13,3,14.5],"texture":"#0"},"up":{"uv":[6,15,5,14],"texture":"#0"},"down":{"uv":[7,14,6,15],"texture":"#0"}}},{"from":[6.25,18,7.05],"to":[9,19.5,8.95],"faces":{"north":{"uv":[3,13,4.5,14],"texture":"#0"},"east":{"uv":[7,14,8,15],"texture":"#0"},"south":{"uv":[4.5,13,6,14],"texture":"#0"},"west":{"uv":[8,14,9,15],"texture":"#0"},"up":{"uv":[7.5,14,6,13],"texture":"#0"},"down":{"uv":[14.5,12.5,13,13.5],"texture":"#0"}}},{"from":[4.25,17.75,6.8],"to":[6.25,19.75,9.2],"faces":{"north":{"uv":[14,8.5,15,9.5],"texture":"#0"},"east":{"uv":[9,14,10,15],"texture":"#0"},"south":{"uv":[14,9.5,15,10.5],"texture":"#0"},"west":{"uv":[10,14,11,15],"texture":"#0"},"up":{"uv":[15,11.5,14,10.5],"texture":"#0"},"down":{"uv":[12,14,11,15],"texture":"#0"}}}],"display":{"thirdperson_righthand":{"rotation":[61,0,0],"scale":[0.6,0.6,0.6]},"thirdperson_lefthand":{"rotation":[61,0,0],"scale":[0.6,0.6,0.6]},"ground":{"translation":[0,-0.75,0],"scale":[0.6,0.6,0.6]},"gui":{"rotation":[32,127,0],"scale":[0.6,0.6,0.6]},"head":{"translation":[0,-52,6.5]},"fixed":{"rotation":[-90,0,0],"translation":[0,0,-13],"scale":[2,2,2]}},"groups":[{"name":"scuba_gear","origin":[8,8,8],"color":0,"children":[0,1,2,3,4,5]}]}