{"credit":"MadewithBlockbench","ambientocclusion":false,"texture_size":[48,48],"textures":{"1":"cosmetics/chef_cosmetics"},"elements":[{"from":[8,2,6],"to":[8,3,16],"faces":{"north":{"uv":[0,0,0,0.33333],"texture":"#1"},"east":{"uv":[10.66667,10,14,10.33333],"texture":"#1"},"south":{"uv":[0,0,0,0.33333],"texture":"#1"},"west":{"uv":[10.66667,10.33333,14,10.66667],"texture":"#1"},"up":{"uv":[0,3.33333,0,0],"texture":"#1"},"down":{"uv":[0,0,0,3.33333],"texture":"#1"}}},{"from":[8,1,16],"to":[8,4,17],"faces":{"north":{"uv":[0,0,0,1],"texture":"#1"},"east":{"uv":[10.66667,10.66667,11,11.66667],"texture":"#1"},"south":{"uv":[0,0,0,1],"texture":"#1"},"west":{"uv":[11,10.66667,11.33333,11.66667],"texture":"#1"},"up":{"uv":[0,0.33333,0,0],"texture":"#1"},"down":{"uv":[0,0,0,0.33333],"texture":"#1"}}},{"from":[8,0,0],"to":[8,5,6],"faces":{"north":{"uv":[0,0,0,1.66667],"texture":"#1"},"east":{"uv":[6.66667,10,8.66667,11.66667],"texture":"#1"},"south":{"uv":[0,0,0,1.66667],"texture":"#1"},"west":{"uv":[8.66667,10,10.66667,11.66667],"texture":"#1"},"up":{"uv":[0,2,0,0],"texture":"#1"},"down":{"uv":[0,0,0,2],"texture":"#1"}}}],"display":{"thirdperson_righthand":{"rotation":[90,0,0],"translation":[0,2,5.75]},"thirdperson_lefthand":{"rotation":[90,0,0],"translation":[0,2,5.75]},"firstperson_righthand":{"rotation":[35,0,0],"translation":[0,5.5,5.75]},"firstperson_lefthand":{"rotation":[35,0,0],"translation":[0,5.5,5.75]},"gui":{"rotation":[119,-20,-57],"translation":[4.5,-2.25,0],"scale":[0.85,0.85,0.85]}},"groups":[{"name":"HMC_ChefOffhand","origin":[8,8,8],"color":0,"nbt":"{}","armAnimationEnabled":false,"children":[0,1,2]}]}