{"credit":"MadewithBlockbench","texture_size":[32,32],"textures":{"1":"cosmetics/steel_pan"},"elements":[{"from":[2,0,2],"to":[14,0.5,14],"faces":{"north":{"uv":[6,0,12,0.5],"texture":"#1"},"east":{"uv":[6,0.5,12,1],"texture":"#1"},"south":{"uv":[6,1,12,1.5],"texture":"#1"},"west":{"uv":[6,1.5,12,2],"texture":"#1"},"up":{"uv":[6,6,0,0],"texture":"#1"},"down":{"uv":[6,6,0,12],"texture":"#1"}}},{"from":[7,1,-3],"to":[9,1.5,2],"faces":{"north":{"uv":[10,9,11,9.5],"texture":"#1"},"east":{"uv":[10,8,12.5,8.5],"texture":"#1"},"south":{"uv":[10,9.5,11,10],"texture":"#1"},"west":{"uv":[10,8.5,12.5,9],"texture":"#1"},"up":{"uv":[9,10.5,8,8],"texture":"#1"},"down":{"uv":[10,8,9,10.5],"texture":"#1"}}},{"from":[7,1,-4.5],"to":[9,1.5,-4],"faces":{"north":{"uv":[10,10,11,10.5],"texture":"#1"},"east":{"uv":[8,11,8.5,11.5],"texture":"#1"},"south":{"uv":[8,10.5,9,11],"texture":"#1"},"west":{"uv":[8.5,11,9,11.5],"texture":"#1"},"up":{"uv":[10,11,9,10.5],"texture":"#1"},"down":{"uv":[11,10.5,10,11],"texture":"#1"}}},{"from":[7,1,-4],"to":[7.5,1.5,-3],"faces":{"north":{"uv":[9,11,9.5,11.5],"texture":"#1"},"east":{"uv":[11,9,11.5,9.5],"texture":"#1"},"south":{"uv":[9.5,11,10,11.5],"texture":"#1"},"west":{"uv":[11,9.5,11.5,10],"texture":"#1"},"up":{"uv":[10.5,11.5,10,11],"texture":"#1"},"down":{"uv":[11.5,10,11,10.5],"texture":"#1"}}},{"from":[8.5,1,-4],"to":[9,1.5,-3],"rotation":{"angle":0,"axis":"y","origin":[16,0,0]},"faces":{"north":{"uv":[10.5,11,11,11.5],"texture":"#1"},"east":{"uv":[11,10.5,11.5,11],"texture":"#1"},"south":{"uv":[11,11,11.5,11.5],"texture":"#1"},"west":{"uv":[11.5,6,12,6.5],"texture":"#1"},"up":{"uv":[12,7,11.5,6.5],"texture":"#1"},"down":{"uv":[8.5,11.5,8,12],"texture":"#1"}}},{"from":[2,0.5,2.5],"to":[2.5,1.5,13.5],"faces":{"north":{"uv":[8.5,11.5,9,12],"texture":"#1"},"east":{"uv":[6,6,11.5,6.5],"texture":"#1"},"south":{"uv":[9,11.5,9.5,12],"texture":"#1"},"west":{"uv":[6,6.5,11.5,7],"texture":"#1"},"up":{"uv":[6.5,12.5,6,7],"texture":"#1"},"down":{"uv":[7,7,6.5,12.5],"texture":"#1"}}},{"from":[13.5,0.5,2.5],"to":[14,1.5,13.5],"rotation":{"angle":0,"axis":"y","origin":[16,0,0]},"faces":{"north":{"uv":[11.5,9,12,9.5],"texture":"#1"},"east":{"uv":[7,7,12.5,7.5],"texture":"#1"},"south":{"uv":[9.5,11.5,10,12],"texture":"#1"},"west":{"uv":[7,7.5,12.5,8],"texture":"#1"},"up":{"uv":[7.5,13.5,7,8],"texture":"#1"},"down":{"uv":[8,8,7.5,13.5],"texture":"#1"}}},{"from":[2,0.5,2],"to":[14,1.5,2.5],"faces":{"north":{"uv":[6,2,12,2.5],"texture":"#1"},"east":{"uv":[11.5,9.5,12,10],"texture":"#1"},"south":{"uv":[6,2.5,12,3],"texture":"#1"},"west":{"uv":[10,11.5,10.5,12],"texture":"#1"},"up":{"uv":[12,3.5,6,3],"texture":"#1"},"down":{"uv":[12,3.5,6,4],"texture":"#1"}}},{"from":[2,0.5,13.5],"to":[14,1.5,14],"rotation":{"angle":0,"axis":"y","origin":[0,0,16]},"faces":{"north":{"uv":[6,4,12,4.5],"texture":"#1"},"east":{"uv":[11.5,10,12,10.5],"texture":"#1"},"south":{"uv":[6,4.5,12,5],"texture":"#1"},"west":{"uv":[10.5,11.5,11,12],"texture":"#1"},"up":{"uv":[12,5.5,6,5],"texture":"#1"},"down":{"uv":[12,5.5,6,6],"texture":"#1"}}}],"display":{"thirdperson_righthand":{"rotation":[76,153,0],"scale":[0.4,0.4,0.4]},"thirdperson_lefthand":{"rotation":[76,153,0],"translation":[0,3.25,2.25],"scale":[0.4,0.4,0.4]},"firstperson_righthand":{"rotation":[0,-13,0],"translation":[0,6.75,3],"scale":[0.5,0.5,0.5]},"firstperson_lefthand":{"rotation":[0,-13,0],"translation":[0,6.75,3],"scale":[0.5,0.5,0.5]},"ground":{"scale":[0.6,0.6,0.6]},"gui":{"rotation":[40,129,0],"translation":[0.75,3.25,0],"scale":[0.7,0.7,0.7]},"head":{"rotation":[-180,0,0],"translation":[0,-4.5,0.25],"scale":[1.5,1.5,1.5]},"fixed":{"rotation":[-90,0,0],"translation":[0,1.5,-15],"scale":[2,2,2]}},"groups":[{"name":"steel_pan","origin":[8,8,8],"color":0,"children":[0,1,2,3,4,5,6,7,8]}]}