{"credit":"MadewithBlockbench","texture_size":[48,48],"textures":{"0":"cosmetics/sun_hat","particle":"cosmetics/sun_hat"},"elements":[{"from":[3,0,3],"to":[13,4,13],"rotation":{"angle":0,"axis":"y","origin":[0,0,16]},"faces":{"north":{"uv":[6,6.66667,9.33333,8],"texture":"#0"},"east":{"uv":[6,8,9.33333,9.33333],"texture":"#0"},"south":{"uv":[9.33333,0,12.66667,1.33333],"texture":"#0"},"west":{"uv":[9.33333,1.33333,12.66667,2.66667],"texture":"#0"},"up":{"uv":[9.33333,3.33333,6,0],"texture":"#0"},"down":{"uv":[9.33333,3.33333,6,6.66667],"texture":"#0"}}},{"from":[7,0,13],"to":[9,2,14],"rotation":{"angle":0,"axis":"y","origin":[0,0,16]},"faces":{"north":{"uv":[6,9.33333,6.66667,10],"texture":"#0"},"east":{"uv":[6.66667,9.33333,7,10],"texture":"#0"},"south":{"uv":[9.33333,6,10,6.66667],"texture":"#0"},"west":{"uv":[9.33333,6.66667,9.66667,7.33333],"texture":"#0"},"up":{"uv":[7.66667,9.66667,7,9.33333],"texture":"#0"},"down":{"uv":[10,7.33333,9.33333,7.66667],"texture":"#0"}}},{"from":[4,0,13.5],"to":[12,5,13.5],"rotation":{"angle":0,"axis":"y","origin":[0,0,16]},"faces":{"north":{"uv":[9.33333,4.33333,12,6],"texture":"#0"},"east":{"uv":[0,0,0,1.66667],"texture":"#0"},"south":{"uv":[9.33333,4.33333,12,6],"texture":"#0"},"west":{"uv":[0,0,0,1.66667],"texture":"#0"},"up":{"uv":[2.66667,0,0,0],"texture":"#0"},"down":{"uv":[2.66667,0,0,0],"texture":"#0"}}},{"from":[-1,0,-1],"to":[17,0,17],"rotation":{"angle":0,"axis":"y","origin":[0,0,16]},"faces":{"north":{"uv":[0,0,6,0],"texture":"#0"},"east":{"uv":[0,0,6,0],"texture":"#0"},"south":{"uv":[0,0,6,0],"texture":"#0"},"west":{"uv":[0,0,6,0],"texture":"#0"},"up":{"uv":[6,6,0,0],"texture":"#0"},"down":{"uv":[6,0,0,6],"texture":"#0"}}}],"display":{"thirdperson_righthand":{"rotation":[61,0,0],"translation":[0,0,3.25],"scale":[0.6,0.6,0.6]},"thirdperson_lefthand":{"rotation":[61,0,0],"translation":[0,0,3.25],"scale":[0.6,0.6,0.6]},"firstperson_righthand":{"translation":[0,5,0]},"firstperson_lefthand":{"translation":[0,5,0]},"ground":{"translation":[0,-0.75,0],"scale":[0.6,0.6,0.6]},"gui":{"rotation":[32,127,0],"translation":[0,2.25,0],"scale":[0.6,0.6,0.6]},"head":{"rotation":[0,-180,0],"translation":[0,15.5,0.25],"scale":[1.5,1.5,1.5]},"fixed":{"rotation":[-90,0,0],"translation":[0,0,-13],"scale":[2,2,2]}},"groups":[{"name":"sun_hat","origin":[8,8,8],"color":0,"children":[0,1,2,3]}]}