{"credit":"MadewithBlockbench","ambientocclusion":false,"texture_size":[64,64],"textures":{"0":"cosmetics/surfboard","particle":"cosmetics/surfboard"},"elements":[{"from":[1,0,-4],"to":[15,1,27],"rotation":{"angle":0,"axis":"x","origin":[8,0.5,8]},"faces":{"north":{"uv":[7,7.25,10.5,7.5],"texture":"#0","tintindex":0},"east":{"uv":[7,1.75,13,2],"texture":"#0","tintindex":0},"south":{"uv":[7,7.5,10.5,7.75],"texture":"#0","tintindex":0},"west":{"uv":[7,2,13,2.25],"texture":"#0","tintindex":0},"up":{"uv":[3.5,6,0,0],"texture":"#0","tintindex":0},"down":{"uv":[3.5,0,0,6],"texture":"#0","tintindex":0}}},{"from":[6,0,-9],"to":[10,1,-4],"rotation":{"angle":0,"axis":"x","origin":[8,0.5,8]},"faces":{"north":{"uv":[8,1.5,9,1.75],"texture":"#0","tintindex":0},"east":{"uv":[8,0.5,9.25,0.75],"texture":"#0","tintindex":0},"south":{"uv":[1.75,8,2.75,8.25],"texture":"#0","tintindex":0},"west":{"uv":[8,0.75,9.25,1],"texture":"#0","tintindex":0},"up":{"uv":[8,3.5,7,2.25],"texture":"#0","tintindex":0},"down":{"uv":[8,2.25,7,3.5],"texture":"#0","tintindex":0}}},{"from":[-5.43503,0.1,-2.6066],"to":[-1.43503,0.9,4.4934],"rotation":{"angle":-45,"axis":"y","origin":[8,0.5,8]},"faces":{"north":{"uv":[8,2.25,9,2.5],"texture":"#0","tintindex":0},"east":{"uv":[0,7.75,1.75,8],"texture":"#0","tintindex":0},"south":{"uv":[8,2.5,9,2.75],"texture":"#0","tintindex":0},"west":{"uv":[1.75,7.75,3.5,8],"texture":"#0","tintindex":0},"up":{"uv":[1,7.75,0,6],"texture":"#0","tintindex":0},"down":{"uv":[1,6,0,7.75],"texture":"#0","tintindex":0}}},{"from":[17.43503,0.1,-2.6066],"to":[21.43503,0.9,4.4934],"rotation":{"angle":45,"axis":"y","origin":[8,0.5,8]},"faces":{"north":{"uv":[9,2.25,8,2.5],"texture":"#0","tintindex":0},"east":{"uv":[3.5,7.75,1.75,8],"texture":"#0","tintindex":0},"south":{"uv":[9,2.5,8,2.75],"texture":"#0","tintindex":0},"west":{"uv":[1.75,7.75,0,8],"texture":"#0","tintindex":0},"up":{"uv":[0,7.75,1,6],"texture":"#0","tintindex":0},"down":{"uv":[0,6,1,7.75],"texture":"#0","tintindex":0}}},{"from":[17.43503,0.1,18.5066],"to":[21.43503,0.9,25.6066],"rotation":{"angle":-45,"axis":"y","origin":[8,0.5,15]},"faces":{"north":{"uv":[8,2.5,9,2.75],"texture":"#0","tintindex":0},"east":{"uv":[1.75,7.75,3.5,8],"texture":"#0","tintindex":0},"south":{"uv":[8,2.25,9,2.5],"texture":"#0","tintindex":0},"west":{"uv":[0,7.75,1.75,8],"texture":"#0","tintindex":0},"up":{"uv":[0,6,1,7.75],"texture":"#0","tintindex":0},"down":{"uv":[0,7.75,1,6],"texture":"#0","tintindex":0}}},{"from":[6,0,27],"to":[10,1,32],"rotation":{"angle":0,"axis":"x","origin":[8,0.5,15]},"faces":{"north":{"uv":[2.75,8,1.75,8.25],"texture":"#0","tintindex":0},"east":{"uv":[9.25,0.5,8,0.75],"texture":"#0","tintindex":0},"south":{"uv":[9,1.5,8,1.75],"texture":"#0","tintindex":0},"west":{"uv":[9.25,0.75,8,1],"texture":"#0","tintindex":0},"up":{"uv":[8,2.25,7,3.5],"texture":"#0","tintindex":0},"down":{"uv":[8,3.5,7,2.25],"texture":"#0","tintindex":0}}},{"from":[-5.43503,0.1,18.5066],"to":[-1.43503,0.9,25.6066],"rotation":{"angle":45,"axis":"y","origin":[8,0.5,15]},"faces":{"north":{"uv":[9,2.5,8,2.75],"texture":"#0","tintindex":0},"east":{"uv":[1.75,7.75,0,8],"texture":"#0","tintindex":0},"south":{"uv":[9,2.25,8,2.5],"texture":"#0","tintindex":0},"west":{"uv":[3.5,7.75,1.75,8],"texture":"#0","tintindex":0},"up":{"uv":[1,6,0,7.75],"texture":"#0","tintindex":0},"down":{"uv":[1,7.75,0,6],"texture":"#0","tintindex":0}}}],"display":{"thirdperson_righthand":{"rotation":[70,0,-90],"translation":[6.25,0,0]},"thirdperson_lefthand":{"rotation":[70,0,-90],"translation":[6.25,0,0]},"firstperson_righthand":{"rotation":[8,0,-90],"translation":[9.25,0,-2]},"firstperson_lefthand":{"rotation":[8,0,-90],"translation":[9.25,0,-2]},"gui":{"rotation":[44,-43,0],"translation":[1.25,3,0],"scale":[0.5,0.5,0.5]}},"groups":[{"name":"Hibiscus_Surfboard","origin":[8,8,8],"color":0,"children":[0,1,2,3,4,5,6]}]}