{"credit":"MadewithBlockbench","texture_size":[48,48],"textures":{"0":"cosmetics/teamseas_hat","particle":"cosmetics/teamseas_hat"},"elements":[{"from":[4,2,3],"to":[12,12,13],"faces":{"north":{"uv":[6,0,8.66667,3.33333],"texture":"#0"},"east":{"uv":[0,4,3.33333,7.33333],"texture":"#0"},"south":{"uv":[6.66667,3.33333,9.33333,6.66667],"texture":"#0"},"west":{"uv":[3.33333,4,6.66667,7.33333],"texture":"#0"},"up":{"uv":[9.33333,10,6.66667,6.66667],"texture":"#0"},"down":{"uv":[2.66667,7.33333,0,10.66667],"texture":"#0"}}},{"from":[8,12,3],"to":[8,19,13],"faces":{"north":{"uv":[0,0,0,2.33333],"texture":"#0"},"east":{"uv":[2.66667,7.33333,6,9.66667],"texture":"#0"},"south":{"uv":[0,0,0,2.33333],"texture":"#0"},"west":{"uv":[8.66667,0,12,2.33333],"texture":"#0"},"up":{"uv":[0,3.33333,0,0],"texture":"#0"},"down":{"uv":[0,0,0,3.33333],"texture":"#0"}}},{"from":[12,8,6],"to":[12,12,12],"rotation":{"angle":-22.5,"axis":"z","origin":[12,8,9]},"faces":{"north":{"uv":[0,0,0,1.33333],"texture":"#0"},"east":{"uv":[9.33333,2.33333,11.33333,3.66667],"texture":"#0"},"south":{"uv":[0,0,0,1.33333],"texture":"#0"},"west":{"uv":[9.33333,3.66667,11.33333,5],"texture":"#0"},"up":{"uv":[0,2,0,0],"texture":"#0"},"down":{"uv":[0,0,0,2],"texture":"#0"}}},{"from":[4,8,6],"to":[4,12,12],"rotation":{"angle":22.5,"axis":"z","origin":[4,8,9]},"faces":{"north":{"uv":[0,0,0,1.33333],"texture":"#0"},"east":{"uv":[9.33333,5,11.33333,6.33333],"texture":"#0"},"south":{"uv":[0,0,0,1.33333],"texture":"#0"},"west":{"uv":[9.33333,6.33333,11.33333,7.66667],"texture":"#0"},"up":{"uv":[0,2,0,0],"texture":"#0"},"down":{"uv":[0,0,0,2],"texture":"#0"}}},{"from":[3.5,0,2],"to":[12.5,2,14],"faces":{"north":{"uv":[9.33333,9,12.33333,9.66667],"texture":"#0"},"east":{"uv":[9.33333,7.66667,13.33333,8.33333],"texture":"#0"},"south":{"uv":[2.66667,9.66667,5.66667,10.33333],"texture":"#0"},"west":{"uv":[9.33333,8.33333,13.33333,9],"texture":"#0"},"up":{"uv":[3,4,0,0],"texture":"#0"},"down":{"uv":[6,0,3,4],"texture":"#0"}}}],"display":{"thirdperson_righthand":{"rotation":[-75,0,0],"translation":[0,-0.75,-2],"scale":[0.6,0.6,0.6]},"thirdperson_lefthand":{"rotation":[-75,0,0],"translation":[0,-0.75,-2],"scale":[0.6,0.6,0.6]},"firstperson_righthand":{"rotation":[0,136,0],"translation":[0,6,0],"scale":[0.7,0.7,0.7]},"firstperson_lefthand":{"rotation":[0,136,0],"translation":[0,6,0],"scale":[0.7,0.7,0.7]},"ground":{"scale":[0.6,0.6,0.6]},"gui":{"rotation":[40,129,0],"scale":[0.6,0.6,0.6]},"head":{"translation":[0,15.75,0],"scale":[1.5,1.5,1.5]},"fixed":{"rotation":[-90,0,0],"translation":[0,0,-14],"scale":[2,2,2]}},"groups":[{"name":"teamseas_hat","origin":[8,8,8],"color":0,"children":[0,1,2,3,4]}]}