{"credit":"MadewithBlockbench","texture_size":[48,48],"textures":{"0":"cosmetics/teamseas_backpack","particle":"cosmetics/teamseas_backpack"},"elements":[{"from":[5.25,2.25,10.25],"to":[6.25,2.75,10.75],"rotation":{"angle":-45,"axis":"z","origin":[8,5,11]},"faces":{"north":{"uv":[12,1,12.33333,1.33333],"rotation":90,"texture":"#0"},"east":{"uv":[2.33333,12,2,12.33333],"rotation":270,"texture":"#0"},"south":{"uv":[12,1.33333,12.33333,1.66667],"rotation":270,"texture":"#0"},"west":{"uv":[12.33333,2,12,1.66667],"rotation":270,"texture":"#0"},"up":{"uv":[1.33333,12,1.66667,12.33333],"rotation":270,"texture":"#0"},"down":{"uv":[1.66667,12,2,12.33333],"rotation":270,"texture":"#0"}}},{"from":[5.25,1.25,10.25],"to":[6.25,1.75,10.75],"rotation":{"angle":-45,"axis":"z","origin":[8,5,11]},"faces":{"north":{"uv":[7,11.66667,7.33333,12],"rotation":90,"texture":"#0"},"east":{"uv":[8.66667,11.66667,8.33333,12],"rotation":270,"texture":"#0"},"south":{"uv":[7.33333,11.66667,7.66667,12],"rotation":270,"texture":"#0"},"west":{"uv":[8.33333,12,8,11.66667],"rotation":270,"texture":"#0"},"up":{"uv":[11.66667,7,12,7.33333],"rotation":270,"texture":"#0"},"down":{"uv":[7.66667,11.66667,8,12],"rotation":270,"texture":"#0"}}},{"from":[4.75,1.5,10.5],"to":[5.25,1.75,10.5],"rotation":{"angle":-45,"axis":"z","origin":[8,5,11]},"faces":{"north":{"uv":[12,0,12.33333,0.33333],"rotation":90,"texture":"#0"},"east":{"uv":[0.33333,0,0,0],"rotation":270,"texture":"#0"},"south":{"uv":[12,0.33333,12.33333,0.66667],"rotation":270,"texture":"#0"},"west":{"uv":[0.33333,0,0,0],"rotation":270,"texture":"#0"},"up":{"uv":[0,0,0,0.33333],"rotation":270,"texture":"#0"},"down":{"uv":[0,0,0,0.33333],"rotation":270,"texture":"#0"}}},{"from":[3.5,1.4,10.5],"to":[4.5,1.9,10.5],"rotation":{"angle":-45,"axis":"z","origin":[8,5,11]},"faces":{"north":{"uv":[11.66667,9.66667,12,10],"rotation":90,"texture":"#0"},"east":{"uv":[0.33333,0,0,0],"rotation":270,"texture":"#0"},"south":{"uv":[11.66667,10,12,10.33333],"rotation":270,"texture":"#0"},"west":{"uv":[0.33333,0,0,0],"rotation":270,"texture":"#0"},"up":{"uv":[0,0,0,0.33333],"rotation":270,"texture":"#0"},"down":{"uv":[0,0,0,0.33333],"rotation":270,"texture":"#0"}}},{"from":[3.35,2.1,10.5],"to":[3.5,2.4,10.5],"rotation":{"angle":-45,"axis":"z","origin":[8,5,11]},"faces":{"north":{"uv":[11.66667,11,12,11.33333],"rotation":90,"texture":"#0"},"east":{"uv":[0.33333,0,0,0],"rotation":270,"texture":"#0"},"south":{"uv":[11.33333,11.66667,11.66667,12],"rotation":270,"texture":"#0"},"west":{"uv":[0.33333,0,0,0],"rotation":270,"texture":"#0"},"up":{"uv":[0,0,0,0.33333],"rotation":270,"texture":"#0"},"down":{"uv":[0,0,0,0.33333],"rotation":270,"texture":"#0"}}},{"from":[3.5,2.1,10.5],"to":[4.5,2.6,10.5],"rotation":{"angle":-45,"axis":"z","origin":[8,5,11]},"faces":{"north":{"uv":[11.66667,11.33333,12,11.66667],"rotation":90,"texture":"#0"},"east":{"uv":[0.33333,0,0,0],"rotation":270,"texture":"#0"},"south":{"uv":[11.66667,11.66667,12,12],"rotation":270,"texture":"#0"},"west":{"uv":[0.33333,0,0,0],"rotation":270,"texture":"#0"},"up":{"uv":[0,0,0,0.33333],"rotation":270,"texture":"#0"},"down":{"uv":[0,0,0,0.33333],"rotation":270,"texture":"#0"}}},{"from":[4.5,1.75,10.5],"to":[5,2.25,10.5],"rotation":{"angle":-45,"axis":"z","origin":[8,5,11]},"faces":{"north":{"uv":[8.66667,11.66667,9,12],"rotation":90,"texture":"#0"},"east":{"uv":[0.33333,0,0,0],"rotation":270,"texture":"#0"},"south":{"uv":[9,11.66667,9.33333,12],"rotation":270,"texture":"#0"},"west":{"uv":[0.33333,0,0,0],"rotation":270,"texture":"#0"},"up":{"uv":[0,0,0,0.33333],"rotation":270,"texture":"#0"},"down":{"uv":[0,0,0,0.33333],"rotation":270,"texture":"#0"}}},{"from":[3.35,1.6,10.5],"to":[3.5,1.9,10.5],"rotation":{"angle":-45,"axis":"z","origin":[8,5,11]},"faces":{"north":{"uv":[11.66667,10.33333,12,10.66667],"rotation":90,"texture":"#0"},"east":{"uv":[0.33333,0,0,0],"rotation":270,"texture":"#0"},"south":{"uv":[11.66667,10.66667,12,11],"rotation":270,"texture":"#0"},"west":{"uv":[0.33333,0,0,0],"rotation":270,"texture":"#0"},"up":{"uv":[0,0,0,0.33333],"rotation":270,"texture":"#0"},"down":{"uv":[0,0,0,0.33333],"rotation":270,"texture":"#0"}}},{"from":[4.75,2.25,10.5],"to":[5.25,2.5,10.5],"rotation":{"angle":-45,"axis":"z","origin":[8,5,11]},"faces":{"north":{"uv":[12,0.66667,12.33333,1],"rotation":90,"texture":"#0"},"east":{"uv":[0.33333,0,0,0],"rotation":270,"texture":"#0"},"south":{"uv":[1,12,1.33333,12.33333],"rotation":270,"texture":"#0"},"west":{"uv":[0.33333,0,0,0],"rotation":270,"texture":"#0"},"up":{"uv":[0,0,0,0.33333],"rotation":270,"texture":"#0"},"down":{"uv":[0,0,0,0.33333],"rotation":270,"texture":"#0"}}},{"from":[10.5,5.02513,10.51041],"to":[11.5,12.02513,11.51041],"rotation":{"angle":45,"axis":"x","origin":[11,6,10]},"faces":{"north":{"uv":[9.33333,10.33333,9.66667,12.66667],"texture":"#0"},"east":{"uv":[9.66667,10.33333,10,12.66667],"texture":"#0"},"south":{"uv":[10,10.33333,10.33333,12.66667],"texture":"#0"},"west":{"uv":[10.33333,10.33333,10.66667,12.66667],"texture":"#0"},"up":{"uv":[4,12.33333,3.66667,12],"texture":"#0"},"down":{"uv":[12.33333,3.66667,12,4],"texture":"#0"}}},{"from":[11.5,4,15],"to":[11.5,9,19],"rotation":{"angle":22.5,"axis":"y","origin":[11,6,10]},"faces":{"north":{"uv":[0,0,0,1.66667],"texture":"#0"},"east":{"uv":[9,6.33333,10.33333,8],"texture":"#0"},"south":{"uv":[0,0,0,1.66667],"texture":"#0"},"west":{"uv":[9.33333,8,10.66667,9.66667],"texture":"#0"},"up":{"uv":[0,1.33333,0,0],"texture":"#0"},"down":{"uv":[0,0,0,1.33333],"texture":"#0"}}},{"from":[7.5,4,15],"to":[7.5,9,19],"rotation":{"angle":22.5,"axis":"y","origin":[11,6,10]},"faces":{"north":{"uv":[0,0,0,1.66667],"texture":"#0"},"east":{"uv":[8,8,9.33333,9.66667],"texture":"#0"},"south":{"uv":[0,0,0,1.66667],"texture":"#0"},"west":{"uv":[9,4.66667,10.33333,6.33333],"texture":"#0"},"up":{"uv":[0,1.33333,0,0],"texture":"#0"},"down":{"uv":[0,0,0,1.33333],"texture":"#0"}}},{"from":[6.5,9,15],"to":[7.5,10,19],"rotation":{"angle":22.5,"axis":"y","origin":[11,6,10]},"faces":{"north":{"uv":[12,2,12.33333,2.33333],"texture":"#0"},"east":{"uv":[11,4,12.33333,4.33333],"texture":"#0"},"south":{"uv":[12,2.33333,12.33333,2.66667],"texture":"#0"},"west":{"uv":[11,4.33333,12.33333,4.66667],"texture":"#0"},"up":{"uv":[2.66667,12.33333,2.33333,11],"texture":"#0"},"down":{"uv":[11.33333,4.66667,11,6],"texture":"#0"}}},{"from":[6.5,9,14],"to":[12.5,10,15],"rotation":{"angle":22.5,"axis":"y","origin":[11,6,10]},"faces":{"north":{"uv":[10.66667,8.33333,12.66667,8.66667],"texture":"#0"},"east":{"uv":[3.33333,12,3.66667,12.33333],"texture":"#0"},"south":{"uv":[10.66667,8.66667,12.66667,9],"texture":"#0"},"west":{"uv":[12,3.33333,12.33333,3.66667],"texture":"#0"},"up":{"uv":[12.66667,9.33333,10.66667,9],"texture":"#0"},"down":{"uv":[12.66667,9.33333,10.66667,9.66667],"texture":"#0"}}},{"from":[11.5,9,15],"to":[12.5,10,19],"rotation":{"angle":22.5,"axis":"y","origin":[11,6,10]},"faces":{"north":{"uv":[2.66667,12,3,12.33333],"texture":"#0"},"east":{"uv":[11,6,12.33333,6.33333],"texture":"#0"},"south":{"uv":[12,2.66667,12.33333,3],"texture":"#0"},"west":{"uv":[11,6.33333,12.33333,6.66667],"texture":"#0"},"up":{"uv":[11,12.33333,10.66667,11],"texture":"#0"},"down":{"uv":[11.33333,11,11,12.33333],"texture":"#0"}}},{"from":[6.5,9,19],"to":[12.5,10,20],"rotation":{"angle":22.5,"axis":"y","origin":[11,6,10]},"faces":{"north":{"uv":[10.33333,7.33333,12.33333,7.66667],"texture":"#0"},"east":{"uv":[3,12,3.33333,12.33333],"texture":"#0"},"south":{"uv":[10.33333,7.66667,12.33333,8],"texture":"#0"},"west":{"uv":[12,3,12.33333,3.33333],"texture":"#0"},"up":{"uv":[2.66667,11,0.66667,10.66667],"texture":"#0"},"down":{"uv":[12.66667,8,10.66667,8.33333],"texture":"#0"}}},{"from":[7.5,4,15],"to":[11.5,9,15],"rotation":{"angle":22.5,"axis":"y","origin":[11,6,10]},"faces":{"north":{"uv":[5.33333,8,6.66667,9.66667],"texture":"#0"},"east":{"uv":[0,0,0,1.66667],"texture":"#0"},"south":{"uv":[6.66667,8,8,9.66667],"texture":"#0"},"west":{"uv":[0,0,0,1.66667],"texture":"#0"},"up":{"uv":[1.33333,0,0,0],"texture":"#0"},"down":{"uv":[1.33333,0,0,0],"texture":"#0"}}},{"from":[7.5,6,15],"to":[11.5,6,19],"rotation":{"angle":22.5,"axis":"y","origin":[11,6,10]},"faces":{"north":{"uv":[0,0,1.33333,0],"texture":"#0"},"east":{"uv":[0,0,1.33333,0],"texture":"#0"},"south":{"uv":[0,0,1.33333,0],"texture":"#0"},"west":{"uv":[0,0,1.33333,0],"texture":"#0"},"up":{"uv":[4,11.33333,2.66667,10],"texture":"#0"},"down":{"uv":[5.33333,10,4,11.33333],"texture":"#0"}}},{"from":[7.5,4,19],"to":[11.5,9,19],"rotation":{"angle":22.5,"axis":"y","origin":[11,6,10]},"faces":{"north":{"uv":[5.33333,9.66667,6.66667,11.33333],"texture":"#0"},"east":{"uv":[0,0,0,1.66667],"texture":"#0"},"south":{"uv":[6.66667,9.66667,8,11.33333],"texture":"#0"},"west":{"uv":[0,0,0,1.66667],"texture":"#0"},"up":{"uv":[1.33333,0,0,0],"texture":"#0"},"down":{"uv":[1.33333,0,0,0],"texture":"#0"}}},{"from":[4,15,6],"to":[6,16,8],"rotation":{"angle":0,"axis":"y","origin":[-3,2,14]},"faces":{"north":{"uv":[11,6.66667,11.66667,7],"texture":"#0"},"east":{"uv":[11,7,11.66667,7.33333],"texture":"#0"},"south":{"uv":[11.33333,0,12,0.33333],"texture":"#0"},"west":{"uv":[11.33333,0.33333,12,0.66667],"texture":"#0"},"up":{"uv":[11.33333,10.33333,10.66667,9.66667],"texture":"#0"},"down":{"uv":[11.33333,10.33333,10.66667,11],"texture":"#0"}}},{"from":[-2.25,16.75,7.75],"to":[-1,17.75,8.75],"rotation":{"angle":-22.5,"axis":"z","origin":[-3,2,14]},"faces":{"north":{"uv":[6.66667,11.33333,7,11.66667],"texture":"#0"},"east":{"uv":[7,11.33333,7.33333,11.66667],"texture":"#0"},"south":{"uv":[7.33333,11.33333,7.66667,11.66667],"texture":"#0"},"west":{"uv":[7.66667,11.33333,8,11.66667],"texture":"#0"},"up":{"uv":[11.66667,10,11.33333,9.66667],"texture":"#0"},"down":{"uv":[11.66667,10,11.33333,10.33333],"texture":"#0"}}},{"from":[11,16.75,7.75],"to":[12.25,17.75,8.75],"rotation":{"angle":22.5,"axis":"z","origin":[13,2,14]},"faces":{"north":{"uv":[11.33333,10.33333,11.66667,10.66667],"texture":"#0"},"east":{"uv":[11.33333,10.66667,11.66667,11],"texture":"#0"},"south":{"uv":[11.33333,11,11.66667,11.33333],"texture":"#0"},"west":{"uv":[11.33333,11.33333,11.66667,11.66667],"texture":"#0"},"up":{"uv":[1.33333,12,1,11.66667],"texture":"#0"},"down":{"uv":[1.66667,11.66667,1.33333,12],"texture":"#0"}}},{"from":[6,15,7.5],"to":[7.5,15,8],"rotation":{"angle":-45,"axis":"z","origin":[6,15,6]},"faces":{"north":{"uv":[0,0,0.66667,0],"texture":"#0"},"east":{"uv":[0,0,0.33333,0],"texture":"#0"},"south":{"uv":[0,0,0.66667,0],"texture":"#0"},"west":{"uv":[0,0,0.33333,0],"texture":"#0"},"up":{"uv":[12,5,11.33333,4.66667],"texture":"#0"},"down":{"uv":[12,5,11.33333,5.33333],"texture":"#0"}}},{"from":[6,15,6],"to":[7.5,15,6.5],"rotation":{"angle":-45,"axis":"z","origin":[6,15,6]},"faces":{"north":{"uv":[0,0,0.66667,0],"texture":"#0"},"east":{"uv":[0,0,0.33333,0],"texture":"#0"},"south":{"uv":[0,0,0.66667,0],"texture":"#0"},"west":{"uv":[0,0,0.33333,0],"texture":"#0"},"up":{"uv":[12,6,11.33333,5.66667],"texture":"#0"},"down":{"uv":[6.66667,11.33333,6,11.66667],"texture":"#0"}}},{"from":[6,15,6.75],"to":[7.5,15,7.25],"rotation":{"angle":-45,"axis":"z","origin":[6,15,6]},"faces":{"north":{"uv":[0,0,0.66667,0],"texture":"#0"},"east":{"uv":[0,0,0.33333,0],"texture":"#0"},"south":{"uv":[0,0,0.66667,0],"texture":"#0"},"west":{"uv":[0,0,0.33333,0],"texture":"#0"},"up":{"uv":[6,11.66667,5.33333,11.33333],"texture":"#0"},"down":{"uv":[12,5.33333,11.33333,5.66667],"texture":"#0"}}},{"from":[2.5,15,6],"to":[4,15,6.5],"rotation":{"angle":45,"axis":"z","origin":[4,15,6]},"faces":{"north":{"uv":[0,0,0.66667,0],"texture":"#0"},"east":{"uv":[0,0,0.33333,0],"texture":"#0"},"south":{"uv":[0,0,0.66667,0],"texture":"#0"},"west":{"uv":[0,0,0.33333,0],"texture":"#0"},"up":{"uv":[12,1,11.33333,0.66667],"texture":"#0"},"down":{"uv":[12,1,11.33333,1.33333],"texture":"#0"}}},{"from":[2.5,15,6.75],"to":[4,15,7.25],"rotation":{"angle":45,"axis":"z","origin":[4,15,6]},"faces":{"north":{"uv":[0,0,0.66667,0],"texture":"#0"},"east":{"uv":[0,0,0.33333,0],"texture":"#0"},"south":{"uv":[0,0,0.66667,0],"texture":"#0"},"west":{"uv":[0,0,0.33333,0],"texture":"#0"},"up":{"uv":[3.33333,11.66667,2.66667,11.33333],"texture":"#0"},"down":{"uv":[4,11.33333,3.33333,11.66667],"texture":"#0"}}},{"from":[2.5,15,7.5],"to":[4,15,8],"rotation":{"angle":45,"axis":"z","origin":[4,15,6]},"faces":{"north":{"uv":[0,0,0.66667,0],"texture":"#0"},"east":{"uv":[0,0,0.33333,0],"texture":"#0"},"south":{"uv":[0,0,0.66667,0],"texture":"#0"},"west":{"uv":[0,0,0.33333,0],"texture":"#0"},"up":{"uv":[4.66667,11.66667,4,11.33333],"texture":"#0"},"down":{"uv":[5.33333,11.33333,4.66667,11.66667],"texture":"#0"}}},{"from":[5.25,16,7.25],"to":[5.75,17,7.75],"rotation":{"angle":0,"axis":"y","origin":[13,2,14]},"faces":{"north":{"uv":[2.66667,11.66667,3,12],"texture":"#0"},"east":{"uv":[11.66667,2.66667,12,3],"texture":"#0"},"south":{"uv":[3,11.66667,3.33333,12],"texture":"#0"},"west":{"uv":[11.66667,3,12,3.33333],"texture":"#0"},"up":{"uv":[3.66667,12,3.33333,11.66667],"texture":"#0"},"down":{"uv":[12,3.33333,11.66667,3.66667],"texture":"#0"}}},{"from":[4.25,16,7.25],"to":[4.75,17,7.75],"rotation":{"angle":0,"axis":"y","origin":[-3,2,14]},"faces":{"north":{"uv":[11.66667,1.33333,12,1.66667],"texture":"#0"},"east":{"uv":[1.66667,11.66667,2,12],"texture":"#0"},"south":{"uv":[11.66667,1.66667,12,2],"texture":"#0"},"west":{"uv":[2,11.66667,2.33333,12],"texture":"#0"},"up":{"uv":[12,2.33333,11.66667,2],"texture":"#0"},"down":{"uv":[12,2.33333,11.66667,2.66667],"texture":"#0"}}},{"from":[2,0,3],"to":[14,14,10],"rotation":{"angle":0,"axis":"y","origin":[0,0,14]},"faces":{"north":{"uv":[0,0,4,4],"texture":"#0"},"east":{"uv":[4,0,6.33333,4],"texture":"#0"},"south":{"uv":[0,4,4,8],"texture":"#0"},"west":{"uv":[4,4,6.33333,8],"texture":"#0"},"up":{"uv":[10.33333,2.33333,6.33333,0],"texture":"#0"},"down":{"uv":[10.33333,2.33333,6.33333,4.66667],"texture":"#0"}}},{"from":[14,0,3],"to":[15,6,7],"rotation":{"angle":0,"axis":"y","origin":[0,0,14]},"faces":{"north":{"uv":[0,10.66667,0.33333,12.66667],"texture":"#0"},"east":{"uv":[0,8,1.33333,10],"texture":"#0"},"south":{"uv":[0.33333,10.66667,0.66667,12.66667],"texture":"#0"},"west":{"uv":[1.33333,8,2.66667,10],"texture":"#0"},"up":{"uv":[11.33333,1.33333,11,0],"texture":"#0"},"down":{"uv":[1,11,0.66667,12.33333],"texture":"#0"}}},{"from":[0,0,3],"to":[2,6,7],"rotation":{"angle":0,"axis":"y","origin":[16,0,14]},"faces":{"north":{"uv":[10.33333,0,11,2],"texture":"#0"},"east":{"uv":[2.66667,8,4,10],"texture":"#0"},"south":{"uv":[10.33333,2,11,4],"texture":"#0"},"west":{"uv":[4,8,5.33333,10],"texture":"#0"},"up":{"uv":[8.66667,11.66667,8,10.33333],"texture":"#0"},"down":{"uv":[9.33333,10.33333,8.66667,11.66667],"texture":"#0"}}},{"from":[0.25,6,4.25],"to":[2,8,6],"rotation":{"angle":0,"axis":"y","origin":[16,0,14]},"faces":{"north":{"uv":[1,11,1.66667,11.66667],"texture":"#0"},"east":{"uv":[11,1.33333,11.66667,2],"texture":"#0"},"south":{"uv":[1.66667,11,2.33333,11.66667],"texture":"#0"},"west":{"uv":[11,2,11.66667,2.66667],"texture":"#0"},"up":{"uv":[11.66667,3.33333,11,2.66667],"texture":"#0"},"down":{"uv":[11.66667,3.33333,11,4],"texture":"#0"}}},{"from":[0.75,8,4.75],"to":[1.5,8.75,5.5],"rotation":{"angle":0,"axis":"y","origin":[16,0,14]},"faces":{"north":{"uv":[3.66667,11.66667,4,12],"texture":"#0"},"east":{"uv":[11.66667,3.66667,12,4],"texture":"#0"},"south":{"uv":[4,11.66667,4.33333,12],"texture":"#0"},"west":{"uv":[4.33333,11.66667,4.66667,12],"texture":"#0"},"up":{"uv":[5,12,4.66667,11.66667],"texture":"#0"},"down":{"uv":[5.33333,11.66667,5,12],"texture":"#0"}}},{"from":[0.5,8.75,4.5],"to":[1.75,9,5.75],"rotation":{"angle":0,"axis":"y","origin":[16,0,14]},"faces":{"north":{"uv":[5.33333,11.66667,5.66667,12],"texture":"#0"},"east":{"uv":[5.66667,11.66667,6,12],"texture":"#0"},"south":{"uv":[6,11.66667,6.33333,12],"texture":"#0"},"west":{"uv":[6.33333,11.66667,6.66667,12],"texture":"#0"},"up":{"uv":[7,12,6.66667,11.66667],"texture":"#0"},"down":{"uv":[12,6.66667,11.66667,7],"texture":"#0"}}},{"from":[4,0,10],"to":[12,5,12],"rotation":{"angle":0,"axis":"y","origin":[0,0,14]},"faces":{"north":{"uv":[6.33333,4.66667,9,6.33333],"texture":"#0"},"east":{"uv":[10.33333,4,11,5.66667],"texture":"#0"},"south":{"uv":[6.33333,6.33333,9,8],"texture":"#0"},"west":{"uv":[10.33333,5.66667,11,7.33333],"texture":"#0"},"up":{"uv":[10.66667,10.33333,8,9.66667],"texture":"#0"},"down":{"uv":[2.66667,10,0,10.66667],"texture":"#0"}}}],"display":{"thirdperson_righthand":{"rotation":[76,153,0],"scale":[0.4,0.4,0.4]},"thirdperson_lefthand":{"rotation":[76,153,0],"scale":[0.4,0.4,0.4]},"firstperson_righthand":{"rotation":[0,-13,0],"translation":[0,6.75,3],"scale":[0.5,0.5,0.5]},"firstperson_lefthand":{"rotation":[0,-13,0],"translation":[0,6.75,3],"scale":[0.5,0.5,0.5]},"ground":{"scale":[0.6,0.6,0.6]},"gui":{"rotation":[40,129,0],"translation":[-0.25,0,0],"scale":[0.6,0.6,0.6]},"head":{"translation":[0,-50,7.75],"scale":[1.2,1.2,1.2]},"fixed":{"rotation":[-90,0,0],"translation":[0,0,-14],"scale":[2,2,2]}},"groups":[{"name":"teamseas_backpack","origin":[8,8,8],"color":0,"children":[{"name":"Weapon","origin":[0,0,14],"color":0,"children":[0,1,2,3,4,5,6,7,8]},{"name":"teamseas_backpack","origin":[0,0,14],"color":0,"children":[9,10,11,12,13,14,15,16,17,18]},{"name":"Crab","origin":[7,13,6],"color":0,"children":[19,20,21,22,23,24,25,26,27,28,29]},30,31,32,33,34,35,36]}]}