{"credit":"MadewithBlockbench","texture_size":[48,48],"textures":{"0":"cosmetics/totem_mask","particle":"cosmetics/totem_mask"},"elements":[{"from":[2,0,3],"to":[14,16,6],"rotation":{"angle":0,"axis":"y","origin":[0,0,4]},"faces":{"north":{"uv":[0,0,4,5.33333],"texture":"#0"},"east":{"uv":[4.66667,8,5.66667,13.33333],"texture":"#0"},"south":{"uv":[4,0,8,5.33333],"texture":"#0"},"west":{"uv":[5.66667,8,6.66667,13.33333],"texture":"#0"},"up":{"uv":[12,2.66667,8,1.66667],"texture":"#0"},"down":{"uv":[12,2.66667,8,3.66667],"texture":"#0"}}},{"from":[4,16,4],"to":[12,17,5],"rotation":{"angle":0,"axis":"y","origin":[0,0,4]},"faces":{"north":{"uv":[9.66667,4.33333,12.33333,4.66667],"texture":"#0"},"east":{"uv":[10.66667,7.66667,11,8],"texture":"#0"},"south":{"uv":[10.66667,5.33333,13.33333,5.66667],"texture":"#0"},"west":{"uv":[2.66667,11.66667,3,12],"texture":"#0"},"up":{"uv":[13.33333,6,10.66667,5.66667],"texture":"#0"},"down":{"uv":[13.33333,6,10.66667,6.33333],"texture":"#0"}}},{"from":[0,15,4.5],"to":[16,23,4.5],"rotation":{"angle":0,"axis":"y","origin":[0,0,4]},"faces":{"north":{"uv":[0,5.33333,5.33333,8],"texture":"#0"},"east":{"uv":[0,0,0,2.66667],"texture":"#0"},"south":{"uv":[0,5.33333,5.33333,8],"texture":"#0"},"west":{"uv":[0,0,0,2.66667],"texture":"#0"},"up":{"uv":[5.33333,0,0,0],"texture":"#0"},"down":{"uv":[5.33333,0,0,0],"texture":"#0"}}},{"from":[0,10,3],"to":[2,11,5],"rotation":{"angle":0,"axis":"y","origin":[0,0,4]},"faces":{"north":{"uv":[11,8.66667,11.66667,9],"texture":"#0"},"east":{"uv":[11,9,11.66667,9.33333],"texture":"#0"},"south":{"uv":[11,9.33333,11.66667,9.66667],"texture":"#0"},"west":{"uv":[11,9.66667,11.66667,10],"texture":"#0"},"up":{"uv":[11.33333,7.66667,10.66667,7],"texture":"#0"},"down":{"uv":[9,10.66667,8.33333,11.33333],"texture":"#0"}}},{"from":[0,8,3],"to":[2,9,5],"rotation":{"angle":0,"axis":"y","origin":[0,0,4]},"faces":{"north":{"uv":[11,10.66667,11.66667,11],"texture":"#0"},"east":{"uv":[11,11,11.66667,11.33333],"texture":"#0"},"south":{"uv":[3.66667,11.33333,4.33333,11.66667],"texture":"#0"},"west":{"uv":[11.33333,7,12,7.33333],"texture":"#0"},"up":{"uv":[9.66667,11.33333,9,10.66667],"texture":"#0"},"down":{"uv":[10.33333,10.66667,9.66667,11.33333],"texture":"#0"}}},{"from":[0,9,3],"to":[1,10,5],"rotation":{"angle":0,"axis":"y","origin":[0,0,4]},"faces":{"north":{"uv":[3,11.66667,3.33333,12],"texture":"#0"},"east":{"uv":[11.33333,7.33333,12,7.66667],"texture":"#0"},"south":{"uv":[3.66667,11.66667,4,12],"texture":"#0"},"west":{"uv":[11.33333,7.66667,12,8],"texture":"#0"},"up":{"uv":[8.33333,11.66667,8,11],"texture":"#0"},"down":{"uv":[11.66667,8,11.33333,8.66667],"texture":"#0"}}},{"from":[15,9,3],"to":[16,10,5],"rotation":{"angle":0,"axis":"y","origin":[16,0,4]},"faces":{"north":{"uv":[11.66667,3.66667,12,4],"texture":"#0"},"east":{"uv":[8.33333,11.33333,9,11.66667],"texture":"#0"},"south":{"uv":[4,11.66667,4.33333,12],"texture":"#0"},"west":{"uv":[9,11.33333,9.66667,11.66667],"texture":"#0"},"up":{"uv":[10,12,9.66667,11.33333],"texture":"#0"},"down":{"uv":[10.33333,11.33333,10,12],"texture":"#0"}}},{"from":[14,10,3],"to":[16,11,5],"rotation":{"angle":0,"axis":"y","origin":[16,0,4]},"faces":{"north":{"uv":[11.33333,10,12,10.33333],"texture":"#0"},"east":{"uv":[10.33333,11.33333,11,11.66667],"texture":"#0"},"south":{"uv":[11.33333,10.33333,12,10.66667],"texture":"#0"},"west":{"uv":[11,11.33333,11.66667,11.66667],"texture":"#0"},"up":{"uv":[11,11.33333,10.33333,10.66667],"texture":"#0"},"down":{"uv":[0.66667,11,0,11.66667],"texture":"#0"}}},{"from":[14,8,3],"to":[16,9,5],"rotation":{"angle":0,"axis":"y","origin":[16,0,4]},"faces":{"north":{"uv":[0,11.66667,0.66667,12],"texture":"#0"},"east":{"uv":[0.66667,11.66667,1.33333,12],"texture":"#0"},"south":{"uv":[1.33333,11.66667,2,12],"texture":"#0"},"west":{"uv":[2,11.66667,2.66667,12],"texture":"#0"},"up":{"uv":[1.33333,11.66667,0.66667,11],"texture":"#0"},"down":{"uv":[2,11,1.33333,11.66667],"texture":"#0"}}},{"from":[5,-2,3],"to":[11,0,5],"rotation":{"angle":0,"axis":"y","origin":[0,0,4]},"faces":{"north":{"uv":[1.66667,9.66667,3.66667,10.33333],"texture":"#0"},"east":{"uv":[2,11,2.66667,11.66667],"texture":"#0"},"south":{"uv":[9.66667,3.66667,11.66667,4.33333],"texture":"#0"},"west":{"uv":[2.66667,11,3.33333,11.66667],"texture":"#0"},"up":{"uv":[11.33333,10.66667,9.33333,10],"texture":"#0"},"down":{"uv":[3.66667,10.33333,1.66667,11],"texture":"#0"}}},{"from":[1,2,2],"to":[15,7,3],"rotation":{"angle":0,"axis":"y","origin":[0,0,4]},"faces":{"north":{"uv":[0,8,4.66667,9.66667],"texture":"#0"},"east":{"uv":[3.66667,9.66667,4,11.33333],"texture":"#0"},"south":{"uv":[8,0,12.66667,1.66667],"texture":"#0"},"west":{"uv":[4,9.66667,4.33333,11.33333],"texture":"#0"},"up":{"uv":[12.66667,5,8,4.66667],"texture":"#0"},"down":{"uv":[12.66667,5,8,5.33333],"texture":"#0"}}},{"from":[11,4,2],"to":[16,7,3],"rotation":{"angle":22.5,"axis":"z","origin":[0,0,4]},"faces":{"north":{"uv":[8,3.66667,9.66667,4.66667],"texture":"#0"},"east":{"uv":[4.33333,9.66667,4.66667,10.66667],"texture":"#0"},"south":{"uv":[9.33333,8,11,9],"texture":"#0"},"west":{"uv":[4.33333,10.66667,4.66667,11.66667],"texture":"#0"},"up":{"uv":[1.66667,11,0,10.66667],"texture":"#0"},"down":{"uv":[12.33333,6.33333,10.66667,6.66667],"texture":"#0"}}},{"from":[0,4,2],"to":[5,7,3],"rotation":{"angle":-22.5,"axis":"z","origin":[16,0,4]},"faces":{"north":{"uv":[9.33333,9,11,10],"texture":"#0"},"east":{"uv":[3.33333,11,3.66667,12],"texture":"#0"},"south":{"uv":[0,9.66667,1.66667,10.66667],"texture":"#0"},"west":{"uv":[11,7.66667,11.33333,8.66667],"texture":"#0"},"up":{"uv":[8.33333,11,6.66667,10.66667],"texture":"#0"},"down":{"uv":[12.33333,6.66667,10.66667,7],"texture":"#0"}}},{"from":[7,4,1.5],"to":[9,12,3],"rotation":{"angle":0,"axis":"y","origin":[0,0,4]},"faces":{"north":{"uv":[6.66667,8,7.33333,10.66667],"texture":"#0"},"east":{"uv":[7.33333,8,8,10.66667],"texture":"#0"},"south":{"uv":[8,8,8.66667,10.66667],"texture":"#0"},"west":{"uv":[8.66667,8,9.33333,10.66667],"texture":"#0"},"up":{"uv":[7.33333,11.66667,6.66667,11],"texture":"#0"},"down":{"uv":[8,11,7.33333,11.66667],"texture":"#0"}}}],"display":{"thirdperson_righthand":{"rotation":[56,0,0],"translation":[0,-2,0],"scale":[0.6,0.6,0.6]},"thirdperson_lefthand":{"rotation":[56,0,41],"translation":[0,-2,0],"scale":[0.6,0.6,0.6]},"firstperson_righthand":{"rotation":[0,136,0],"translation":[0,6,0],"scale":[0.7,0.7,0.7]},"firstperson_lefthand":{"rotation":[0,136,0],"translation":[0,6,0],"scale":[0.7,0.7,0.7]},"ground":{"scale":[0.6,0.6,0.6]},"gui":{"rotation":[40,129,0],"translation":[1.75,-1,0],"scale":[0.6,0.6,0.6]},"head":{"translation":[0,0,-1.5],"scale":[1.2,1.2,1.2]},"fixed":{"rotation":[-90,0,0],"translation":[0,7,-18.75],"scale":[2,2,2]}},"groups":[{"name":"totem_mask","origin":[8,8,8],"color":0,"children":[0,1,2,3,4,5,6,7,8,9,10,11,12,13]}]}