{"credit":"MadewithBlockbench","ambientocclusion":false,"texture_size":[32,32],"textures":{"0":"cosmetics/trumpet","particle":"cosmetics/trumpet"},"elements":[{"from":[7.5,4,1],"to":[8.5,5,12],"rotation":{"angle":0,"axis":"y","origin":[0,-4,-2]},"faces":{"north":{"uv":[7.5,3.5,8,4],"texture":"#0"},"east":{"uv":[1,1,6.5,1.5],"texture":"#0"},"south":{"uv":[6.5,7.5,7,8],"texture":"#0"},"west":{"uv":[1,1.5,6.5,2],"texture":"#0"},"up":{"uv":[1.5,7.5,1,2],"texture":"#0"},"down":{"uv":[2,2,1.5,7.5],"texture":"#0"}}},{"from":[8,0.5,7.5],"to":[9,6,8.5],"rotation":{"angle":0,"axis":"y","origin":[0,-4,-2]},"faces":{"north":{"uv":[3.5,2,4,5],"texture":"#0"},"east":{"uv":[4,2,4.5,5],"texture":"#0"},"south":{"uv":[4.5,2,5,5],"texture":"#0"},"west":{"uv":[2,5,2.5,8],"texture":"#0"},"up":{"uv":[7.5,8,7,7.5],"texture":"#0"},"down":{"uv":[8,7,7.5,7.5],"texture":"#0"}}},{"from":[8,7,7.5],"to":[9,7,8.5],"rotation":{"angle":0,"axis":"y","origin":[0,-4,-2]},"faces":{"north":{"uv":[0,0,0.5,0],"texture":"#0"},"east":{"uv":[0,0,0.5,0],"texture":"#0"},"south":{"uv":[0,0,0.5,0],"texture":"#0"},"west":{"uv":[0,0,0.5,0],"texture":"#0"},"up":{"uv":[8,8,7.5,7.5],"texture":"#0"},"down":{"uv":[8.5,1,8,1.5],"texture":"#0"}}},{"from":[8.25,6,8],"to":[8.75,7,8],"rotation":{"angle":0,"axis":"y","origin":[0,-4,-2]},"faces":{"north":{"uv":[8,1.5,8.5,2],"texture":"#0"},"east":{"uv":[0,0,0,0.5],"texture":"#0"},"south":{"uv":[2,8,2.5,8.5],"texture":"#0"},"west":{"uv":[0,0,0,0.5],"texture":"#0"},"up":{"uv":[0.5,0,0,0],"texture":"#0"},"down":{"uv":[0.5,0,0,0],"texture":"#0"}}},{"from":[8,7,6],"to":[9,7,7],"rotation":{"angle":0,"axis":"y","origin":[0,-4,-2]},"faces":{"north":{"uv":[0,0,0.5,0],"texture":"#0"},"east":{"uv":[0,0,0.5,0],"texture":"#0"},"south":{"uv":[0,0,0.5,0],"texture":"#0"},"west":{"uv":[0,0,0.5,0],"texture":"#0"},"up":{"uv":[8.5,2.5,8,2],"texture":"#0"},"down":{"uv":[3,8,2.5,8.5],"texture":"#0"}}},{"from":[8,0.5,6],"to":[9,6,7],"rotation":{"angle":0,"axis":"y","origin":[0,-4,-2]},"faces":{"north":{"uv":[5,2,5.5,5],"texture":"#0"},"east":{"uv":[2.5,5,3,8],"texture":"#0"},"south":{"uv":[3,5,3.5,8],"texture":"#0"},"west":{"uv":[3.5,5,4,8],"texture":"#0"},"up":{"uv":[3.5,8.5,3,8],"texture":"#0"},"down":{"uv":[4,8,3.5,8.5],"texture":"#0"}}},{"from":[8.25,6,6.5],"to":[8.75,7,6.5],"rotation":{"angle":0,"axis":"y","origin":[0,-4,-2]},"faces":{"north":{"uv":[8,3.5,8.5,4],"texture":"#0"},"east":{"uv":[0,0,0,0.5],"texture":"#0"},"south":{"uv":[4,8,4.5,8.5],"texture":"#0"},"west":{"uv":[0,0,0,0.5],"texture":"#0"},"up":{"uv":[0.5,0,0,0],"texture":"#0"},"down":{"uv":[0.5,0,0,0],"texture":"#0"}}},{"from":[8,0.5,9],"to":[9,6,10],"rotation":{"angle":0,"axis":"y","origin":[0,-4,-2]},"faces":{"north":{"uv":[4,5,4.5,8],"texture":"#0"},"east":{"uv":[4.5,5,5,8],"texture":"#0"},"south":{"uv":[5,5,5.5,8],"texture":"#0"},"west":{"uv":[5.5,2,6,5],"texture":"#0"},"up":{"uv":[8.5,4.5,8,4],"texture":"#0"},"down":{"uv":[5,8,4.5,8.5],"texture":"#0"}}},{"from":[8,7,9],"to":[9,7,10],"rotation":{"angle":0,"axis":"y","origin":[0,-4,-2]},"faces":{"north":{"uv":[0,0,0.5,0],"texture":"#0"},"east":{"uv":[0,0,0.5,0],"texture":"#0"},"south":{"uv":[0,0,0.5,0],"texture":"#0"},"west":{"uv":[0,0,0.5,0],"texture":"#0"},"up":{"uv":[8.5,5,8,4.5],"texture":"#0"},"down":{"uv":[5.5,8,5,8.5],"texture":"#0"}}},{"from":[8.25,6,9.5],"to":[8.75,7,9.5],"rotation":{"angle":0,"axis":"y","origin":[0,-4,-2]},"faces":{"north":{"uv":[8,6,8.5,6.5],"texture":"#0"},"east":{"uv":[0,0,0,0.5],"texture":"#0"},"south":{"uv":[6.5,8,7,8.5],"texture":"#0"},"west":{"uv":[0,0,0,0.5],"texture":"#0"},"up":{"uv":[0.5,0,0,0],"texture":"#0"},"down":{"uv":[0.5,0,0,0],"texture":"#0"}}},{"from":[8.5,1,11],"to":[9.5,4,12],"rotation":{"angle":0,"axis":"y","origin":[0,-4,-2]},"faces":{"north":{"uv":[6,6,6.5,7.5],"texture":"#0"},"east":{"uv":[6.5,1,7,2.5],"texture":"#0"},"south":{"uv":[6.5,2.5,7,4],"texture":"#0"},"west":{"uv":[6.5,6,7,7.5],"texture":"#0"},"up":{"uv":[8.5,7,8,6.5],"texture":"#0"},"down":{"uv":[7.5,8,7,8.5],"texture":"#0"}}},{"from":[8.75,2,10.5],"to":[8.75,3,10.75],"rotation":{"angle":0,"axis":"y","origin":[0,-4,-2]},"faces":{"north":{"uv":[0,0,0,0.5],"texture":"#0"},"east":{"uv":[8,7,8.5,7.5],"texture":"#0"},"south":{"uv":[0,0,0,0.5],"texture":"#0"},"west":{"uv":[7.5,8,8,8.5],"texture":"#0"},"up":{"uv":[0,0.5,0,0],"texture":"#0"},"down":{"uv":[0,0,0,0.5],"texture":"#0"}}},{"from":[8.75,2,5.5],"to":[8.75,4,5.75],"rotation":{"angle":0,"axis":"y","origin":[0,-4,-2]},"faces":{"north":{"uv":[0,0,0,1],"texture":"#0"},"east":{"uv":[6,7.5,6.5,8.5],"texture":"#0"},"south":{"uv":[0,0,0,1],"texture":"#0"},"west":{"uv":[7.5,6,8,7],"texture":"#0"},"up":{"uv":[0,0.5,0,0],"texture":"#0"},"down":{"uv":[0,0,0,0.5],"texture":"#0"}}},{"from":[8.75,2.75,5.75],"to":[8.75,3,10.5],"rotation":{"angle":0,"axis":"y","origin":[0,-4,-2]},"faces":{"north":{"uv":[0,0,0,0.5],"texture":"#0"},"east":{"uv":[6,0,8.5,0.5],"texture":"#0"},"south":{"uv":[0,0,0,0.5],"texture":"#0"},"west":{"uv":[6,0.5,8.5,1],"texture":"#0"},"up":{"uv":[0,2.5,0,0],"texture":"#0"},"down":{"uv":[0,0,0,2.5],"texture":"#0"}}},{"from":[8.75,3,10.25],"to":[8.75,3.5,10.75],"rotation":{"angle":0,"axis":"y","origin":[0,-4,-2]},"faces":{"north":{"uv":[0,0,0,0.5],"texture":"#0"},"east":{"uv":[8,7.5,8.5,8],"texture":"#0"},"south":{"uv":[0,0,0,0.5],"texture":"#0"},"west":{"uv":[8,8,8.5,8.5],"texture":"#0"},"up":{"uv":[0,0.5,0,0],"texture":"#0"},"down":{"uv":[0,0,0,0.5],"texture":"#0"}}},{"from":[8.5,1,4],"to":[9.5,4,5],"rotation":{"angle":0,"axis":"y","origin":[0,-4,-2]},"faces":{"north":{"uv":[0,7,0.5,8.5],"texture":"#0"},"east":{"uv":[0.5,7,1,8.5],"texture":"#0"},"south":{"uv":[7,1,7.5,2.5],"texture":"#0"},"west":{"uv":[7,2.5,7.5,4],"texture":"#0"},"up":{"uv":[0.5,9,0,8.5],"texture":"#0"},"down":{"uv":[9,0,8.5,0.5],"texture":"#0"}}},{"from":[8.5,4,4],"to":[9.5,5,16],"rotation":{"angle":0,"axis":"y","origin":[0,-4,-2]},"faces":{"north":{"uv":[0.5,8.5,1,9],"texture":"#0"},"east":{"uv":[0,0,6,0.5],"texture":"#0"},"south":{"uv":[8.5,0.5,9,1],"texture":"#0"},"west":{"uv":[0,0.5,6,1],"texture":"#0"},"up":{"uv":[0.5,7,0,1],"texture":"#0"},"down":{"uv":[1,1,0.5,7],"texture":"#0"}}},{"from":[8.5,4,17],"to":[9.5,5,17],"rotation":{"angle":0,"axis":"y","origin":[0,-4,-2]},"faces":{"north":{"uv":[2,8.5,2.5,9],"texture":"#0"},"east":{"uv":[0,0,0,0.5],"texture":"#0"},"south":{"uv":[8.5,2,9,2.5],"texture":"#0"},"west":{"uv":[0,0,0,0.5],"texture":"#0"},"up":{"uv":[0.5,0,0,0],"texture":"#0"},"down":{"uv":[0.5,0,0,0],"texture":"#0"}}},{"from":[8.5,5,17],"to":[9.5,5,17.5],"rotation":{"angle":0,"axis":"y","origin":[0,-4,-2]},"faces":{"north":{"uv":[0,0,0.5,0],"texture":"#0"},"east":{"uv":[0,0,0.5,0],"texture":"#0"},"south":{"uv":[0,0,0.5,0],"texture":"#0"},"west":{"uv":[0,0,0.5,0],"texture":"#0"},"up":{"uv":[3,9,2.5,8.5],"texture":"#0"},"down":{"uv":[3.5,8.5,3,9],"texture":"#0"}}},{"from":[8.5,4,17],"to":[9.5,4,17.5],"rotation":{"angle":0,"axis":"y","origin":[0,-4,-2]},"faces":{"north":{"uv":[0,0,0.5,0],"texture":"#0"},"east":{"uv":[0,0,0.5,0],"texture":"#0"},"south":{"uv":[0,0,0.5,0],"texture":"#0"},"west":{"uv":[0,0,0.5,0],"texture":"#0"},"up":{"uv":[4,9,3.5,8.5],"texture":"#0"},"down":{"uv":[9,3.5,8.5,4],"texture":"#0"}}},{"from":[8.5,4,17],"to":[8.5,5,17.5],"rotation":{"angle":0,"axis":"y","origin":[0,-4,-2]},"faces":{"north":{"uv":[0,0,0,0.5],"texture":"#0"},"east":{"uv":[4,8.5,4.5,9],"texture":"#0"},"south":{"uv":[0,0,0,0.5],"texture":"#0"},"west":{"uv":[8.5,4,9,4.5],"texture":"#0"},"up":{"uv":[0,0.5,0,0],"texture":"#0"},"down":{"uv":[0,0,0,0.5],"texture":"#0"}}},{"from":[9.5,4,17],"to":[9.5,5,17.5],"rotation":{"angle":0,"axis":"y","origin":[0,-4,-2]},"faces":{"north":{"uv":[0,0,0,0.5],"texture":"#0"},"east":{"uv":[4.5,8.5,5,9],"texture":"#0"},"south":{"uv":[0,0,0,0.5],"texture":"#0"},"west":{"uv":[8.5,4.5,9,5],"texture":"#0"},"up":{"uv":[0,0.5,0,0],"texture":"#0"},"down":{"uv":[0,0,0,0.5],"texture":"#0"}}},{"from":[8.75,4.5,16],"to":[9.25,4.5,17],"rotation":{"angle":0,"axis":"y","origin":[0,-4,-2]},"faces":{"north":{"uv":[0,0,0.5,0],"texture":"#0"},"east":{"uv":[0,0,0.5,0],"texture":"#0"},"south":{"uv":[0,0,0.5,0],"texture":"#0"},"west":{"uv":[0,0,0.5,0],"texture":"#0"},"up":{"uv":[5.5,9,5,8.5],"texture":"#0"},"down":{"uv":[9,5,8.5,5.5],"texture":"#0"}}},{"from":[8.5,1,5],"to":[9.5,2,11],"rotation":{"angle":0,"axis":"y","origin":[0,-4,-2]},"faces":{"north":{"uv":[8.5,5.5,9,6],"texture":"#0"},"east":{"uv":[5.5,5,8.5,5.5],"texture":"#0"},"south":{"uv":[6,8.5,6.5,9],"texture":"#0"},"west":{"uv":[5.5,5.5,8.5,6],"texture":"#0"},"up":{"uv":[6.5,5,6,2],"texture":"#0"},"down":{"uv":[6,6,5.5,9],"texture":"#0"}}},{"from":[12.5,1.25,3.75],"to":[13.5,1.75,3.75],"rotation":{"angle":-22.5,"axis":"y","origin":[0,-4,-2]},"faces":{"north":{"uv":[8.5,6,9,6.5],"texture":"#0"},"east":{"uv":[0,0,0,0.5],"texture":"#0"},"south":{"uv":[6.5,8.5,7,9],"texture":"#0"},"west":{"uv":[0,0,0,0.5],"texture":"#0"},"up":{"uv":[0.5,0,0,0],"texture":"#0"},"down":{"uv":[0.5,0,0,0],"texture":"#0"}}},{"from":[6.5,3,1],"to":[9.5,6,1],"rotation":{"angle":0,"axis":"y","origin":[0,-4,-2]},"faces":{"north":{"uv":[2,2,3.5,3.5],"texture":"#0"},"east":{"uv":[0,0,0,1.5],"texture":"#0"},"south":{"uv":[2,3.5,3.5,5],"texture":"#0"},"west":{"uv":[0,0,0,1.5],"texture":"#0"},"up":{"uv":[1.5,0,0,0],"texture":"#0"},"down":{"uv":[1.5,0,0,0],"texture":"#0"}}},{"from":[6.5,3,0],"to":[6.5,6,1],"rotation":{"angle":0,"axis":"y","origin":[0,-4,-2]},"faces":{"north":{"uv":[0,0,0,1.5],"texture":"#0"},"east":{"uv":[7,6,7.5,7.5],"texture":"#0"},"south":{"uv":[0,0,0,1.5],"texture":"#0"},"west":{"uv":[1,7.5,1.5,9],"texture":"#0"},"up":{"uv":[0,0.5,0,0],"texture":"#0"},"down":{"uv":[0,0,0,0.5],"texture":"#0"}}},{"from":[9.5,3,0],"to":[9.5,6,1],"rotation":{"angle":0,"axis":"y","origin":[16,-4,-2]},"faces":{"north":{"uv":[0,0,0,1.5],"texture":"#0"},"east":{"uv":[7.5,1,8,2.5],"texture":"#0"},"south":{"uv":[0,0,0,1.5],"texture":"#0"},"west":{"uv":[1.5,7.5,2,9],"texture":"#0"},"up":{"uv":[0,0.5,0,0],"texture":"#0"},"down":{"uv":[0,0,0,0.5],"texture":"#0"}}},{"from":[6.5,6,0],"to":[9.5,6,1],"rotation":{"angle":0,"axis":"y","origin":[0,-4,-2]},"faces":{"north":{"uv":[0,0,1.5,0],"texture":"#0"},"east":{"uv":[0,0,0.5,0],"texture":"#0"},"south":{"uv":[0,0,1.5,0],"texture":"#0"},"west":{"uv":[0,0,0.5,0],"texture":"#0"},"up":{"uv":[8,4.5,6.5,4],"texture":"#0"},"down":{"uv":[8,4.5,6.5,5],"texture":"#0"}}},{"from":[6.5,3,0],"to":[9.5,3,1],"rotation":{"angle":0,"axis":"y","origin":[0,-4,-2]},"faces":{"north":{"uv":[0,0,1.5,0],"texture":"#0"},"east":{"uv":[0,0,0.5,0],"texture":"#0"},"south":{"uv":[0,0,1.5,0],"texture":"#0"},"west":{"uv":[0,0,0.5,0],"texture":"#0"},"up":{"uv":[9,3,7.5,2.5],"texture":"#0"},"down":{"uv":[9,3,7.5,3.5],"texture":"#0"}}}],"display":{"thirdperson_righthand":{"translation":[0,4.25,-4.5]},"thirdperson_lefthand":{"translation":[0,4.25,-4.5]},"firstperson_righthand":{"translation":[3.75,4.25,-4.5]},"firstperson_lefthand":{"translation":[3.75,4.25,-4.5]},"gui":{"rotation":[19.25,127,0],"translation":[0,4.25,0],"scale":[0.95,0.95,0.95]}},"groups":[{"name":"Hibiscus_Trumpet","origin":[8,8,8],"color":0,"children":[0,1,2,3,4,5,6,7,8,9,10,11,12,13,14,15,16,17,18,19,20,21,22,23,24,25,26,27,28,29]}]}