{"credit":"MadewithBlockbench","texture_size":[48,48],"textures":{"0":"cosmetics/umbrella_cosmetic"},"elements":[{"from":[7.5,3,7.5],"to":[8.5,24,8.5],"faces":{"north":{"uv":[7.33333,4,7.66667,11],"texture":"#0"},"east":{"uv":[7.66667,4,8,11],"texture":"#0"},"south":{"uv":[8,4,8.33333,11],"texture":"#0"},"west":{"uv":[8.33333,4,8.66667,11],"texture":"#0"},"up":{"uv":[9.66667,8.33333,9.33333,8],"texture":"#0"},"down":{"uv":[9.66667,8.33333,9.33333,8.66667],"texture":"#0"}}},{"from":[7.25,0,7.25],"to":[8.75,3,8.75],"faces":{"north":{"uv":[8.66667,4,9.33333,5],"texture":"#0"},"east":{"uv":[8.66667,5,9.33333,6],"texture":"#0"},"south":{"uv":[8.66667,6,9.33333,7],"texture":"#0"},"west":{"uv":[8.66667,7,9.33333,8],"texture":"#0"},"up":{"uv":[9.33333,8.66667,8.66667,8],"texture":"#0"},"down":{"uv":[9.33333,8.66667,8.66667,9.33333],"texture":"#0"}}},{"from":[7.25,0,8.75],"to":[8.75,1,10.75],"rotation":{"angle":0,"axis":"y","origin":[0,0,16]},"faces":{"north":{"uv":[9.33333,5.33333,10,5.66667],"texture":"#0"},"east":{"uv":[9.33333,5.66667,10,6],"texture":"#0"},"south":{"uv":[9.33333,6,10,6.33333],"texture":"#0"},"west":{"uv":[9.33333,6.33333,10,6.66667],"texture":"#0"},"up":{"uv":[10,4.66667,9.33333,4],"texture":"#0"},"down":{"uv":[10,4.66667,9.33333,5.33333],"texture":"#0"}}},{"from":[7.25,1,9.75],"to":[8.75,2,10.75],"rotation":{"angle":0,"axis":"y","origin":[0,0,16]},"faces":{"north":{"uv":[9.33333,6.66667,10,7],"texture":"#0"},"east":{"uv":[8.66667,9.33333,9,9.66667],"texture":"#0"},"south":{"uv":[9.33333,7,10,7.33333],"texture":"#0"},"west":{"uv":[9.33333,8.66667,9.66667,9],"texture":"#0"},"up":{"uv":[10,7.66667,9.33333,7.33333],"texture":"#0"},"down":{"uv":[10,7.66667,9.33333,8],"texture":"#0"}}},{"from":[-3,21,-3],"to":[-3,24,19],"rotation":{"angle":0,"axis":"y","origin":[8,0,8]},"faces":{"north":{"uv":[0,0,0,1],"texture":"#0","tintindex":0},"east":{"uv":[7.33333,0,14.66667,1],"texture":"#0","tintindex":0},"south":{"uv":[0,0,0,1],"texture":"#0","tintindex":0},"west":{"uv":[7.33333,0,14.66667,1],"texture":"#0","tintindex":0},"up":{"uv":[0,0,0,7.33333],"texture":"#0","tintindex":0},"down":{"uv":[0,0,0,7.33333],"texture":"#0","tintindex":0}}},{"from":[-3,21,-3],"to":[19,24,-3],"rotation":{"angle":0,"axis":"y","origin":[8,0,8]},"faces":{"north":{"uv":[7.33333,0,14.66667,1],"texture":"#0","tintindex":0},"east":{"uv":[0,0,0,1],"texture":"#0","tintindex":0},"south":{"uv":[7.33333,0,14.66667,1],"texture":"#0","tintindex":0},"west":{"uv":[0,0,0,1],"texture":"#0","tintindex":0},"up":{"uv":[0,0,0,7.33333],"rotation":90,"texture":"#0","tintindex":0},"down":{"uv":[0,0,0,7.33333],"rotation":270,"texture":"#0","tintindex":0}}},{"from":[-3,21,19],"to":[19,24,19],"rotation":{"angle":0,"axis":"y","origin":[8,0,8]},"faces":{"north":{"uv":[7.33333,0,14.66667,1],"texture":"#0","tintindex":0},"east":{"uv":[0,0,0,1],"texture":"#0","tintindex":0},"south":{"uv":[7.33333,0,14.66667,1],"texture":"#0","tintindex":0},"west":{"uv":[0,0,0,1],"texture":"#0","tintindex":0},"up":{"uv":[0,7.33333,0,0],"rotation":90,"texture":"#0","tintindex":0},"down":{"uv":[0,7.33333,0,0],"rotation":270,"texture":"#0","tintindex":0}}},{"from":[19,21,-3],"to":[19,24,19],"rotation":{"angle":0,"axis":"y","origin":[8,0,8]},"faces":{"north":{"uv":[0,0,0,1],"texture":"#0","tintindex":0},"east":{"uv":[7.33333,0,14.66667,1],"texture":"#0","tintindex":0},"south":{"uv":[0,0,0,1],"texture":"#0","tintindex":0},"west":{"uv":[7.33333,0,14.66667,1],"texture":"#0","tintindex":0},"up":{"uv":[0,7.33333,0,0],"texture":"#0","tintindex":0},"down":{"uv":[0,7.33333,0,0],"texture":"#0","tintindex":0}}},{"from":[-3,24,-3],"to":[19,24,19],"faces":{"north":{"uv":[0,0,7.33333,0],"texture":"#0","tintindex":0},"east":{"uv":[0,0,7.33333,0],"texture":"#0","tintindex":0},"south":{"uv":[0,0,7.33333,0],"texture":"#0","tintindex":0},"west":{"uv":[0,0,7.33333,0],"texture":"#0","tintindex":0},"up":{"uv":[0,0,7.33333,7.33333],"texture":"#0","tintindex":0},"down":{"uv":[0,0,7.33333,7.33333],"texture":"#0","tintindex":0}}}],"display":{"thirdperson_righthand":{"rotation":[90,0,0],"translation":[0,0.75,8],"scale":[1,1.2,1]},"thirdperson_lefthand":{"rotation":[90,0,0],"translation":[0,0.75,8],"scale":[1,1.2,1]},"firstperson_righthand":{"scale":[1,1.2,1]},"firstperson_lefthand":{"scale":[1,1.2,1]},"ground":{"scale":[0.3,0.3,0.3]},"gui":{"rotation":[18,64,0],"translation":[0,-1.75,0],"scale":[0.4,0.4,0.4]},"head":{"translation":[0,14.25,0]},"fixed":{"rotation":[-90,0,0],"translation":[0,0,-8.75],"scale":[2,2,2]}},"groups":[{"name":"Hibiscus_Umbrella","origin":[8,8,8],"color":0,"children":[0,1,2,3,4,5,6,7,8]}]}