{"credit":"MadewithBlockbench","texture_size":[64,64],"textures":{"1":"cosmetics/vase_wig"},"elements":[{"from":[3.5,0,3.5],"to":[12.5,3,12.5],"faces":{"north":{"uv":[6.25,1.5,8.5,2.25],"texture":"#1"},"east":{"uv":[6.25,2.25,8.5,3],"texture":"#1"},"south":{"uv":[1.75,7.25,4,8],"texture":"#1"},"west":{"uv":[4,7.5,6.25,8.25],"texture":"#1"},"up":{"uv":[2.25,2.25,0,0],"texture":"#1"},"down":{"uv":[2.25,2.25,0,4.5],"texture":"#1"}}},{"from":[4.5,3,4.5],"to":[11.5,9,11.5],"faces":{"north":{"uv":[0,6,1.75,7.5],"texture":"#1"},"east":{"uv":[6,4.5,7.75,6],"texture":"#1"},"south":{"uv":[6,6,7.75,7.5],"texture":"#1"},"west":{"uv":[6.25,0,8,1.5],"texture":"#1"},"up":{"uv":[4,5.75,2.25,4],"texture":"#1"},"down":{"uv":[5.75,4,4,5.75],"texture":"#1"}}},{"from":[4,-6,4],"to":[4,0,12],"faces":{"north":{"uv":[0,0,0,1.5],"texture":"#1"},"east":{"uv":[4.25,0,6.25,1.5],"texture":"#1"},"south":{"uv":[0,0,0,1.5],"texture":"#1"},"west":{"uv":[4.25,1.5,6.25,3],"texture":"#1"},"up":{"uv":[0,2,0,0],"texture":"#1"},"down":{"uv":[0,0,0,2],"texture":"#1"}}},{"from":[4,-8,12],"to":[12,0,12],"rotation":{"angle":0,"axis":"y","origin":[4,-3,8]},"faces":{"north":{"uv":[2.25,0,4.25,2],"texture":"#1"},"east":{"uv":[0,0,0,2],"texture":"#1"},"south":{"uv":[2.25,2,4.25,4],"texture":"#1"},"west":{"uv":[0,0,0,2],"texture":"#1"},"up":{"uv":[2,0,0,0],"texture":"#1"},"down":{"uv":[2,0,0,0],"texture":"#1"}}},{"from":[4,-3,4],"to":[12,3,4],"rotation":{"angle":0,"axis":"y","origin":[4,-3,8]},"faces":{"north":{"uv":[5.75,3,7.75,4.5],"texture":"#1"},"east":{"uv":[0,0,0,1.5],"texture":"#1"},"south":{"uv":[4,5.75,6,7.25],"texture":"#1"},"west":{"uv":[0,0,0,1.5],"texture":"#1"},"up":{"uv":[2,0,0,0],"texture":"#1"},"down":{"uv":[2,0,0,0],"texture":"#1"}}},{"from":[12,-6,4],"to":[12,0,12],"rotation":{"angle":0,"axis":"y","origin":[16,0,0]},"faces":{"north":{"uv":[0,0,0,1.5],"texture":"#1"},"east":{"uv":[0,4.5,2,6],"texture":"#1"},"south":{"uv":[0,0,0,1.5],"texture":"#1"},"west":{"uv":[2,5.75,4,7.25],"texture":"#1"},"up":{"uv":[0,2,0,0],"texture":"#1"},"down":{"uv":[0,0,0,2],"texture":"#1"}}}],"display":{"thirdperson_righthand":{"rotation":[75,45,0],"translation":[0,2.5,0],"scale":[0.375,0.375,0.375]},"thirdperson_lefthand":{"rotation":[75,45,0],"translation":[0,2.5,0],"scale":[0.375,0.375,0.375]},"firstperson_righthand":{"rotation":[1.25,45,0],"translation":[0,2.5,0],"scale":[0.375,0.375,0.375]},"firstperson_lefthand":{"rotation":[1.25,45,0],"translation":[0,2.5,0],"scale":[0.375,0.375,0.375]},"ground":{"translation":[0,3,0],"scale":[0.25,0.25,0.25]},"gui":{"rotation":[30,225,0],"translation":[0,2.75,0],"scale":[0.625,0.625,0.625]},"head":{"translation":[0,16.75,0],"scale":[1.7,1.7,1.7]}}}