{"credit":"MadewithBlockbench","texture_size":[64,64],"textures":{"0":"cosmetics/witch_hat","particle":"cosmetics/witch_hat"},"elements":[{"from":[1.5,5.25,1.5],"to":[14.5,6.25,14.5],"rotation":{"angle":0,"axis":"y","origin":[0.5,0,0.5]},"faces":{"north":{"uv":[0,0,3.25,0],"texture":"#0"},"east":{"uv":[0,0,3.25,0],"texture":"#0"},"south":{"uv":[0,0,3.25,0],"texture":"#0"},"west":{"uv":[0,0,3.25,0],"texture":"#0"},"up":{"uv":[3.25,3.25,0,0],"texture":"#0"},"down":{"uv":[3.25,3.25,0,6.5],"texture":"#0"}}},{"name":"head","from":[3.5,6.25,3.5],"to":[12.5,9.25,12.5],"rotation":{"angle":0,"axis":"y","origin":[-0.5,0,0]},"faces":{"north":{"uv":[5.25,6.75,7.5,7.5],"texture":"#0"},"east":{"uv":[5.25,7.5,7.5,8.25],"texture":"#0"},"south":{"uv":[7.5,6.75,9.75,7.5],"texture":"#0"},"west":{"uv":[7.5,7.5,9.75,8.25],"texture":"#0"},"up":{"uv":[5.5,6.75,3.25,4.5],"texture":"#0"},"down":{"uv":[7.75,4.5,5.5,6.75],"texture":"#0"}}},{"name":"head","from":[4.5,7.75,4.5],"to":[11.5,11.75,11.5],"rotation":{"angle":22.5,"axis":"z","origin":[8.25,9.25,9]},"faces":{"north":{"uv":[6,3.5,7.75,4.5],"texture":"#0"},"east":{"uv":[0,6.5,1.75,7.5],"texture":"#0"},"south":{"uv":[1.75,6.75,3.5,7.75],"texture":"#0"},"west":{"uv":[3.5,6.75,5.25,7.75],"texture":"#0"},"up":{"uv":[7.75,1.75,6,0],"texture":"#0"},"down":{"uv":[7.75,1.75,6,3.5],"texture":"#0"}}},{"name":"head","from":[6.25,9.75,5.5],"to":[11.25,14.75,10.5],"rotation":{"angle":45,"axis":"z","origin":[8.25,9.25,9]},"faces":{"north":{"uv":[0,7.5,1.25,8.75],"texture":"#0"},"east":{"uv":[7.75,0,9,1.25],"texture":"#0"},"south":{"uv":[1.25,7.75,2.5,9],"texture":"#0"},"west":{"uv":[7.75,1.25,9,2.5],"texture":"#0"},"up":{"uv":[3.75,9,2.5,7.75],"texture":"#0"},"down":{"uv":[9,2.5,7.75,3.75],"texture":"#0"}}},{"name":"head","from":[-1.75,7.75,8],"to":[9.25,16.75,8],"rotation":{"angle":0,"axis":"y","origin":[8.25,9.25,9]},"faces":{"north":{"uv":[3.25,0,6,2.25],"texture":"#0"},"east":{"uv":[0,0,0,2.25],"texture":"#0"},"south":{"uv":[3.25,2.25,6,4.5],"texture":"#0"},"west":{"uv":[0,0,0,2.25],"texture":"#0"},"up":{"uv":[2.75,0,0,0],"texture":"#0"},"down":{"uv":[2.75,0,0,0],"texture":"#0"}}}],"display":{"thirdperson_righthand":{"translation":[0,1,2.25],"scale":[0.5,0.5,0.5]},"thirdperson_lefthand":{"translation":[0,1,2.25],"scale":[0.5,0.5,0.5]},"firstperson_righthand":{"rotation":[0,111,0],"translation":[0,1.5,0],"scale":[0.5,0.5,0.5]},"firstperson_lefthand":{"rotation":[0,111,0],"translation":[0,1.5,0],"scale":[0.5,0.5,0.5]},"ground":{"scale":[0.5,0.5,0.5]},"gui":{"scale":[0.5,0.5,0.5]},"head":{"rotation":[0,90,0],"translation":[0,9.5,0],"scale":[1.6,1.6,1.6]},"fixed":{"translation":[0,0,-0.25]}},"groups":[{"name":"root","origin":[8,8,8],"color":0,"children":[0]},{"name":"steve","origin":[8,8,8],"color":0,"children":[1,2,3,4]}]}