{"credit":"MadewithBlockbench","textures":{"2":"furnituresplus:furnituresplus/iron_block","3":"furnituresplus:furnituresplus/gray_wool"},"elements":[{"from":[13,7,2],"to":[14,8,13],"faces":{"north":{"uv":[0,0,1,1],"texture":"#2"},"east":{"uv":[0,0,11,1],"texture":"#2"},"south":{"uv":[0,0,1,1],"texture":"#2"},"west":{"uv":[0,0,11,1],"texture":"#2"},"up":{"uv":[0,0,1,11],"texture":"#2"},"down":{"uv":[0,0,1,11],"texture":"#2"}}},{"from":[12,7.4,1],"to":[14,24.8,3],"faces":{"north":{"uv":[0,0,7,16],"texture":"#2"},"east":{"uv":[0,0,7,16],"texture":"#2"},"south":{"uv":[0,0,7,16],"texture":"#2"},"west":{"uv":[0,0,7,16],"texture":"#2"},"up":{"uv":[0,0,1,1],"texture":"#2"},"down":{"uv":[0,0,1,1],"texture":"#2"}}},{"from":[2,7.6,1],"to":[4,21.8,3],"faces":{"north":{"uv":[0,0,7,16],"texture":"#2"},"east":{"uv":[0,0,7,16],"texture":"#2"},"south":{"uv":[0,0,7,16],"texture":"#2"},"west":{"uv":[0,0,7,16],"texture":"#2"},"up":{"uv":[0,0,1,1],"texture":"#2"},"down":{"uv":[0,0,1,1],"texture":"#2"}}},{"from":[1.9,5.6,1],"to":[14.1,7.6,14.9],"faces":{"north":{"uv":[0,0,16,3],"texture":"#2"},"east":{"uv":[0,0,16,3],"texture":"#2"},"south":{"uv":[0,0,16,3],"texture":"#2"},"west":{"uv":[0,0,16,3],"texture":"#2"},"up":{"uv":[0,0,16,16],"texture":"#2"},"down":{"uv":[0,0,16,16],"texture":"#2"}}},{"from":[1.9,-0.1,1],"to":[14.1,1.9,13.4],"faces":{"north":{"uv":[0,0,16,4],"texture":"#2"},"east":{"uv":[0,0,16,4],"texture":"#2"},"south":{"uv":[0,0,16,4],"texture":"#2"},"west":{"uv":[0,0,16,4],"texture":"#2"},"up":{"uv":[0,0,16,16],"texture":"#2"},"down":{"uv":[0,0,16,16],"texture":"#2"}}},{"from":[1.9,-0.1,13.4],"to":[14.1,5.6,14.9],"faces":{"north":{"uv":[0,0,16,16],"texture":"#2"},"east":{"uv":[0,0,16,4],"texture":"#2"},"south":{"uv":[0,0,16,16],"texture":"#2"},"west":{"uv":[0,0,16,4],"texture":"#2"},"up":{"uv":[0,0,16,16],"texture":"#2"},"down":{"uv":[0,0,16,16],"texture":"#2"}}},{"from":[6.6,21.6,1.2],"to":[12.1,24.8,3.4],"faces":{"north":{"uv":[0,0,10,2],"texture":"#2"},"east":{"uv":[0,0,1,2],"texture":"#2"},"south":{"uv":[0,0,10,2],"texture":"#2"},"west":{"uv":[0,0,1,2],"texture":"#2"},"up":{"uv":[0,0,10,1],"texture":"#2"},"down":{"uv":[0,0,10,1],"texture":"#2"}}},{"from":[3.9,12.7,1],"to":[8.7,15.9,3.4],"faces":{"north":{"uv":[0,0,10,2],"texture":"#2"},"east":{"uv":[0,0,1,2],"texture":"#2"},"south":{"uv":[0,0,10,2],"texture":"#2"},"west":{"uv":[0,0,1,2],"texture":"#2"},"up":{"uv":[0,0,10,1],"texture":"#2"},"down":{"uv":[0,0,10,1],"texture":"#2"}}},{"from":[4,18.4,1],"to":[9.1,21.8,2.8],"faces":{"north":{"uv":[0,0,10,2],"texture":"#2"},"east":{"uv":[0,0,1,2],"texture":"#2"},"south":{"uv":[0,0,10,2],"texture":"#2"},"west":{"uv":[0,0,1,2],"texture":"#2"},"up":{"uv":[0,0,10,1],"texture":"#2"},"down":{"uv":[0,0,10,1],"texture":"#2"}}},{"from":[8,14,1.2],"to":[12.1,19,3.1],"faces":{"north":{"uv":[0,0,10,2],"texture":"#2"},"east":{"uv":[0,0,1,2],"texture":"#2"},"south":{"uv":[0,0,10,2],"texture":"#2"},"west":{"uv":[0,0,1,2],"texture":"#2"},"up":{"uv":[0,0,10,1],"texture":"#2"},"down":{"uv":[0,0,10,1],"texture":"#2"}}},{"from":[3,7,12],"to":[13,8,13],"faces":{"north":{"uv":[0,0,10,1],"texture":"#2"},"east":{"uv":[0,0,1,1],"texture":"#2"},"south":{"uv":[0,0,10,1],"texture":"#2"},"west":{"uv":[0,0,1,1],"texture":"#2"},"up":{"uv":[0,0,10,1],"texture":"#2"},"down":{"uv":[0,0,10,1],"texture":"#2"}}},{"from":[1.7,6.9,3],"to":[14.4,9,15.2],"faces":{"north":{"uv":[0,0,12.5,2],"texture":"#3"},"east":{"uv":[0,0,15.1,4.5],"texture":"#3"},"south":{"uv":[0,0,16,3],"texture":"#3"},"west":{"uv":[0,0,14.1,4.5],"texture":"#3"},"up":{"uv":[0,0,16,16],"texture":"#3"},"down":{"uv":[0,0,16,16],"texture":"#3"}}}],"display":{"thirdperson_righthand":{"rotation":[75,45,0],"translation":[0,2.5,0],"scale":[0.375,0.375,0.375]},"thirdperson_lefthand":{"rotation":[75,45,0],"translation":[0,2.5,0],"scale":[0.375,0.375,0.375]},"firstperson_righthand":{"rotation":[0,45,0],"scale":[0.4,0.4,0.4]},"firstperson_lefthand":{"rotation":[0,45,0],"scale":[0.4,0.4,0.4]},"ground":{"translation":[0,2,0],"scale":[0.5,0.5,0.5]},"gui":{"rotation":[30,45,0],"translation":[0,-0.6,0],"scale":[0.5,0.5,0.5]},"head":{"translation":[0,-30.4,0],"scale":[1.6,1.6,1.6]},"fixed":{"rotation":[-90,180,0],"translation":[0,0,-14],"scale":[2.01,2.01,2.01]}}}